st_case_year,STATE,ST_CASE,VE_TOTAL,VE_FORMS,PVH_INVL,PEDS,PERNOTMVIT,PERMVIT,PERSONS,COUNTY,CITY,DAY,MONTH,YEAR,DAY_WEEK,HOUR,MINUTE,NHS,ROAD_FNC,ROUTE,TWAY_ID,TWAY_ID2,MILEPT,LATITUDE,LONGITUD,SP_JUR,HARM_EV,MAN_COLL,RELJCT1,RELJCT2,TYP_INT,WRK_ZONE,REL_ROAD,LGT_COND,WEATHER1,WEATHER2,WEATHER,SCH_BUS,RAIL,NOT_HOUR,NOT_MIN,ARR_HOUR,ARR_MIN,HOSP_HR,HOSP_MN,CF1,CF2,CF3,FATALS,DRUNK_DR,idno
240098_2013,24,240098,1,1,0,2,2,1,1,3,0,12,4,2013,6,21,25,0,14,3,SR-177,NULL,0,39.10732222,-76.49236667,0,8,0,0,1,1,0,2,3,1,0,1,0,0000000,99,99,99,99,99,99,15,0,0,1,0,212
240099_2013,24,240099,2,2,0,0,0,2,2,33,0,3,4,2013,4,9,23,0,14,3,SR-704,CR-360,13,38.90751944,-76.89412778,0,12,6,0,3,3,0,1,1,1,0,1,0,0000000,99,99,99,99,99,99,0,0,0,1,0,213
240100_2013,24,240100,1,1,0,0,0,1,1,5,0,29,4,2013,2,0,15,0,4,4,CR-3997,NULL,7,39.43624722,-76.52280556,0,31,0,0,1,1,0,4,3,1,0,1,0,0000000,99,99,99,99,88,88,0,0,0,1,1,214
240101_2013,24,240101,2,2,0,0,0,2,2,45,1380,24,4,2013,4,14,46,0,14,6,"E. MAIN STREET","DAVIS STREET",0,38.365625,-75.58688056,0,12,6,0,2,2,0,1,1,1,0,1,0,0000000,99,99,99,99,99,99,0,0,0,1,0,215
240102_2013,24,240102,1,1,0,1,1,1,1,17,0,1,5,2013,4,1,26,1,13,2,US-301,NULL,240,38.63450556,-76.90238611,0,8,0,0,1,1,0,1,2,1,0,1,0,0000000,99,99,99,99,88,88,0,0,0,1,0,216
240103_2013,24,240103,2,2,0,0,0,2,2,21,0,9,5,2013,5,17,51,0,4,3,SR-464,CR-281,47,39.32818611,-77.55429722,0,12,6,0,2,2,0,1,1,1,0,1,0,0000000,99,99,99,99,99,99,0,0,0,1,0,217
240104_2013,24,240104,1,1,0,0,0,1,1,35,0,17,4,2013,4,11,8,0,6,4,CR-64,NULL,1,39.18369167,-75.75522222,0,42,0,0,1,1,0,4,1,1,0,1,0,0000000,99,99,99,99,88,88,0,0,0,1,0,218
240105_2013,24,240105,2,2,0,0,0,2,2,5,0,10,4,2013,4,18,24,1,11,1,I-95,NULL,149,39.32398056,-76.52730833,0,12,1,0,1,1,0,1,1,1,0,1,0,0000000,99,99,99,99,99,99,0,0,0,1,0,219
240106_2013,24,240106,3,2,1,3,3,2,2,43,0,30,4,2013,3,18,43,1,1,1,I-70,NULL,382,39.53764167,-77.60621944,0,8,0,0,1,1,0,1,1,1,0,1,0,0000000,99,99,99,99,99,99,23,14,15,1,0,220
240107_2013,24,240107,1,1,0,0,0,1,1,25,0,10,5,2013,6,0,3,0,5,3,SR-440,NULL,9,39.64454167,-76.30501667,0,42,0,0,1,1,0,6,2,1,0,1,0,0000000,99,99,99,99,99,99,0,0,0,1,1,221
240108_2013,24,240108,2,2,0,0,0,2,2,17,0,11,5,2013,7,5,25,1,13,2,US-301,CR-1436,252,38.64736111,-76.88813056,0,12,2,0,2,2,0,1,4,10,0,10,0,0000000,99,99,99,99,99,99,0,0,0,1,1,222
240109_2013,24,240109,1,1,0,0,0,1,1,11,0,13,5,2013,2,17,30,0,3,3,SR-331,NULL,31,38.73926389,-75.92050556,0,34,0,0,1,1,0,4,1,1,0,1,0,0000000,99,99,99,99,88,88,0,0,0,1,0,223
240110_2013,24,240110,1,1,0,1,1,2,2,5,0,10,5,2013,6,20,51,0,13,3,SR-151,NULL,72,39.29521389,-76.52310278,0,8,0,0,1,1,0,1,2,1,0,1,0,0000000,99,99,99,99,99,99,0,0,0,1,0,224
240111_2013,24,240111,2,2,0,0,0,2,2,9,0,18,5,2013,7,16,29,0,4,3,SR-2,"NURSERY RD",4,38.42652222,-76.46334167,0,12,6,0,2,3,0,1,1,10,0,10,0,0000000,99,99,99,99,99,99,0,0,0,1,0,225
240112_2013,24,240112,2,2,0,0,0,2,2,35,0,25,5,2013,7,17,52,0,4,3,SR-544,CO-383,47,39.21936944,-75.9519,0,12,6,0,2,2,0,1,1,1,0,1,0,0000000,99,99,99,99,99,99,0,0,0,1,1,226
240113_2013,24,240113,1,1,0,1,1,0,0,5,0,25,3,2013,2,11,29,0,5,4,CR-3940,NULL,0,39.42997778,-76.40808611,0,8,0,0,1,1,0,5,1,1,0,1,0,0000000,99,99,99,99,99,99,24,0,0,1,0,227
240114_2013,24,240114,1,1,0,1,1,2,2,21,580,2,5,2013,5,0,30,0,14,3,SR-355,NULL,0,39.4185,-77.41037222,0,19,0,0,1,1,0,5,3,1,0,1,0,0000000,99,99,99,99,99,99,0,0,0,1,1,228
240115_2013,24,240115,1,1,0,1,1,1,1,25,0,20,5,2013,2,23,0,0,3,3,SR-20,NULL,29,39.43857778,-76.34489444,0,8,0,0,1,1,0,1,3,1,0,1,0,0000000,99,99,99,99,99,99,0,0,0,1,0,229
240116_2013,24,240116,1,1,0,1,1,1,1,31,0,26,4,2013,6,20,36,0,16,4,CR-4119,NULL,5,39.15298889,-77.19904167,0,8,0,0,1,1,0,1,3,1,0,1,0,0000000,99,99,99,99,99,99,0,0,0,1,0,230
240117_2013,24,240117,2,2,0,0,0,5,5,35,0,10,4,2013,4,16,2,0,5,4,CR-200,NULL,25,38.93966944,-76.29888056,0,12,6,0,1,1,0,1,1,1,0,1,0,0000000,99,99,99,99,99,99,0,0,0,4,0,231
240118_2013,24,240118,1,1,0,0,0,4,4,5,0,21,4,2013,1,6,27,0,13,2,US-40,SR-700,160,39.34245278,-76.46842222,0,26,0,0,3,3,0,3,4,1,0,1,0,0000000,99,99,99,99,99,99,0,0,0,2,1,232
240119_2013,24,240119,1,1,0,1,1,1,1,510,50,24,4,2013,4,20,0,0,13,6,"N. FULTON AVE",NULL,0,39.30709167,-76.64620833,0,8,0,0,1,1,0,1,3,1,0,1,0,0000000,99,99,99,99,99,99,0,0,0,1,0,233
240120_2013,24,240120,1,1,0,0,0,1,1,45,0,1,5,2013,4,22,44,0,15,4,CR-406,NULL,37,38.39275556,-75.57203056,0,53,0,0,1,1,0,4,3,1,0,1,0,0000000,99,99,99,99,88,88,0,0,0,1,0,234
240121_2013,24,240121,1,1,0,1,1,1,1,5,0,1,5,2013,4,17,8,0,14,4,CR-4718,NULL,1,39.32129722,-76.43477778,0,8,0,0,1,1,0,1,1,1,0,1,0,0000000,99,99,99,99,99,99,0,0,0,1,0,235
240122_2013,24,240122,1,1,0,1,1,4,4,31,0,9,5,2013,5,16,37,0,14,3,SR-586,CR-4339,38,39.05308611,-77.07689167,0,33,0,0,3,2,0,4,1,1,0,1,0,0000000,99,99,99,99,99,99,0,0,0,1,0,236
240123_2013,24,240123,1,1,0,1,1,1,1,5,0,10,5,2013,6,7,44,0,14,4,CR-1700,NULL,0,39.37745833,-76.72981111,0,8,0,0,1,1,0,1,1,1,0,1,0,0000000,99,99,99,99,99,99,0,0,0,1,0,237
240124_2013,24,240124,1,1,0,1,1,1,1,25,10,15,5,2013,4,4,53,0,13,2,US-40,NULL,39,39.51760278,-76.15349167,0,8,0,0,1,1,0,1,3,1,0,1,0,0000000,99,99,99,99,99,99,0,0,0,1,0,238
240125_2013,24,240125,2,2,0,0,0,2,2,13,0,22,5,2013,4,9,25,0,3,3,SR-91,NULL,16,39.480125,-76.90885556,0,12,2,0,1,1,0,1,1,1,0,1,0,0000000,99,99,99,99,99,99,0,0,0,1,0,239
240126_2013,24,240126,1,1,0,0,0,1,1,5,0,25,5,2013,7,3,19,0,16,4,CR-3989,NULL,2,39.43049167,-76.46000278,0,17,0,0,1,1,0,4,3,1,0,1,0,0000000,99,99,99,99,88,88,0,0,0,1,1,240
240127_2013,24,240127,1,1,0,1,1,1,1,21,0,18,5,2013,7,16,42,0,4,4,CR-461,NULL,0,39.49923889,-77.34824444,8,8,0,0,1,1,0,7,1,1,0,1,0,0000000,99,99,99,99,99,99,0,0,0,1,0,241
240128_2013,24,240128,2,2,0,0,0,2,2,27,0,30,5,2013,5,6,9,0,16,4,CR-2549,CR-496,0,39.18304444,-76.76719722,0,12,6,0,2,2,0,1,4,1,0,1,0,0000000,99,99,99,99,88,88,0,0,0,1,0,242
240129_2013,24,240129,2,2,0,0,0,5,5,5,0,1,6,2013,7,12,16,1,11,1,I-95,NULL,0,39.25249444,-76.67968611,0,12,6,1,5,1,0,1,1,1,0,1,0,0000000,99,99,99,99,99,99,0,0,0,1,0,243
240130_2013,24,240130,1,1,0,0,0,1,1,17,0,1,6,2013,7,17,53,0,6,4,CR-102,NULL,0,38.50909722,-76.83510833,0,1,0,0,1,1,0,4,1,1,0,1,0,0000000,99,99,99,99,88,88,0,0,0,1,1,244
240131_2013,24,240131,1,1,0,0,0,1,1,19,0,7,6,2013,6,15,51,0,4,3,SR-16,NULL,12,38.48844722,-76.267325,0,42,0,0,1,1,0,6,1,2,0,2,0,0000000,99,99,99,99,88,88,0,0,0,1,0,245
240132_2013,24,240132,2,2,0,0,0,2,2,9,0,17,6,2013,2,16,26,1,2,3,SR-2,"SIXES RD",162,38.51003333,-76.56423611,0,12,6,0,2,3,0,1,1,1,0,1,0,0000000,99,99,99,99,99,99,0,0,0,1,0,246
240133_2013,24,240133,1,1,0,1,1,4,4,5,1585,16,4,2013,3,10,51,0,13,3,SR-139,NULL,29,39.40976944,-76.63103056,0,8,0,0,1,1,0,1,1,1,0,1,0,0000000,99,99,99,99,99,99,0,0,0,1,0,247
240134_2013,24,240134,2,2,0,0,0,4,4,27,0,27,4,2013,7,20,12,1,11,1,I-95,NULL,82,39.20600278,-76.74983889,0,12,1,0,1,1,0,1,2,1,0,1,0,0000000,99,99,99,99,99,99,0,0,0,1,0,248
240135_2013,24,240135,2,2,0,0,0,3,3,31,0,13,4,2013,7,12,35,0,14,4,CR-780,NULL,36,39.07220278,-77.26021944,0,12,2,0,1,1,0,1,1,1,0,1,0,0000000,99,99,99,99,99,99,0,0,0,1,0,249
240136_2013,24,240136,1,1,0,0,0,3,3,510,50,19,1,2013,7,2,27,0,13,3,SR-41,NULL,0,39.36678611,-76.5738,0,33,0,0,1,1,0,4,3,1,0,1,0,0000000,99,99,99,99,99,99,0,0,0,2,0,250
240137_2013,24,240137,1,1,0,0,0,2,2,21,580,5,5,2013,1,1,25,0,6,4,CR-97,NULL,48,39.478975,-77.49305278,0,42,0,0,1,1,0,6,2,1,0,1,0,0000000,99,99,99,99,88,88,0,0,0,1,0,251
240138_2013,24,240138,1,1,0,0,0,1,1,33,0,8,5,2013,4,15,2,0,14,4,CR-599,NULL,24,38.72508889,-76.89619722,0,42,0,0,1,1,0,6,1,1,0,1,0,0000000,99,99,99,99,88,88,0,0,0,1,0,252
240139_2013,24,240139,1,1,0,0,0,1,1,35,0,15,5,2013,4,6,29,0,5,4,CR-173,NULL,15,38.95295278,-76.170775,0,34,0,0,1,1,0,4,1,2,0,2,0,0000000,99,99,99,99,99,99,0,0,0,1,0,253
240140_2013,24,240140,1,1,0,0,0,1,1,13,0,20,5,2013,2,20,51,0,6,6,MU-72,NULL,0,39.61091111,-76.86034167,0,42,0,0,1,1,0,4,3,1,0,1,0,0000000,99,99,99,99,99,99,0,0,0,1,1,254
240141_2013,24,240141,1,1,0,0,0,2,2,45,0,4,3,2013,2,0,51,0,6,4,CR-76,NULL,36,38.32836667,-75.86513056,0,1,0,0,1,1,0,2,2,1,0,1,0,0000000,99,99,99,99,99,99,0,0,0,1,1,255
240142_2013,24,240142,1,1,0,1,1,1,1,33,880,5,5,2013,1,2,28,0,14,3,SR-450,NULL,28,38.94632222,-76.8942,0,8,0,0,1,1,0,1,3,1,0,1,0,0000000,99,99,99,99,99,99,0,0,0,1,0,256
240143_2013,24,240143,2,2,0,1,1,2,2,31,0,16,5,2013,5,8,59,0,13,3,SR-586,SR-97,57,39.03592222,-77.04989444,0,12,11,0,3,3,0,1,1,1,0,1,0,0000000,99,99,99,99,99,99,0,0,0,1,0,257
240144_2013,24,240144,1,1,0,1,1,1,1,31,0,22,5,2013,4,23,8,0,13,3,SR-97,NULL,110,39.15319722,-77.06655278,0,8,0,0,1,1,0,1,3,1,0,1,0,0000000,99,99,99,99,99,99,0,0,0,1,0,258
240145_2013,24,240145,1,1,0,0,0,1,1,510,50,23,5,2013,5,11,31,0,13,6,"WABASH AVE",NULL,0,39.33789444,-76.67519167,0,33,0,0,1,1,0,4,1,1,0,1,0,0000000,99,99,99,99,99,99,0,0,0,1,0,259
240146_2013,24,240146,2,2,0,0,0,3,3,33,0,27,5,2013,2,0,45,1,11,1,I-95,NULL,43,38.80795556,-76.97301389,0,12,1,0,1,1,0,1,3,1,0,1,0,0000000,99,99,99,99,88,88,0,0,0,2,0,260
240147_2013,24,240147,1,1,0,1,1,1,1,31,0,21,5,2013,3,14,34,0,14,4,CR-7009,CR-212,10,39.09311389,-77.19648889,0,8,0,0,2,2,0,1,1,1,0,1,1,0000000,99,99,99,99,99,99,0,0,0,1,0,261
240148_2013,24,240148,3,3,0,0,0,6,6,33,390,9,5,2013,5,19,35,0,14,2,US-1AL,"38TH STREET",4,38.93491944,-76.95091111,0,12,7,0,3,3,0,1,3,1,0,1,0,0000000,99,99,99,99,99,99,0,0,0,1,0,262
240149_2013,24,240149,1,1,0,0,0,1,1,33,0,12,5,2013,1,2,0,0,15,4,CR-4024,NULL,4,38.81205,-76.81751111,0,42,0,0,1,1,0,6,3,5,0,5,0,0000000,99,99,99,99,99,99,0,0,0,1,0,263
240150_2013,24,240150,1,1,0,0,0,1,1,25,0,5,4,2013,6,1,38,0,13,2,US-40,NULL,13,39.4292,-76.35571111,0,35,0,0,1,1,0,4,2,2,0,2,0,0000000,99,99,99,99,88,88,0,0,0,1,1,264
240151_2013,24,240151,3,3,0,0,0,5,5,43,0,4,5,2013,7,12,43,1,11,1,I-70,NULL,87,39.65961111,-78.05863333,0,12,1,0,1,1,0,1,1,1,0,1,0,0000000,99,99,99,99,99,99,0,0,0,2,0,265
240152_2013,24,240152,1,1,0,0,0,1,1,13,0,3,6,2013,2,15,31,0,6,4,CR-596,NULL,10,39.37831667,-77.09986389,0,43,0,0,1,1,0,4,1,1,0,1,0,0000000,99,99,99,99,88,88,0,0,0,1,1,266
240153_2013,24,240153,2,2,0,0,0,2,2,19,0,1,6,2013,7,21,36,0,13,3,SR-16,CR-175,158,38.546175,-76.06405833,0,12,6,0,2,2,0,1,3,1,0,1,0,0000000,99,99,99,99,88,88,0,0,0,1,1,267
240154_2013,24,240154,2,2,0,0,0,2,2,13,0,10,6,2013,2,7,55,0,3,3,SR-194,NULL,44,39.64824444,-77.19528889,0,12,6,0,1,1,0,1,1,2,0,2,0,0000000,99,99,99,99,99,99,0,0,0,1,0,268
240155_2013,24,240155,2,2,0,0,0,2,2,13,0,10,6,2013,2,15,18,0,13,3,SR-32,NULL,11,39.38188056,-76.96718611,0,12,6,0,1,1,0,1,1,2,0,2,0,0000000,99,99,99,99,99,99,0,0,0,1,0,269
240156_2013,24,240156,2,2,0,0,0,3,3,21,0,11,6,2013,3,8,33,0,3,3,SR-194,NULL,34,39.49435833,-77.33083889,0,12,2,0,1,1,0,1,1,1,0,1,0,0000000,99,99,99,99,99,99,0,0,0,1,0,270
240157_2013,24,240157,2,2,0,0,0,4,4,13,0,14,6,2013,6,11,4,0,3,3,SR-31,NULL,53,39.54783889,-77.07714722,0,12,2,0,1,1,0,1,1,1,0,1,0,0000000,99,99,99,99,99,99,0,0,0,1,0,271
240158_2013,24,240158,2,2,0,0,0,3,3,13,0,15,6,2013,7,17,15,0,5,4,CR-585,"ARROWWOOD CIR",6,39.37683056,-77.13239167,0,12,6,0,2,3,0,1,1,1,0,1,0,0000000,99,99,99,99,88,88,0,0,0,1,1,272
240159_2013,24,240159,1,1,0,0,0,1,1,25,0,21,6,2013,6,11,35,1,13,2,US-1,NULL,41,39.53357222,-76.36783333,0,11,0,0,1,1,0,1,1,1,0,1,0,0000000,99,99,99,99,99,99,0,0,0,1,0,273
240160_2013,24,240160,2,2,0,0,0,2,2,3,0,29,6,2013,7,22,14,1,11,1,I-97,NULL,148,39.16727778,-76.64148056,0,12,1,0,1,1,0,1,2,1,0,1,0,0000000,99,99,99,99,99,99,0,0,0,1,1,274
240161_2013,24,240161,1,1,0,0,0,1,1,15,0,29,6,2013,7,20,37,0,4,3,SR-285,NULL,24,39.540125,-75.78191111,0,34,0,0,1,1,0,4,2,1,0,1,0,0000000,99,99,99,99,88,88,0,0,0,1,1,275
240162_2013,24,240162,1,1,0,1,1,2,2,3,0,6,4,2013,7,21,7,0,3,4,CR-2420,NULL,25,39.03699167,-76.47517778,0,8,0,0,1,1,0,1,2,1,0,1,0,0000000,99,99,99,99,88,88,0,0,0,1,1,276
240163_2013,24,240163,1,1,0,1,1,1,1,33,240,8,6,2013,7,1,47,1,11,1,I-95,NULL,130,38.87220556,-76.84343333,0,8,0,0,1,1,0,1,2,2,0,2,0,0000000,99,99,99,99,88,88,0,0,0,1,0,277
240164_2013,24,240164,1,1,0,0,0,1,1,41,480,29,6,2013,7,3,24,0,5,4,CR-40,NULL,20,38.83136944,-76.13781111,0,34,0,0,1,1,0,4,2,1,0,1,0,0000000,99,99,99,99,88,88,0,0,0,1,1,278
240165_2013,24,240165,1,1,0,1,1,1,1,43,0,2,5,2013,5,8,26,0,5,3,SR-632,NULL,1,39.55476667,-77.79582222,0,8,0,0,1,1,0,1,1,1,0,1,0,0000000,99,99,99,99,88,88,0,0,0,1,0,279
240166_2013,24,240166,1,1,0,2,2,1,1,5,0,18,5,2013,7,21,32,0,14,4,CR-3482,SR-147,31,39.38338889,-76.53440278,0,8,0,0,2,2,0,1,3,2,0,2,0,0000000,99,99,99,99,99,99,0,0,0,1,0,280
240167_2013,24,240167,1,1,0,0,0,2,2,3,1018,7,4,2013,1,21,9,0,4,4,CR-5461,NULL,0,39.10510278,-76.62935556,0,25,0,0,1,1,0,4,2,1,0,1,0,0000000,99,99,99,99,99,99,0,0,0,1,1,281
240168_2013,24,240168,1,1,0,0,0,1,1,45,0,1,5,2013,4,20,3,0,3,3,SR-12,NULL,5,38.28285556,-75.52698889,0,32,0,0,1,1,0,4,2,1,0,1,0,0000000,99,99,99,99,99,99,0,0,0,1,0,282
240169_2013,24,240169,3,3,0,0,0,4,4,33,1620,25,5,2013,7,13,30,0,14,3,SR-382,NULL,128,38.76443056,-76.75509722,0,12,11,0,1,1,0,1,1,1,0,1,0,0000000,99,99,99,99,99,99,0,0,0,1,0,283
240170_2013,24,240170,1,1,0,1,1,1,1,25,835,9,4,2013,3,20,11,0,3,5,"MD -00007","CO - 00282",227,39.44652222,-76.33442778,0,8,0,0,1,1,0,1,2,1,0,1,0,0000000,99,99,99,99,99,99,0,0,0,1,0,284
240171_2013,24,240171,2,2,0,0,0,3,3,5,0,29,4,2013,2,16,8,0,14,4,CR-4095,NULL,29,39.36240833,-76.38996111,0,12,2,0,1,1,0,1,1,2,0,2,0,0000000,99,99,99,99,99,99,0,0,0,1,0,285
240172_2013,24,240172,1,1,0,0,0,1,1,23,0,8,5,2013,4,23,30,0,6,4,CR-52,NULL,16,39.6405,-79.365975,0,1,0,0,1,1,0,4,2,2,0,2,0,0000000,99,99,99,99,88,88,0,0,0,1,1,286
240173_2013,24,240173,2,2,0,0,0,5,5,43,0,1,6,2013,7,12,23,1,11,1,I-81,NULL,20,39.61509167,-77.79288889,0,12,2,0,1,1,0,1,1,1,0,1,0,0000000,99,99,99,99,99,99,0,0,0,1,0,287
240174_2013,24,240174,1,1,0,1,1,3,3,5,0,14,6,2013,6,18,15,0,15,4,CR-5295,NULL,8,39.25830278,-76.51693889,0,8,0,0,1,1,0,1,1,1,0,1,0,0000000,99,99,99,99,99,99,0,0,0,1,0,288
240175_2013,24,240175,5,5,0,0,0,10,10,3,0,28,6,2013,6,15,6,1,12,3,SR-295,NULL,142,39.22388333,-76.65088333,1,12,2,0,1,1,0,1,1,1,0,1,0,0000000,99,99,99,99,99,99,0,0,0,1,0,289
240176_2013,24,240176,1,1,0,0,0,1,1,33,1620,28,6,2013,6,19,10,1,13,2,US-301,NULL,68,38.756175,-76.81016111,0,42,0,0,1,1,0,6,1,2,0,2,0,0000000,99,99,99,99,99,99,0,0,0,1,0,290
240177_2013,24,240177,1,1,0,0,0,1,1,23,700,29,6,2013,7,19,31,0,4,3,SR-495,NULL,211,39.67753333,-79.17299444,0,24,0,0,1,1,0,4,1,1,0,1,0,0000000,99,99,99,99,99,99,0,0,0,1,1,291
240178_2013,24,240178,2,2,0,0,0,9,9,11,560,30,6,2013,1,11,54,1,2,3,SR-404,NULL,165,38.80467778,-75.73420556,0,12,2,0,1,1,0,1,1,1,0,1,0,0000000,99,99,99,99,99,99,0,0,0,1,1,292
240179_2013,24,240179,4,4,0,0,0,4,4,33,0,26,6,2013,4,3,32,1,11,1,I-95,NULL,294,39.06751389,-76.91004444,0,12,9,0,1,1,0,1,3,1,0,1,0,0000000,99,99,99,99,88,88,0,0,0,1,0,293
240180_2013,24,240180,1,1,0,0,0,2,2,25,0,1,7,2013,2,7,50,1,11,1,I-95,NULL,63,39.4768,-76.26912778,0,24,0,0,1,1,0,4,1,1,0,1,0,0000000,99,99,99,99,99,99,0,0,0,1,0,294
240181_2013,24,240181,2,2,0,0,0,2,2,5,1023,29,6,2013,7,11,38,0,5,4,CR-229,NULL,28,39.56045556,-76.56885,0,12,1,0,8,1,0,1,1,1,0,1,0,0000000,99,99,99,99,88,88,0,0,0,1,0,295
240182_2013,24,240182,2,2,0,0,0,2,2,5,0,30,6,2013,1,11,40,1,13,3,SR-30,NULL,59,39.55560278,-76.8396,0,1,0,0,1,1,0,1,1,1,0,1,0,0000000,99,99,99,99,99,99,0,0,0,1,0,296
240183_2013,24,240183,1,1,0,0,0,5,5,3,30,4,7,2013,5,19,11,0,16,6,MU-110,NULL,0,38.97605278,-76.50330556,0,5,0,0,1,1,0,1,1,1,0,1,0,0000000,99,99,99,99,99,99,0,0,0,1,0,297
240184_2013,24,240184,2,2,0,0,0,2,2,21,0,5,7,2013,6,9,14,1,12,2,US-15,"MONOCACY BLVD",165,39.46071111,-77.4008,0,12,6,0,2,3,0,1,1,1,0,1,0,0000000,99,99,99,99,99,99,0,0,0,1,0,298
240185_2013,24,240185,1,1,0,1,1,1,1,21,580,2,6,2013,1,17,21,0,14,2,US-40,"WILLOWDALE DR",120,39.41859444,-77.45093889,0,9,0,0,3,2,0,1,1,1,0,1,0,0000000,99,99,99,99,99,99,0,0,0,1,0,299
240186_2013,24,240186,1,1,0,0,0,1,1,3,0,26,6,2013,4,1,44,1,12,3,SR-295,NULL,64,39.13778333,-76.75649722,1,42,0,0,1,1,0,3,2,2,0,2,0,0000000,99,99,99,99,88,88,0,0,0,1,1,300
240187_2013,24,240187,1,1,0,0,0,1,1,33,0,16,6,2013,1,21,52,1,12,2,US-50,NULL,5,38.91758333,-76.92695556,0,1,0,0,1,1,0,3,2,1,0,1,0,0000000,99,99,99,99,88,88,0,0,0,1,1,301
240188_2013,24,240188,1,1,0,0,0,2,2,3,0,8,6,2013,7,14,43,0,15,4,CR-2885,NULL,0,38.94050833,-76.49530278,0,42,0,0,1,1,0,3,1,1,0,1,0,0000000,99,99,99,99,99,99,0,0,0,1,1,302
240189_2013,24,240189,1,1,0,0,0,2,2,31,0,10,6,2013,2,21,41,0,3,3,SR-28,NULL,79,39.13838889,-77.3561,0,42,0,0,1,1,0,6,2,2,0,2,0,0000000,99,99,99,99,99,99,0,0,0,1,0,303
240190_2013,24,240190,1,1,0,0,0,1,1,31,0,19,6,2013,4,3,6,0,13,3,SR-586,NULL,30,39.06039722,-77.08988611,0,30,0,0,1,1,0,4,3,1,0,1,0,0000000,99,99,99,99,99,99,0,0,0,1,0,304
240191_2013,24,240191,1,1,0,0,0,1,1,43,0,18,6,2013,3,23,12,0,3,3,SR-67,NULL,2,39.33830278,-77.68434167,0,53,0,0,1,1,0,4,2,1,0,1,0,0000000,99,99,99,99,88,88,0,0,0,1,1,305
240192_2013,24,240192,1,1,0,0,0,1,1,33,150,26,6,2013,4,10,42,0,14,3,SR-450,NULL,11,38.93900833,-76.92308333,0,33,0,0,1,1,0,4,1,1,0,1,0,0000000,99,99,99,99,99,99,0,0,0,1,0,306
240193_2013,24,240193,2,2,0,0,0,2,2,21,0,25,6,2013,3,9,31,0,4,3,SR-80,NULL,120,39.34029444,-77.23980278,0,12,2,0,1,1,0,1,1,1,0,1,0,0000000,99,99,99,99,88,88,0,0,0,1,0,307
240194_2013,24,240194,1,1,0,0,0,2,2,41,480,27,6,2013,5,13,38,1,13,2,US-50,NULL,128,38.75097222,-76.06483889,0,34,0,0,1,1,0,4,1,1,0,1,0,0000000,99,99,99,99,99,99,0,0,0,2,0,308
240195_2013,24,240195,3,3,0,0,0,3,3,33,0,2,5,2013,5,23,11,1,2,2,US-301,"SHORT CUT RD",24,38.69256667,-76.87201389,0,12,6,0,2,3,0,1,2,1,0,1,0,0000000,99,99,99,99,99,99,0,0,0,2,0,309
240196_2013,24,240196,2,2,0,0,0,6,6,35,0,31,5,2013,6,15,5,0,6,4,CR-310,"COVERFIELDS DR",1,39.00204167,-76.30303889,0,12,7,0,2,2,0,1,1,1,0,1,0,0000000,99,99,99,99,99,99,0,0,0,1,0,310
240197_2013,24,240197,3,3,0,0,0,6,6,31,0,9,6,2013,1,21,48,0,13,3,SR-97,CR-2039,58,39.07086389,-77.063325,0,12,6,0,2,2,0,1,3,1,0,1,0,0000000,99,99,99,99,99,99,0,0,0,3,1,311
240198_2013,24,240198,2,2,0,0,0,2,2,33,170,12,6,2013,4,3,6,0,13,3,SR-197,"LONDON LN",19,38.95615,-76.74516944,0,12,6,0,2,2,0,1,3,1,0,1,0,0000000,99,99,99,99,99,99,0,0,0,1,0,312
240199_2013,24,240199,2,2,0,0,0,4,4,25,0,27,6,2013,5,20,42,0,6,4,CR-1510,"MERCEDES DR",3,39.47864167,-76.23468889,0,12,2,0,1,1,0,1,3,1,0,1,0,0000000,99,99,99,99,99,99,0,0,0,1,0,313
240200_2013,24,240200,2,2,0,0,0,4,4,19,0,29,6,2013,7,15,40,0,13,3,SR-16,"WOODS RD",158,38.54618333,-76.06395,0,12,6,0,2,2,0,1,1,1,0,1,0,0000000,99,99,99,99,99,99,0,0,0,1,0,314
240201_2013,24,240201,2,2,0,0,0,3,3,23,0,27,6,2013,5,13,20,0,4,3,SR-495,"GLENDALE RD",90,39.53081667,-79.24080556,0,12,6,0,2,3,0,1,1,1,0,1,0,0000000,99,99,99,99,99,99,0,0,0,1,0,315
240202_2013,24,240202,1,1,0,0,0,1,1,5,0,10,7,2013,4,1,50,0,4,4,CR-6933,NULL,2,39.45454722,-76.49531667,0,35,0,0,1,1,0,4,3,1,0,1,0,0000000,99,99,99,99,88,88,0,0,0,1,1,316
240203_2013,24,240203,1,1,0,0,0,1,1,5,0,5,7,2013,6,4,49,0,13,3,SR-147,NULL,33,39.41465278,-76.51011944,0,42,0,0,1,1,0,6,3,1,0,1,0,0000000,99,99,99,99,99,99,0,0,0,1,0,317
240204_2013,24,240204,1,1,0,0,0,5,5,15,0,28,7,2013,1,19,2,0,16,4,CR-267,NULL,20,39.58439444,-75.8096,0,18,0,0,1,1,0,4,1,1,0,1,0,0000000,99,99,99,99,99,99,0,0,0,1,0,318