st_case_year,STATE,ST_CASE,VE_TOTAL,VE_FORMS,PVH_INVL,PEDS,PERNOTMVIT,PERMVIT,PERSONS,COUNTY,CITY,DAY,MONTH,YEAR,DAY_WEEK,HOUR,MINUTE,NHS,ROAD_FNC,ROUTE,TWAY_ID,TWAY_ID2,MILEPT,LATITUDE,LONGITUD,SP_JUR,HARM_EV,MAN_COLL,RELJCT1,RELJCT2,TYP_INT,WRK_ZONE,REL_ROAD,LGT_COND,WEATHER1,WEATHER2,WEATHER,SCH_BUS,RAIL,NOT_HOUR,NOT_MIN,ARR_HOUR,ARR_MIN,HOSP_HR,HOSP_MN,CF1,CF2,CF3,FATALS,DRUNK_DR,idno
240205_2013,24,240205,1,1,0,0,0,1,1,43,0,15,7,2013,2,1,30,0,4,3,SR-491,NULL,61,39.70607222,-77.48884722,0,39,0,0,1,1,0,6,3,1,0,1,0,0000000,99,99,99,99,88,88,0,0,0,1,1,319
240206_2013,24,240206,1,1,0,1,1,1,1,33,170,14,7,2013,1,19,26,9,99,4,CR-6591,NULL,99999,38.970325,-76.77934444,0,8,0,0,1,1,0,1,5,1,0,1,0,0000000,99,99,99,99,99,99,0,0,0,1,0,320
240207_2013,24,240207,3,3,0,0,0,8,8,45,0,7,7,2013,1,11,29,1,2,2,US-50,CR-539,117,38.41000278,-75.643125,0,12,6,0,2,2,0,1,1,1,0,1,0,0000000,99,99,99,99,99,99,0,0,0,1,0,321
240208_2013,24,240208,2,2,0,0,0,2,2,13,0,7,7,2013,1,20,20,0,3,3,SR-32,NULL,68,39.44201111,-76.93391111,0,12,2,0,1,1,0,1,1,1,0,1,0,0000000,99,99,99,99,88,88,0,0,0,1,0,322
240209_2013,24,240209,1,1,0,0,0,1,1,33,170,22,7,2013,2,13,6,0,16,3,SR-978,SR-214,0,38.90287778,-76.74273056,0,33,0,0,3,2,0,4,1,1,0,1,0,0000000,99,99,99,99,99,99,0,0,0,1,0,323
240210_2013,24,240210,1,1,0,0,0,1,1,3,0,10,7,2013,4,7,1,1,12,3,SR-10,NULL,56,39.18588611,-76.60399167,0,42,0,0,1,1,0,6,1,1,0,1,0,0000000,99,99,99,99,88,88,0,0,0,1,0,324
240211_2013,24,240211,1,1,0,0,0,2,2,5,0,12,7,2013,6,5,37,0,13,2,US-40,NULL,201,39.36463889,-76.44103333,0,42,0,0,1,1,0,4,3,99,0,99,0,0000000,99,99,99,99,88,88,0,0,0,2,1,325
240212_2013,24,240212,2,2,0,0,0,2,2,27,0,16,7,2013,3,12,3,0,13,2,US-1,"KIT KAT RD",65,39.17866111,-76.77124167,0,12,6,0,2,3,0,1,1,1,0,1,0,0000000,99,99,99,99,88,88,0,0,0,1,0,326
240213_2013,24,240213,1,1,0,1,1,2,2,3,0,17,7,2013,4,15,5,0,15,3,SR-648,CR-2136,0,39.08823333,-76.54956111,0,9,0,0,2,2,0,1,1,1,0,1,0,0000000,99,99,99,99,99,99,0,0,0,1,0,327
240214_2013,24,240214,2,2,0,0,0,2,2,45,0,16,7,2013,3,4,34,0,4,3,SR-349,NULL,75,38.30482222,-75.84446111,0,12,2,0,1,1,0,1,2,1,0,1,0,0000000,99,99,99,99,99,99,0,0,0,1,1,328
240215_2013,24,240215,1,1,0,0,0,2,2,3,0,17,7,2013,4,1,34,0,3,3,SR-424,NULL,78,39.0155,-76.68792778,0,33,0,0,1,1,0,4,3,1,0,1,0,0000000,99,99,99,99,99,99,0,0,0,1,1,329
240216_2013,24,240216,1,1,0,1,1,1,1,15,0,5,7,2013,6,2,44,1,2,2,US-1,NULL,15,39.67374167,-76.16672222,0,8,0,0,1,1,0,1,2,1,0,1,0,0000000,99,99,99,99,99,99,0,0,0,1,0,330
240217_2013,24,240217,1,1,0,1,1,2,2,41,0,28,7,2013,1,22,18,1,2,2,US-50,NULL,150,38.72193056,-76.06611667,0,8,0,0,1,1,0,1,2,1,0,1,0,0000000,99,99,99,99,99,99,0,0,0,1,1,331
240218_2013,24,240218,2,2,0,0,0,5,5,25,0,20,7,2013,7,21,20,0,4,3,SR-543,NULL,36,39.50851111,-76.27528611,0,12,6,0,1,1,0,1,1,1,0,1,0,0000000,99,99,99,99,99,99,0,0,0,1,1,332
240219_2013,24,240219,1,1,0,1,1,1,1,5,0,20,7,2013,7,0,27,0,13,3,SR-150,NULL,32,39.30891944,-76.47449722,0,8,0,0,1,1,0,1,3,1,0,1,0,0000000,99,99,99,99,99,99,0,0,0,1,0,333
240220_2013,24,240220,1,1,0,0,0,1,1,29,0,1,8,2013,5,18,52,0,4,3,SR-445,NULL,119,39.20205556,-76.23310556,0,24,0,0,1,1,0,4,1,1,0,1,0,0000000,99,99,99,99,88,88,0,0,0,1,1,334
240221_2013,24,240221,2,2,0,0,0,2,2,33,0,25,7,2013,5,22,34,1,11,1,I-495,NULL,250,39.02116944,-76.94698056,0,12,1,0,1,1,0,1,3,1,0,1,0,0000000,99,99,99,99,88,88,0,0,0,1,1,335
240222_2013,24,240222,1,1,0,0,0,2,2,43,0,8,8,2013,5,14,5,1,11,1,I-70,NULL,194,39.65220278,-77.89009444,0,24,0,0,1,1,0,4,1,1,0,1,0,0000000,99,99,99,99,99,99,0,0,0,1,0,336
240223_2013,24,240223,2,2,0,0,0,9,9,5,0,17,7,2013,4,17,15,0,14,4,CR-2501,NULL,5,39.30693889,-76.73405833,0,12,2,0,1,1,0,1,1,1,0,1,0,0000000,99,99,99,99,99,99,0,0,0,1,0,337
240224_2013,24,240224,2,2,0,0,0,2,2,15,0,2,8,2013,6,21,9,1,2,2,US-1,"HORSE SHOE RD",48,39.69408611,-76.10141111,0,12,6,0,2,3,0,1,3,1,0,1,0,0000000,99,99,99,99,99,99,0,0,0,1,0,338
240225_2013,24,240225,1,1,0,1,1,1,1,5,0,5,8,2013,2,21,0,0,13,3,SR-150,CO-5141,10,39.29496944,-76.51170833,0,8,0,0,2,2,0,1,3,1,0,1,0,0000000,99,99,99,99,99,99,0,0,0,1,0,339
240226_2013,24,240226,2,1,1,0,1,1,2,5,0,10,8,2013,7,8,11,1,11,1,I-695,NULL,0,39.31008611,-76.50239444,0,14,0,0,1,1,0,2,1,1,0,1,0,0000000,99,99,99,99,88,88,0,0,0,1,0,340
240227_2013,24,240227,2,2,0,0,0,3,3,35,701,11,8,2013,1,18,57,0,4,3,SR-18,NULL,28,38.96901389,-76.24329444,0,12,2,0,1,1,0,1,1,1,0,1,0,0000000,99,99,99,99,99,99,0,0,0,1,1,341
240228_2013,24,240228,2,2,0,0,0,2,2,13,0,4,8,2013,1,0,58,1,2,3,SR-140,NULL,123,39.59844722,-77.04406111,0,12,2,0,1,1,0,1,2,1,0,1,0,0000000,99,99,99,99,99,99,0,0,0,1,1,342
240229_2013,24,240229,1,1,0,0,0,1,1,37,0,11,6,2013,3,11,40,0,5,3,SR-470,NULL,34,38.29889444,-76.74525,0,42,0,0,1,1,0,4,1,1,0,1,0,0000000,99,99,99,99,99,99,0,0,0,1,0,343
240230_2013,24,240230,1,1,0,0,0,1,1,31,0,6,6,2013,5,2,43,0,13,3,SR-193,NULL,37,39.03246389,-77.07409722,0,33,0,0,1,1,0,4,3,1,0,1,0,0000000,99,99,99,99,99,99,0,0,0,1,0,344
240231_2013,24,240231,1,1,0,1,1,1,1,31,0,2,6,2013,1,13,50,0,15,4,CR-164,NULL,0,39.03983611,-77.15702778,0,8,0,0,1,1,0,1,1,1,0,1,0,0000000,99,99,99,99,99,99,0,0,0,1,0,345
240232_2013,24,240232,1,1,0,0,0,2,2,31,0,4,7,2013,5,1,30,0,5,6,MU-77,NULL,11,39.14185556,-77.18664722,0,30,0,0,1,1,0,6,3,1,0,1,0,0000000,99,99,99,99,99,99,0,0,0,1,0,346
240233_2013,24,240233,1,1,0,1,1,1,1,15,520,8,8,2013,5,17,20,0,13,2,US-40,NULL,104,39.611075,-75.91353889,0,8,0,0,1,1,0,2,1,1,0,1,0,0000000,99,99,99,99,88,88,24,0,0,1,0,347
240234_2013,24,240234,1,1,0,0,0,1,1,39,0,2,8,2013,6,3,11,1,2,2,US-13,NULL,169,38.2339,-75.68700278,0,34,0,0,1,1,0,4,2,10,1,10,0,0000000,99,99,99,99,88,88,0,0,0,1,1,348
240235_2013,24,240235,2,2,0,0,0,3,3,5,0,3,8,2013,7,18,33,0,15,4,CR-2250,NULL,22,39.38986389,-76.78488056,0,12,6,0,1,1,0,1,1,2,0,2,0,0000000,99,99,99,99,99,99,0,0,0,1,0,349
240236_2013,24,240236,1,1,0,1,1,1,1,17,1639,1,8,2013,5,1,10,1,2,2,US-301,NULL,198,38.58037222,-76.95519444,0,8,0,0,1,1,0,1,2,2,0,2,0,0000000,99,99,99,99,88,88,0,0,0,1,0,350
240237_2013,24,240237,1,1,0,1,1,1,1,33,1520,5,8,2013,2,0,56,0,13,4,CR-81,NULL,13,38.83520556,-76.90201111,0,8,0,0,1,1,0,1,3,1,0,1,0,0000000,99,99,99,99,99,99,0,0,0,1,0,351
240238_2013,24,240238,1,1,0,0,0,1,1,45,0,11,8,2013,1,2,57,0,6,4,CR-1302,CR-152,0,38.33468611,-75.68058889,0,42,0,0,3,3,0,6,2,1,0,1,0,0000000,99,99,99,99,99,99,0,0,0,1,1,352
240239_2013,24,240239,3,3,0,0,0,3,3,33,0,4,8,2013,1,19,24,1,11,1,I-95,NULL,337,39.11014444,-76.87965833,0,72,0,0,1,1,4,1,1,1,0,1,0,0000000,99,99,99,99,99,99,0,0,0,1,0,353
240240_2013,24,240240,2,2,0,0,0,4,4,43,730,14,8,2013,4,15,43,0,14,6,MU-2547,"HEISTER ST",16,39.6303,-77.76285556,0,12,6,0,2,2,0,1,1,1,0,1,0,0000000,99,99,99,99,99,99,0,0,0,1,0,354
240241_2013,24,240241,2,2,0,0,0,3,3,510,50,8,8,2013,5,13,30,0,14,6,"BALTIMORE ST","MARTIN LUTHER KING BLVD",0,39.28885833,-76.62780833,0,12,6,0,2,2,0,1,1,1,0,1,0,0000000,99,99,99,99,99,99,0,0,0,1,0,355
240242_2013,24,240242,1,1,0,1,1,1,1,3,0,21,8,2013,4,17,23,0,16,4,CR-2749,NULL,10,38.93757222,-76.60132778,0,9,0,0,1,1,0,1,1,1,0,1,0,0000000,99,99,99,99,99,99,0,0,0,1,0,356
240243_2013,24,240243,1,1,0,1,1,1,1,3,0,20,8,2013,3,17,0,0,15,4,CR-1809,NULL,2,99.9999,999.9999,0,8,0,0,1,1,0,1,1,1,0,1,0,0000000,99,99,99,99,88,88,0,0,0,1,0,357
240244_2013,24,240244,1,1,0,0,0,2,2,21,0,25,8,2013,1,12,30,0,5,3,SR-550,NULL,175,39.64918333,-77.43054722,0,72,0,0,1,1,0,1,1,1,0,1,0,0000000,99,99,99,99,99,99,0,0,0,1,0,358
240245_2013,24,240245,3,3,0,0,0,3,3,5,0,20,6,2013,5,6,14,1,11,1,I-95,NULL,27,39.25927222,-76.67462222,0,12,1,0,1,1,0,1,2,1,0,1,0,0000000,99,99,99,99,99,99,0,0,0,1,0,359
240246_2013,24,240246,2,2,0,0,0,3,3,3,0,1,7,2013,2,17,35,0,14,3,SR-173,NULL,0,39.13230556,-76.51507222,0,12,6,0,1,1,0,1,1,1,0,1,0,0000000,99,99,99,99,99,99,0,0,0,1,0,360
240247_2013,24,240247,1,1,0,0,0,2,2,37,0,7,7,2013,1,20,16,1,2,3,SR-235,NULL,224,38.36481944,-76.58921111,0,34,0,0,1,1,0,4,1,1,0,1,0,0000000,99,99,99,99,99,99,0,0,0,1,1,361
240248_2013,24,240248,2,2,0,0,0,2,2,5,0,5,7,2013,6,15,0,0,5,4,CR-2255,NULL,10,39.40441944,-76.81832778,0,1,0,0,1,1,0,1,1,1,0,1,0,0000000,99,99,99,99,99,99,0,0,0,1,0,362
240249_2013,24,240249,2,2,0,0,0,2,2,33,0,13,7,2013,7,0,55,1,11,1,I-95,NULL,147,38.88566667,-76.84423611,0,12,1,0,1,1,0,1,2,1,0,1,0,0000000,99,99,99,99,88,88,0,0,0,1,1,363
240250_2013,24,240250,2,2,0,0,0,2,2,15,0,18,7,2013,5,17,0,0,6,4,CR-8,NULL,15,39.70053889,-76.14449444,0,72,0,0,1,1,0,6,1,1,0,1,0,0000000,99,99,99,99,99,99,0,0,0,1,0,364
240251_2013,24,240251,4,4,0,0,0,4,4,33,0,18,7,2013,5,0,35,1,11,1,I-95,NULL,73,38.81831667,-76.90365278,0,12,1,0,1,1,0,1,2,1,0,1,0,0000000,99,99,99,99,99,99,0,0,0,1,1,365
240252_2013,24,240252,2,2,0,0,0,2,2,21,0,21,7,2013,1,9,58,0,4,3,SR-77,NULL,42,39.63395,-77.46880556,0,1,0,0,1,1,0,1,1,1,0,1,0,0000000,99,99,99,99,99,99,0,0,0,1,0,366
240253_2013,24,240253,1,1,0,1,1,1,1,5,255,29,9,2013,1,22,23,0,6,2,US-40,NULL,147,39.28411667,-76.75482222,0,8,0,0,1,1,0,1,3,1,0,1,0,0000000,99,99,99,99,99,99,0,0,0,1,0,367
240254_2013,24,240254,3,1,2,1,1,1,1,510,50,25,7,2013,5,11,19,1,11,1,I-95,NULL,42,39.26706111,-76.61809444,0,8,0,0,1,1,0,2,1,1,0,1,0,0000000,99,99,99,99,88,88,23,0,0,1,1,368
240255_2013,24,240255,1,1,0,1,1,1,1,15,0,25,7,2013,5,21,5,0,6,4,CR-558,NULL,14,39.55766389,-75.83491111,0,8,0,0,1,1,0,1,2,1,0,1,0,0000000,99,99,99,99,88,88,0,0,0,1,0,369
240256_2013,24,240256,1,1,0,0,0,1,1,1,410,26,7,2013,6,0,52,0,14,6,MU-3690,NULL,4,39.62967778,-78.76671944,0,30,0,0,1,1,0,5,3,1,0,1,0,0000000,99,99,99,99,99,99,0,0,0,1,1,370
240257_2013,24,240257,1,1,0,0,0,1,1,25,0,27,7,2013,7,18,29,0,16,4,CR-456,NULL,20,39.45331944,-76.32110833,0,35,0,0,1,1,0,4,1,1,0,1,0,0000000,99,99,99,99,88,88,0,0,0,1,1,371
240258_2013,24,240258,1,1,0,0,0,1,1,39,0,29,7,2013,2,17,39,0,5,3,SR-667,NULL,80,38.041,-75.74476111,0,42,0,0,1,1,0,6,1,1,0,1,0,0000000,99,99,99,99,99,99,0,0,0,1,0,372
240259_2013,24,240259,1,1,0,1,1,1,1,510,50,30,7,2013,3,17,22,0,13,6,"EASTERN AVE","HORMEL STREET",0,39.287675,-76.53992778,0,8,0,0,2,3,0,1,1,1,0,1,0,0000000,99,99,99,99,99,99,0,0,0,1,0,373
240260_2013,24,240260,1,1,0,0,0,1,1,35,0,24,8,2013,7,20,50,0,5,4,CR-156,NULL,5,38.967375,-76.12173889,0,34,0,0,1,1,0,4,2,1,0,1,0,0000000,99,99,99,99,99,99,0,0,0,1,1,374
240261_2013,24,240261,1,1,0,1,1,1,1,37,0,1,9,2013,1,21,0,0,3,3,SR-235,NULL,60,99.9999,999.9999,0,8,0,0,1,1,0,1,2,1,0,1,0,0000000,99,99,99,99,99,99,0,0,0,1,0,375
240262_2013,24,240262,2,2,0,0,0,5,5,33,1558,12,6,2013,4,21,46,0,13,3,SR-414,CR-123,39,38.82336667,-76.94995278,0,12,6,0,2,2,0,1,3,1,0,1,0,0000000,99,99,99,99,99,99,0,0,0,1,0,376
240263_2013,24,240263,1,1,0,1,1,1,1,27,900,11,6,2013,3,21,20,0,14,3,SR-216,US-29,42,39.14479444,-76.89715,0,8,0,1,20,1,1,1,2,1,0,1,0,0000000,99,99,99,99,88,88,0,0,0,1,0,377
240264_2013,24,240264,1,1,0,0,0,1,1,31,0,1,9,2013,1,1,47,0,13,3,SR-650,NULL,173,39.19978333,-77.02484722,0,42,0,0,1,1,0,4,2,1,0,1,0,0000000,99,99,99,99,88,88,0,0,0,1,1,378
240265_2013,24,240265,1,1,0,0,0,1,1,33,1620,30,8,2013,6,12,30,0,16,4,CR-1505,NULL,9,38.83769444,-76.7632,0,33,0,0,1,1,0,4,1,1,0,1,0,0000000,99,99,99,99,88,88,0,0,0,1,1,379
240266_2013,24,240266,1,1,0,1,1,1,1,33,365,31,8,2013,7,2,26,0,14,4,CR-96,NULL,2,38.77996389,-76.92079444,0,8,0,0,1,1,0,1,3,1,0,1,0,0000000,99,99,99,99,88,88,0,0,0,1,0,380
240267_2013,24,240267,2,2,0,0,0,4,4,9,0,7,8,2013,4,10,49,0,5,4,CR-133,NULL,35,38.70156944,-76.58944167,0,12,6,0,1,1,0,1,1,1,0,1,0,0000000,99,99,99,99,99,99,0,0,0,1,0,381
240268_2013,24,240268,1,1,0,1,1,1,1,33,320,22,8,2013,5,21,26,0,13,3,SR-202,NULL,124,38.92951389,-76.89566111,0,8,0,0,1,1,0,1,3,1,0,1,0,0000000,99,99,99,99,88,88,0,0,0,1,0,382
240269_2013,24,240269,1,1,0,0,0,1,1,5,0,2,9,2013,2,99,99,0,15,4,CR-4542,NULL,17,99.9999,999.9999,0,33,0,0,8,1,0,4,9,1,0,1,0,0000000,99,99,99,99,88,88,0,0,0,1,1,383
240270_2013,24,240270,2,2,0,0,0,3,3,13,0,31,8,2013,7,13,34,1,13,3,SR-140,MU-173,87,39.57233611,-76.98343333,0,12,6,0,2,2,0,1,1,1,0,1,0,0000000,99,99,99,99,99,99,0,0,0,1,0,384
240271_2013,24,240271,1,1,0,0,0,1,1,31,0,30,8,2013,6,17,0,0,16,4,CR-6726,NULL,0,39.19056667,-77.18851944,0,42,0,0,1,1,0,6,1,1,0,1,0,0000000,99,99,99,99,99,99,0,0,0,1,0,385
240272_2013,24,240272,1,1,0,0,0,1,1,13,0,7,9,2013,7,10,10,0,6,4,CR-50,NULL,34,39.69395278,-77.140975,0,38,0,0,1,1,0,6,1,1,0,1,0,0000000,99,99,99,99,88,88,0,0,0,1,0,386
240273_2013,24,240273,2,2,0,0,0,2,2,9,0,10,9,2013,3,2,55,1,2,3,SR-3,NULL,260,99.9999,999.9999,0,12,1,0,1,1,1,1,2,1,0,1,0,0000000,99,99,99,99,99,99,0,0,0,1,0,387
240274_2013,24,240274,1,1,0,0,0,1,1,45,0,6,9,2013,6,7,28,0,5,4,CR-248,NULL,10,99.9999,999.9999,0,34,0,0,1,1,0,4,2,1,0,1,0,0000000,99,99,99,99,88,88,0,0,0,1,1,388
240275_2013,24,240275,1,1,0,0,0,1,1,17,0,12,9,2013,5,23,6,1,2,3,SR-5,NULL,128,38.64798333,-76.87256944,0,33,0,0,1,1,0,4,2,1,0,1,0,0000000,99,99,99,99,88,88,0,0,0,1,1,389
240276_2013,24,240276,2,2,0,0,0,4,4,33,1558,25,8,2013,1,22,23,0,14,4,CR-3675,"ALLENTOWN WAY",26,38.80135278,-76.90471111,0,12,6,0,2,3,0,1,9,1,0,1,0,0000000,99,99,99,99,99,99,0,0,0,1,0,390
240277_2013,24,240277,1,1,0,0,0,1,1,11,0,14,9,2013,7,6,41,0,3,3,SR-313,NULL,229,38.94363889,-75.81215278,0,34,0,0,1,1,0,4,1,1,0,1,0,0000000,99,99,99,99,88,88,0,0,0,1,1,391
240278_2013,24,240278,1,1,0,0,0,1,1,21,1700,14,9,2013,7,16,30,0,4,4,CR-517,NULL,14,39.53618611,-77.32139444,0,42,0,0,1,1,0,6,1,1,0,1,0,0000000,99,99,99,99,88,88,0,0,0,1,1,392
240279_2013,24,240279,1,1,0,0,0,1,1,33,0,16,9,2013,2,6,58,0,13,3,SR-198,NULL,2,39.10251111,-76.90788611,0,33,0,0,1,1,0,3,1,1,0,1,0,0000000,99,99,99,99,99,99,0,0,0,1,0,393
240280_2013,24,240280,2,2,0,0,0,2,2,19,0,11,9,2013,4,17,0,0,3,3,SR-331,SR-16,138,38.65155833,-75.902925,0,12,6,0,2,2,0,1,1,1,0,1,0,0000000,99,99,99,99,99,99,0,0,0,1,0,394
240281_2013,24,240281,1,1,0,0,0,1,1,43,0,21,9,2013,7,1,14,0,6,4,CR-511,NULL,42,39.55621389,-77.87467778,0,42,0,0,1,1,0,6,2,1,0,1,0,0000000,99,99,99,99,99,99,0,0,0,1,1,395
240282_2013,24,240282,1,1,0,1,1,1,1,29,0,21,9,2013,7,11,39,0,4,3,SR-289,NULL,43,39.16166389,-76.11111389,0,9,0,0,1,1,0,1,1,1,0,1,0,0000000,99,99,99,99,99,99,0,0,0,1,0,396
240283_2013,24,240283,1,1,0,0,0,1,1,43,0,25,9,2013,4,17,4,1,11,1,I-70,NULL,274,39.60628889,-77.75765833,0,42,0,0,1,1,0,4,1,1,0,1,0,0000000,99,99,99,99,99,99,0,0,0,1,0,397
240284_2013,24,240284,1,1,0,0,0,1,1,31,0,6,9,2013,6,23,35,0,6,3,SR-44,NULL,8,99.9999,999.9999,0,1,0,0,1,1,0,4,2,1,0,1,0,0000000,99,99,99,99,88,88,0,0,0,1,1,398
240285_2013,24,240285,1,1,0,1,1,1,1,47,0,20,9,2013,6,22,8,1,13,2,US-50,NULL,131,38.33698333,-75.10822778,0,8,0,0,1,1,0,1,2,1,0,1,0,0000000,99,99,99,99,99,99,0,0,0,1,0,399
240286_2013,24,240286,2,2,0,0,0,3,3,5,0,20,9,2013,6,0,53,1,11,1,"I-695 RAMP",SR-147,99999,39.38819167,-76.52829444,0,12,7,0,20,1,0,1,2,1,0,1,0,0000000,99,99,99,99,99,99,0,0,0,1,1,400
240287_2013,24,240287,1,1,0,1,1,8,8,5,0,4,9,2013,4,15,28,0,13,3,SR-147,NULL,3,39.37606944,-76.54074167,0,8,0,0,1,1,0,1,1,1,0,1,0,0000000,99,99,99,99,88,88,0,0,0,1,0,401
240288_2013,24,240288,1,1,0,0,0,3,3,11,0,29,9,2013,1,8,57,0,3,3,SR-311,NULL,38,39.09266944,-75.75832778,0,53,0,0,1,1,0,5,1,1,0,1,0,0000000,99,99,99,99,99,99,0,0,0,2,0,402
240289_2013,24,240289,1,1,0,0,0,1,1,31,0,11,9,2013,4,8,31,0,3,3,SR-108,NULL,50,39.24256389,-77.14321389,0,42,0,0,1,1,0,5,1,1,0,1,0,0000000,99,99,99,99,99,99,0,0,0,1,1,403
240290_2013,24,240290,2,2,0,0,0,3,3,21,0,26,8,2013,2,10,1,0,13,3,SR-194,"DEER RUN DR",32,39.49003333,-77.33485833,0,12,6,0,2,2,0,1,1,1,0,1,0,0000000,99,99,99,99,88,88,0,0,0,1,0,404
240291_2013,24,240291,1,1,0,1,1,1,1,15,0,25,9,2013,4,23,31,0,12,3,SR-279,NULL,11,99.9999,999.9999,0,8,0,0,1,1,0,1,3,1,0,1,0,0000000,99,99,99,99,99,99,0,0,0,1,1,405
240292_2013,24,240292,1,1,0,0,0,1,1,27,0,4,9,2013,4,18,3,1,12,1,I-895,NULL,1,39.22024167,-76.71462222,0,24,0,0,1,1,0,5,1,1,0,1,0,0000000,99,99,99,99,99,99,0,0,0,1,1,406
240293_2013,24,240293,1,1,0,0,0,4,4,33,1610,22,9,2013,1,19,55,0,13,2,US-1,NULL,28,99.9999,999.9999,0,33,0,0,1,1,0,4,3,1,0,1,0,0000000,99,99,99,99,99,99,0,0,0,1,0,407
240294_2013,24,240294,3,3,0,0,0,3,3,25,0,16,8,2013,6,1,59,1,11,1,I-95,NULL,24,39.44726667,-76.32981389,0,12,1,0,1,1,1,1,2,1,0,1,0,0000000,99,99,99,99,88,88,3,0,0,1,1,408
240295_2013,24,240295,2,2,0,0,0,4,4,33,0,18,8,2013,1,22,4,1,11,1,I-95,NULL,131,38.86576111,-76.84595833,0,24,0,0,1,1,0,3,3,1,0,1,0,0000000,99,99,99,99,99,99,0,0,0,1,1,409
240296_2013,24,240296,2,2,0,0,0,3,3,17,0,16,9,2013,2,2,16,1,2,2,US-301,NULL,195,38.58413889,-76.9491,0,12,1,0,1,1,0,1,3,1,0,1,0,0000000,99,99,99,99,88,88,0,0,0,2,1,410
240297_2013,24,240297,4,4,0,0,0,6,6,33,1175,24,8,2013,7,3,23,1,12,3,SR-210,"WILSON BRIDGE DRIVE",120,38.78790278,-76.998175,0,12,1,0,3,3,0,1,2,1,0,1,0,0000000,99,99,99,99,99,99,0,0,0,1,4,411
240298_2013,24,240298,1,1,0,0,0,1,1,27,0,9,6,2013,1,23,38,1,11,1,I-70,NULL,2,39.33795556,-77.05336667,0,31,0,0,1,1,1,4,2,10,0,10,0,0000000,99,99,99,99,99,99,0,0,0,1,0,412
240299_2013,24,240299,1,1,0,0,0,2,2,27,0,26,7,2013,6,19,1,0,6,4,CR-24,NULL,38,39.288875,-77.06960833,0,42,0,0,1,1,0,6,1,1,0,1,0,0000000,99,99,99,99,88,88,0,0,0,2,1,413
240300_2013,24,240300,1,1,0,0,0,1,1,33,0,31,8,2013,7,11,31,0,13,3,"SR-202 RAMP",NULL,75,38.89726944,-76.82952778,0,24,0,1,5,1,0,4,1,1,0,1,0,0000000,99,99,99,99,99,99,0,0,0,1,0,414
240301_2013,24,240301,1,1,0,1,1,1,1,31,0,22,8,2013,5,20,13,0,13,3,SR-97,"HENDERSON AVE",41,39.05063056,-77.05153333,0,8,0,0,2,2,0,1,1,1,0,1,0,0000000,99,99,99,99,99,99,0,0,0,1,0,415
240302_2013,24,240302,1,1,0,1,1,1,1,510,50,3,9,2013,3,3,3,0,13,2,US-1,NULL,0,39.31041389,-76.63071667,0,8,0,0,1,1,0,1,3,1,0,1,0,0000000,99,99,99,99,99,99,0,0,0,1,0,416
240303_2013,24,240303,1,1,0,0,0,1,1,33,1175,13,9,2013,6,3,54,0,14,4,CR-148,NULL,3,38.80061667,-76.98164167,0,42,0,0,1,1,0,4,3,1,0,1,0,0000000,99,99,99,99,99,99,0,0,0,1,1,417
240304_2013,24,240304,1,1,0,0,0,1,1,11,0,6,10,2013,1,17,12,0,3,3,SR-313,NULL,259,38.99005833,-75.79583056,0,1,0,0,1,1,0,6,1,1,0,1,0,0000000,99,99,99,99,99,99,0,0,0,1,0,418
240305_2013,24,240305,1,1,0,1,1,2,2,29,0,25,10,2013,6,6,4,0,3,3,SR-104,NULL,30,39.15183889,-76.20991667,0,11,0,0,1,1,0,1,2,10,0,10,0,0000000,99,99,99,99,88,88,0,0,0,1,1,419
240306_2013,24,240306,2,2,0,0,0,3,3,3,0,4,10,2013,6,12,41,1,13,3,SR-3,SR-32,0,39.06171944,-76.65083611,0,12,6,0,1,1,0,1,1,1,0,1,0,0000000,99,99,99,99,99,99,0,0,0,1,0,420
240307_2013,24,240307,1,1,0,1,1,1,1,33,0,3,10,2013,5,17,34,1,12,3,SR-4,NULL,34,38.81458889,-76.77750278,0,9,0,0,1,1,0,1,1,1,0,1,0,0000000,99,99,99,99,99,99,0,0,0,1,0,421
240308_2013,24,240308,1,1,0,1,1,1,1,510,50,4,10,2013,6,0,37,0,13,6,"NORTH AVE",NULL,0,39.31096944,-76.61941944,0,8,0,0,1,1,0,3,3,1,0,1,0,0000000,99,99,99,99,99,99,0,0,0,1,0,422
240309_2013,24,240309,2,2,0,0,0,2,2,33,0,7,10,2013,2,2,42,1,11,1,I-495,NULL,10,39.01995278,-76.95395,0,12,6,0,1,1,0,1,2,1,0,1,0,0000000,99,99,99,99,99,99,0,0,0,1,1,423
240310_2013,24,240310,1,1,0,0,0,1,1,5,0,26,10,2013,7,1,53,0,14,4,CR-7032,NULL,37,39.41711389,-76.66572222,0,30,0,0,1,1,0,4,3,1,0,1,0,0000000,99,99,99,99,88,88,0,0,0,1,1,424
240311_2013,24,240311,1,1,0,0,0,1,1,33,0,15,10,2013,3,0,44,0,4,3,SR-381,NULL,105,38.67779167,-76.80950556,0,42,0,0,1,1,0,4,3,1,0,1,0,0000000,99,99,99,99,99,99,0,0,0,1,1,425