st_case_year,STATE,ST_CASE,VE_TOTAL,VE_FORMS,PVH_INVL,PEDS,PERNOTMVIT,PERMVIT,PERSONS,COUNTY,CITY,DAY,MONTH,YEAR,DAY_WEEK,HOUR,MINUTE,NHS,ROAD_FNC,ROUTE,TWAY_ID,TWAY_ID2,MILEPT,LATITUDE,LONGITUD,SP_JUR,HARM_EV,MAN_COLL,RELJCT1,RELJCT2,TYP_INT,WRK_ZONE,REL_ROAD,LGT_COND,WEATHER1,WEATHER2,WEATHER,SCH_BUS,RAIL,NOT_HOUR,NOT_MIN,ARR_HOUR,ARR_MIN,HOSP_HR,HOSP_MN,CF1,CF2,CF3,FATALS,DRUNK_DR,idno
240312_2013,24,240312,1,1,0,1,1,1,1,25,0,30,10,2013,4,11,2,1,11,1,I-95,NULL,14,39.44193333,-76.35125833,0,8,0,0,1,1,0,1,1,1,0,1,0,0000000,99,99,99,99,88,88,0,0,0,1,0,426
240313_2013,24,240313,1,1,0,0,0,4,4,17,0,10,6,2013,2,9,8,0,14,4,CR-47,NULL,5,38.60616944,-76.98028889,0,42,0,0,1,1,0,6,1,1,0,1,0,0000000,99,99,99,99,99,99,0,0,0,1,0,427
240314_2013,24,240314,1,1,0,1,1,1,1,17,0,13,7,2013,7,0,53,1,13,3,SR-228,NULL,21,38.65,-76.96060556,0,8,0,0,1,1,0,1,2,1,0,1,0,0000000,99,99,99,99,99,99,0,0,0,1,1,428
240315_2013,24,240315,1,1,0,0,0,2,2,43,0,12,9,2013,5,9,55,1,11,1,I-70,NULL,332,39.5979,-77.66081389,0,1,0,0,1,1,0,3,1,1,0,1,0,0000000,99,99,99,99,99,99,0,0,0,1,0,429
240316_2013,24,240316,1,1,0,1,1,2,2,37,0,3,10,2013,5,17,40,0,3,3,SR-234,NULL,9,38.406425,-76.84443333,0,8,0,0,8,1,0,1,3,1,0,1,0,0000000,99,99,99,99,99,99,0,0,0,1,0,430
240317_2013,24,240317,2,2,0,0,0,3,3,9,0,6,10,2013,1,12,44,0,4,3,SR-263,NULL,32,38.61283889,-76.56345833,0,12,2,0,8,1,0,1,1,1,0,1,0,0000000,99,99,99,99,99,99,0,0,0,2,0,431
240318_2013,24,240318,1,1,0,0,0,1,1,27,0,7,10,2013,2,19,1,1,12,2,US-29,NULL,6,39.21481111,-76.85135,0,41,0,0,1,1,0,6,5,1,0,1,0,0000000,99,99,99,99,88,88,0,0,0,1,1,432
240319_2013,24,240319,2,2,0,0,0,2,2,3,0,7,10,2013,2,12,1,0,4,3,SR-450,NULL,0,38.99113611,-76.63004722,0,12,11,0,1,1,0,1,1,5,2,2,0,0000000,99,99,99,99,99,99,0,0,0,1,0,433
240320_2013,24,240320,2,2,0,0,0,4,4,13,0,9,10,2013,4,18,43,0,16,3,SR-26,CO-1333,119,39.395425,-76.91738056,0,12,6,0,2,3,0,1,2,10,0,10,0,0000000,99,99,99,99,99,99,0,0,0,1,0,434
240321_2013,24,240321,1,1,0,0,0,3,3,17,0,18,10,2013,6,19,32,0,6,4,CR-470,NULL,12,38.57758611,-76.98844167,0,42,0,0,1,1,0,6,2,1,0,1,0,0000000,99,99,99,99,99,99,0,0,0,1,1,435
240322_2013,24,240322,1,1,0,0,0,1,1,33,365,29,10,2013,3,22,58,0,16,4,CR-931,NULL,2,38.78208056,-76.8954,0,33,0,0,1,1,0,4,2,1,0,1,0,0000000,99,99,99,99,88,88,0,0,0,1,1,436
240323_2013,24,240323,1,1,0,0,0,1,1,21,0,5,10,2013,7,2,55,1,2,2,US-15,NULL,88,39.37353333,-77.48294167,0,1,0,0,1,1,0,3,2,1,0,1,0,0000000,99,99,99,99,99,99,0,0,0,1,1,437
240324_2013,24,240324,2,2,0,0,0,3,3,27,0,11,1,2013,6,14,57,0,15,3,SR-121,CR-175,20,39.15428611,-76.77825833,0,12,2,0,2,2,0,1,1,1,0,1,0,0000000,99,99,99,99,99,99,0,0,0,1,0,438
240325_2013,24,240325,1,1,0,0,0,1,1,3,0,14,10,2013,2,4,2,0,4,3,SR-450,NULL,0,38.98872222,-76.59804722,0,30,0,0,1,1,0,4,2,1,0,1,0,0000000,99,99,99,99,88,88,0,0,0,1,1,439
240326_2013,24,240326,8,8,0,0,0,14,14,3,0,27,8,2013,3,16,55,1,2,3,SR-3,NULL,64,39.07017778,-76.63756389,0,12,1,0,1,1,0,1,1,1,0,1,0,0000000,99,99,99,99,99,99,28,0,0,3,0,440
240327_2013,24,240327,1,1,0,0,0,1,1,45,0,17,10,2013,5,23,54,0,6,4,CR-333,NULL,17,38.418925,-75.43788333,0,42,0,0,1,1,0,6,2,1,0,1,0,0000000,99,99,99,99,99,99,0,0,0,1,0,441
240328_2013,24,240328,1,1,0,0,0,1,1,5,0,12,10,2013,7,3,51,0,16,4,CR-7150,NULL,0,39.43791111,-76.77648889,0,33,0,0,1,1,0,4,3,1,0,1,0,0000000,99,99,99,99,88,88,0,0,0,1,1,442
240329_2013,24,240329,2,2,0,0,0,1,1,33,0,10,10,2013,5,4,0,1,11,1,I-95,NULL,195,38.96141944,-76.86698333,0,12,6,0,1,1,0,1,3,2,4,4,0,0000000,99,99,99,99,99,99,19,0,0,1,0,443
240330_2013,24,240330,2,2,0,0,0,3,3,27,0,27,9,2013,6,20,7,0,13,2,US-1,NULL,32,39.14369444,-76.80965556,0,12,2,0,8,1,0,1,3,1,0,1,0,0000000,99,99,99,99,99,99,0,0,0,1,0,444
240331_2013,24,240331,1,1,0,1,1,2,2,47,0,27,10,2013,1,2,19,1,2,2,US-50,NULL,96,38.34261111,-75.15923889,0,8,0,0,1,1,0,1,3,1,0,1,0,0000000,99,99,99,99,99,99,0,0,0,1,0,445
240332_2013,24,240332,3,3,0,0,0,4,4,43,0,23,10,2013,4,14,5,0,3,2,US-40AL,"TOMS RD",62,39.55962778,-77.68404444,0,12,1,0,3,3,0,1,1,1,0,1,0,0000000,99,99,99,99,99,99,0,0,0,1,0,446
240333_2013,24,240333,2,2,0,0,0,3,3,33,885,23,10,2013,4,0,44,0,15,4,CR-302,NULL,12,38.96421667,-76.89167778,0,12,2,0,1,1,0,1,3,1,0,1,0,0000000,99,99,99,99,99,99,0,0,0,1,1,447
240334_2013,24,240334,2,2,0,0,0,5,5,33,1620,28,10,2013,2,19,9,0,14,4,CR-974,NULL,33,38.85608333,-76.82094722,0,12,6,0,1,1,0,1,3,1,0,1,0,0000000,99,99,99,99,99,99,0,0,0,1,0,448
240335_2013,24,240335,2,2,0,0,0,2,2,25,0,26,10,2013,7,11,23,0,13,3,SR-23,CO-60,4,39.5744,-76.42368611,0,12,2,0,2,2,0,1,1,1,0,1,0,0000000,99,99,99,99,99,99,0,0,0,1,0,449
240336_2013,24,240336,2,2,0,0,0,4,4,21,0,31,10,2013,5,16,35,0,3,3,SR-194,NULL,118,39.58486389,-77.25215278,0,12,2,0,1,1,0,1,1,1,0,1,0,0000000,99,99,99,99,99,99,0,0,0,1,0,450
240337_2013,24,240337,2,2,0,0,0,2,2,510,50,31,10,2013,5,2,10,1,11,1,I-895,NULL,37,39.25877222,-76.56825833,0,12,2,0,1,1,0,1,3,1,0,1,0,0000000,99,99,99,99,99,99,0,0,0,1,2,451
240338_2013,24,240338,2,2,0,0,0,2,2,27,0,15,10,2013,3,13,36,0,13,2,US-1,"GORMAN RD",21,39.13336389,-76.81645833,0,12,1,0,3,3,0,1,1,1,0,1,0,0000000,99,99,99,99,99,99,0,0,0,1,0,452
240339_2013,24,240339,4,4,0,0,0,4,4,5,0,14,10,2013,2,11,30,1,11,1,I-695,NULL,271,39.36945278,-76.5135,0,12,1,1,18,1,0,1,1,1,0,1,0,0000000,99,99,99,99,99,99,0,0,0,1,0,453
240340_2013,24,240340,2,2,0,0,0,3,3,33,882,1,11,2013,6,5,54,0,14,3,SR-212,"DREXEL STREET",17,38.98156389,-76.97891667,0,30,0,0,3,3,0,3,3,2,0,2,0,0000000,99,99,99,99,99,99,0,0,0,2,0,454
240341_2013,24,240341,2,2,0,0,0,6,6,33,0,8,11,2013,6,12,40,1,12,3,SR-4,NULL,63,38.81138889,-76.81767222,0,34,0,0,1,1,0,4,1,1,0,1,0,0000000,99,99,99,99,99,99,0,0,0,1,0,455
240342_2013,24,240342,1,1,0,2,2,1,1,47,0,8,11,2013,6,20,2,1,2,2,US-113,SR-376,280,38.32406944,-75.21157222,0,8,0,0,2,2,0,1,3,1,0,1,0,0000000,99,99,99,99,99,99,0,0,0,1,0,456
240343_2013,24,240343,1,1,0,0,0,1,1,11,0,6,11,2013,4,2,45,0,4,3,SR-312,NULL,58,38.97866389,-75.87574167,0,34,0,0,1,1,0,4,2,1,0,1,0,0000000,99,99,99,99,88,88,0,0,0,1,1,457
240344_2013,24,240344,2,2,0,0,0,2,2,15,0,7,11,2013,5,2,17,0,3,2,US-40,NULL,31,39.58051111,-76.0338,0,12,1,0,1,1,0,1,2,1,0,1,0,0000000,99,99,99,99,88,88,20,0,0,1,0,458
240345_2013,24,240345,2,2,0,0,0,3,3,33,0,22,11,2013,6,20,48,0,13,3,SR-214,CR-4638,50,38.89890833,-76.82279444,0,12,6,0,2,2,0,1,3,1,0,1,0,0000000,99,99,99,99,99,99,0,0,0,1,0,459
240346_2013,24,240346,2,2,0,0,0,2,2,31,0,12,11,2013,3,23,27,1,11,1,I-70,NULL,90,39.12080833,-77.19745278,0,12,2,0,1,1,0,1,2,1,0,1,0,0000000,99,99,99,99,99,99,0,0,0,1,1,460
240347_2013,24,240347,3,3,0,0,0,3,3,13,0,1,11,2013,6,5,25,0,3,3,SR-91,"OLD GAMBER RD",9,39.49103889,-76.89468889,0,12,2,0,2,3,0,1,3,1,0,1,0,0000000,99,99,99,99,99,99,0,0,0,1,0,461
240348_2013,24,240348,1,1,0,0,0,1,1,27,0,2,11,2013,7,3,23,0,13,2,US-1,SR-100,74,39.19008611,-76.75496389,0,33,0,1,3,2,0,5,3,1,0,1,0,0000000,99,99,99,99,99,99,0,0,0,1,1,462
240349_2013,24,240349,1,1,0,1,1,1,1,23,0,12,11,2013,3,23,8,1,11,1,I-68,NULL,222,39.68911667,-79.10451389,0,8,0,0,1,1,0,1,2,4,0,4,0,0000000,99,99,99,99,99,99,23,0,0,1,0,463
240350_2013,24,240350,2,2,0,0,0,3,3,31,0,3,11,2013,1,17,59,0,13,3,SR-119,NULL,60,39.15837222,-77.27360833,0,12,2,0,1,1,0,1,3,1,0,1,0,0000000,99,99,99,99,99,99,0,0,0,1,1,464
240351_2013,24,240351,4,4,0,0,0,4,4,25,0,13,11,2013,4,5,49,1,11,1,I-95,NULL,121,39.55343333,-76.15804167,0,12,1,0,1,1,0,1,2,1,0,1,0,0000000,99,99,99,99,99,99,0,0,0,1,0,465
240352_2013,24,240352,2,1,1,2,2,1,1,5,0,14,11,2013,5,11,7,1,11,1,I-695,NULL,263,39.38128333,-76.52025,0,8,0,0,1,1,4,2,1,1,0,1,0,0000000,99,99,99,99,99,99,0,0,0,1,0,466
240353_2013,24,240353,2,2,0,0,0,2,2,3,0,14,11,2013,5,22,54,1,11,1,I-595,NULL,56,38.9713,-76.62257778,0,12,1,0,1,1,0,1,2,1,0,1,0,0000000,99,99,99,99,99,99,0,0,0,1,0,467
240354_2013,24,240354,1,1,0,1,1,1,1,3,673,1,11,2013,6,22,30,1,13,3,SR-003,NULL,176,39.14194722,-76.63200556,0,8,0,0,1,1,0,1,1,1,0,1,0,0000000,99,99,99,99,99,99,0,0,0,1,0,468
240355_2013,24,240355,2,2,0,0,0,2,2,33,0,17,11,2013,1,3,46,1,11,1,I-95,NULL,300,39.07708889,-76.90289722,0,12,2,0,1,1,0,1,2,1,0,1,0,0000000,99,99,99,99,99,99,0,0,0,1,1,469
240356_2013,24,240356,2,2,0,0,0,2,2,33,175,9,11,2013,7,14,21,0,14,4,CR-599,NULL,22,38.72472778,-76.896,0,12,2,0,1,1,0,1,1,1,0,1,0,0000000,99,99,99,99,99,99,0,0,0,1,1,470
240357_2013,24,240357,1,1,0,1,1,1,1,25,0,23,11,2013,7,1,8,0,13,3,SR-24,NULL,10,39.42674444,-76.31027778,0,8,0,0,1,1,0,1,2,10,0,10,0,0000000,99,99,99,99,99,99,0,0,0,1,0,471
240358_2013,24,240358,1,1,0,0,0,1,1,33,175,21,11,2013,5,23,10,0,6,4,CR-226,NULL,2,38.66353333,-76.920925,0,42,0,0,1,1,0,6,2,1,0,1,0,0000000,99,99,99,99,99,99,0,0,0,1,1,472
240359_2013,24,240359,3,3,0,0,0,5,5,5,0,7,11,2013,5,22,3,0,13,3,SR-45,NULL,95,39.50228611,-76.650225,0,12,2,0,1,1,0,1,2,1,0,1,0,0000000,99,99,99,99,99,99,0,0,0,2,3,473
240360_2013,24,240360,1,1,0,1,1,1,1,33,859,1,11,2013,6,20,32,0,14,3,SR-193,CR-4409,183,38.88815556,-76.78361944,0,8,0,0,3,3,0,1,3,1,0,1,0,0000000,99,99,99,99,88,88,0,0,0,1,0,474
240361_2013,24,240361,3,3,0,0,0,3,3,25,0,20,11,2013,4,6,17,0,13,2,US-40,NULL,46,39.44303611,-76.29032778,0,12,1,0,1,1,0,1,4,1,0,1,0,0000000,99,99,99,99,88,88,0,0,0,1,0,475
240362_2013,24,240362,1,1,0,0,0,4,4,23,0,23,11,2013,7,23,3,0,4,2,US-40AL,NULL,164,39.68040556,-78.96306667,0,30,0,0,1,1,0,6,2,4,0,4,0,0000000,99,99,99,99,99,99,0,0,0,1,1,476
240363_2013,24,240363,1,1,0,0,0,1,1,33,1620,10,11,2013,1,3,28,0,15,4,CR-4024,NULL,32,38.81605,-76.77758056,0,42,0,0,1,1,0,5,3,1,0,1,0,0000000,99,99,99,99,88,88,0,0,0,1,1,477
240364_2013,24,240364,2,2,0,0,0,7,7,3,0,22,11,2013,6,8,14,1,11,1,I-97,NULL,138,39.15175833,-76.64516944,0,12,6,0,1,1,0,1,1,10,0,10,0,0000000,99,99,99,99,99,99,0,0,0,1,0,478
240365_2013,24,240365,1,1,0,0,0,1,1,33,565,17,11,2013,1,5,36,0,15,4,CR-1202,NULL,39,38.75808611,-76.99701389,0,30,0,0,1,1,0,5,3,1,0,1,0,0000000,99,99,99,99,99,99,0,0,0,1,1,479
240366_2013,24,240366,1,1,0,1,1,2,2,510,50,30,8,2013,6,22,46,0,13,2,US-1,NULL,0,39.34985,-76.53615278,0,8,0,0,1,1,0,1,3,1,0,1,0,0000000,99,99,99,99,88,88,0,0,0,1,0,480
240367_2013,24,240367,1,1,0,0,0,1,1,510,50,4,9,2013,4,21,32,0,14,2,US-40,NULL,0,39.30290556,-76.54488889,0,33,0,0,1,1,0,4,3,1,0,1,0,0000000,99,99,99,99,99,99,0,0,0,1,1,481
240368_2013,24,240368,1,1,0,0,0,1,1,510,50,23,9,2013,2,19,0,0,14,6,"O'DONNELL STREET",NULL,0,39.28056944,-76.56308056,0,21,0,0,1,1,0,5,3,1,0,1,0,0000000,99,99,99,99,99,99,0,0,0,1,0,482
240369_2013,24,240369,1,1,0,1,1,1,1,15,0,25,10,2013,6,15,30,0,3,2,US-40,NULL,16,39.57575278,-76.05582222,0,8,0,0,1,1,0,1,1,1,0,1,0,0000000,99,99,99,99,99,99,19,0,0,1,0,483
240370_2013,24,240370,1,1,0,1,1,1,1,510,50,30,10,2013,4,5,16,0,13,6,"E. PAPTAPSCO RD","3RD STREET",0,39.23779167,-76.60709444,0,8,0,0,3,2,0,1,3,1,0,1,0,0000000,99,99,99,99,99,99,0,0,0,1,0,484
240371_2013,24,240371,1,1,0,1,1,1,1,37,0,18,11,2013,2,19,55,0,3,3,SR-5,NULL,427,38.473125,-76.77401389,0,8,0,0,1,1,0,1,1,1,0,1,0,0000000,99,99,99,99,88,88,0,0,0,1,0,485
240372_2013,24,240372,1,1,0,0,0,1,1,510,50,24,11,2013,1,1,56,0,13,6,"CATON AVE",NULL,0,39.279,-76.67153333,0,33,0,0,1,1,0,4,3,1,0,1,0,0000000,99,99,99,99,88,88,0,0,0,1,1,486
240373_2013,24,240373,1,1,0,0,0,1,1,5,0,18,11,2013,2,18,10,0,13,6,"LOCH RAVEN DRIVE",NULL,3,39.43393056,-76.54656944,0,24,0,0,1,1,0,4,2,1,0,1,0,0000000,99,99,99,99,99,99,0,0,0,1,0,487
240374_2013,24,240374,3,1,2,1,1,1,1,510,50,5,7,2013,6,21,20,0,13,2,US-1,NULL,0,39.31546111,-76.58073333,0,14,0,0,1,1,0,7,3,1,0,1,0,0000000,99,99,99,99,99,99,15,14,0,1,1,488
240375_2013,24,240375,1,1,0,0,0,1,1,15,0,17,11,2013,1,17,10,0,6,4,CR-41,NULL,21,39.6812,-76.12026944,0,11,0,0,1,1,0,1,2,1,0,1,0,0000000,99,99,99,99,88,88,0,0,0,1,0,489
240376_2013,24,240376,3,2,1,0,0,3,3,13,0,28,11,2013,5,0,58,0,6,6,"BUFFALO RD",NULL,5,39.42075,-77.14442778,0,12,2,0,1,1,0,1,2,1,0,1,0,0000000,99,99,99,99,99,99,0,0,0,2,1,490
240377_2013,24,240377,2,2,0,0,0,2,2,19,0,25,11,2013,2,15,48,1,2,2,US-50,NULL,81,38.53965,-75.9448,0,12,1,0,1,1,0,1,1,1,0,1,0,0000000,99,99,99,99,88,88,0,0,0,1,0,491
240378_2013,24,240378,1,1,0,0,0,1,1,31,0,3,11,2013,1,1,20,0,13,3,SR-185,NULL,56,39.04868889,-77.07535,0,33,0,0,1,1,0,4,3,1,0,1,0,0000000,99,99,99,99,99,99,0,0,0,1,0,492
240379_2013,24,240379,2,2,0,0,0,4,4,45,430,19,2,2013,3,20,2,1,2,2,US-13,NULL,141,38.43163889,-75.56368333,0,12,11,0,1,1,0,1,2,1,0,1,0,0000000,99,99,99,99,99,99,19,0,0,1,1,493
240380_2013,24,240380,1,1,0,0,0,1,1,33,0,24,4,2013,4,14,16,1,12,3,SR-295,NULL,115,39.06223611,-76.835775,1,1,0,0,1,1,0,3,1,1,0,1,0,0000000,99,99,99,99,99,99,0,0,0,1,0,494
240381_2013,24,240381,2,2,0,0,0,2,2,17,0,27,11,2013,4,16,54,1,2,3,SR-5BU,NULL,14,38.62252778,-76.904075,0,12,2,0,1,1,0,1,2,2,0,2,0,0000000,99,99,99,99,99,99,0,0,0,1,1,495
240382_2013,24,240382,1,1,0,1,1,1,1,33,569,26,11,2013,3,6,15,1,12,3,SR-4,NULL,97,38.84124444,-76.87478333,0,8,0,0,1,1,0,1,3,1,0,1,0,0000000,99,99,99,99,99,99,0,0,0,1,0,496
240383_2013,24,240383,5,5,0,0,0,10,10,33,170,22,11,2013,6,11,52,9,13,3,SR-197,"LONDON LANE",19,38.956875,-76.74591111,0,33,0,0,3,2,0,3,1,1,0,1,0,0000000,99,99,99,99,99,99,0,0,0,1,0,497
240384_2013,24,240384,2,2,0,1,1,5,5,43,0,8,12,2013,1,18,15,0,16,4,CR-852,NULL,7,39.65644167,-77.69469444,0,8,0,0,1,1,0,1,2,2,3,3,0,0000000,99,99,99,99,88,88,0,0,0,1,0,498
240385_2013,24,240385,2,2,0,1,1,1,1,25,0,10,12,2013,3,21,36,0,13,2,US-40,CO-505,11,39.42913056,-76.35570278,0,12,6,0,2,2,0,1,1,1,0,1,0,0000000,99,99,99,99,99,99,19,0,0,1,0,499
240386_2013,24,240386,2,1,1,0,0,1,1,33,1620,10,12,2013,3,4,15,0,16,4,CR-3349,NULL,0,38.76068889,-76.80324167,0,33,0,0,1,1,0,4,3,1,0,1,0,0000000,99,99,99,99,88,88,14,0,0,1,1,500
240387_2013,24,240387,1,1,0,0,0,1,1,5,0,12,12,2013,5,3,31,1,11,1,I-695,NULL,188,39.41938889,-76.63813611,0,24,0,0,1,1,0,4,3,1,0,1,0,0000000,99,99,99,99,88,88,0,0,0,1,1,501
240388_2013,24,240388,2,2,0,0,0,5,5,35,0,12,12,2013,5,12,8,0,4,3,SR-303,SR-309,2,38.92216111,-75.95691389,0,12,6,0,2,2,0,1,1,1,0,1,0,0000000,99,99,99,99,99,99,0,0,0,1,0,502
240389_2013,24,240389,2,2,0,0,0,2,2,9,0,13,12,2013,6,8,5,0,5,3,SR-261,CR-99,75,38.69872222,-76.54968333,0,12,6,0,2,2,0,1,1,1,0,1,0,0000000,99,99,99,99,99,99,0,0,0,1,0,503
240390_2013,24,240390,1,1,0,0,0,1,1,45,0,14,12,2013,7,12,38,0,5,3,SR-352,NULL,89,38.343675,-75.73608333,0,34,0,0,1,1,0,4,1,10,0,10,0,0000000,99,99,99,99,99,99,0,0,0,1,0,504
240391_2013,24,240391,1,1,0,0,0,1,1,33,0,16,12,2013,2,15,17,0,13,3,SR-198,NULL,88888,39.10043333,-76.8851,0,24,0,0,1,1,0,4,1,1,0,1,0,0000000,99,99,99,99,88,88,0,0,0,1,1,505
240392_2013,24,240392,2,2,0,0,0,2,2,27,0,14,12,2013,7,18,32,0,13,2,US-40,NULL,136,39.29936389,-76.9074,0,12,2,0,1,1,0,1,2,1,0,1,0,0000000,99,99,99,99,99,99,0,0,0,1,0,506
240393_2013,24,240393,1,1,0,1,1,1,1,15,0,20,12,2013,6,17,21,0,4,3,SR-7C,NULL,86,39.60519722,-75.87317222,0,8,0,0,1,1,0,1,2,1,0,1,0,0000000,99,99,99,99,99,99,0,0,0,1,0,507
240394_2013,24,240394,1,1,0,1,1,6,6,39,0,20,12,2013,6,20,5,0,6,3,SR-920,NULL,2,38.17515,-75.69001944,0,8,0,0,1,1,0,1,2,1,0,1,0,0000000,99,99,99,99,99,99,0,0,0,1,0,508
240395_2013,24,240395,2,2,0,0,0,3,3,21,0,7,12,2013,7,23,56,1,11,1,I-70,NULL,137,39.39880278,-77.43744167,0,12,2,0,1,1,0,1,2,1,0,1,0,0000000,99,99,99,99,99,99,0,0,0,1,1,509
240396_2013,24,240396,2,2,0,0,0,2,2,5,0,22,12,2013,1,4,36,1,11,1,I-695,NULL,156,39.39628333,-76.68721667,0,12,1,0,1,1,0,1,2,10,0,10,0,0000000,99,99,99,99,88,88,0,0,0,1,1,510
240397_2013,24,240397,2,2,0,0,0,4,4,31,0,17,12,2013,3,11,29,0,14,4,CR-4991,"INDIANOLA DR",13,39.11473333,-77.15695833,0,12,6,0,2,2,0,1,1,1,0,1,0,0000000,99,99,99,99,99,99,0,0,0,1,0,511
240398_2013,24,240398,2,2,0,0,0,4,4,31,0,28,12,2013,7,2,40,0,16,4,CR-7072,NULL,2,39.04897222,-76.983525,0,12,2,0,1,1,0,1,3,1,0,1,0,0000000,99,99,99,99,99,99,0,0,0,1,0,512
240399_2013,24,240399,2,2,0,0,0,3,3,31,1360,28,12,2013,7,14,21,0,14,3,SR-189,"GREAT FALLS RD",50,39.07601111,-77.16249167,0,12,6,0,2,2,0,1,1,1,0,1,0,0000000,99,99,99,99,99,99,0,0,0,1,0,513
240400_2013,24,240400,2,2,0,0,0,4,4,45,0,31,12,2013,3,19,56,1,2,2,US-50,CR-317,280,38.38438056,-75.37495278,0,12,6,0,2,2,0,1,2,1,0,1,0,0000000,99,99,99,99,99,99,0,0,0,2,0,514
240401_2013,24,240401,2,2,0,0,0,2,2,25,0,30,12,2013,2,7,0,1,2,2,US-1,NULL,5,39.48119167,-76.40405,0,12,6,0,1,1,0,1,2,1,0,1,0,0000000,99,99,99,99,99,99,0,0,0,1,0,515
240402_2013,24,240402,1,1,0,1,1,1,1,33,830,23,12,2013,2,6,10,0,14,3,SR-501,NULL,16,38.95246389,-76.970075,0,8,0,0,1,1,0,1,3,1,0,1,0,0000000,99,99,99,99,99,99,0,0,0,1,0,516
240403_2013,24,240403,2,2,0,0,0,8,8,33,240,8,12,2013,1,22,49,0,13,3,SR-214,CR-360,20,38.888525,-76.87716111,0,12,6,0,2,2,0,1,3,1,0,1,0,0000000,99,99,99,99,99,99,0,0,0,2,0,517
240404_2013,24,240404,3,3,0,0,0,3,3,13,0,19,12,2013,5,14,6,1,2,3,SR-30,NULL,114,39.71364167,-76.91678889,0,12,2,0,1,1,0,1,1,1,0,1,0,0000000,99,99,99,99,88,88,0,0,0,1,0,518
240405_2013,24,240405,1,1,0,0,0,2,2,31,0,8,12,2013,1,11,16,0,14,4,CR-142,NULL,7,39.07601667,-77.09308333,0,43,0,0,1,1,0,4,1,1,0,1,0,0000000,99,99,99,99,99,99,0,0,0,1,1,519
240406_2013,24,240406,1,1,0,1,1,1,1,510,50,10,5,2013,6,23,52,0,13,2,US-1,NULL,0,39.32545,-76.56868611,0,8,0,0,1,1,0,1,3,2,0,2,0,0000000,99,99,99,99,99,99,0,0,0,1,0,520
240407_2013,24,240407,1,1,0,0,0,1,1,27,0,27,10,2013,1,13,20,1,11,1,I-95,NULL,82,39.23521667,-76.81403056,0,35,0,0,1,1,0,4,1,1,0,1,0,0000000,99,99,99,99,99,99,0,0,0,1,0,521
240408_2013,24,240408,3,3,0,0,0,3,3,31,0,11,10,2013,6,13,37,0,14,3,SR-117,NULL,92,39.15415833,-77.252525,0,12,2,0,1,1,0,1,1,2,0,2,0,0000000,99,99,99,99,99,99,0,0,0,1,0,522
240409_2013,24,240409,1,1,0,0,0,2,2,33,22,19,5,2013,1,6,52,0,14,3,SR-212,NULL,40,39.00759444,-76.96619722,0,42,0,0,1,1,0,5,1,1,0,1,0,0000000,99,99,99,99,99,99,0,0,0,2,1,523
240410_2013,24,240410,1,1,0,0,0,1,1,5,0,24,12,2013,3,19,45,0,15,4,CR-4779,NULL,3,39.28973056,-76.44158611,0,42,0,0,1,1,0,6,3,1,0,1,0,0000000,99,99,99,99,88,88,0,0,0,1,1,524
240411_2013,24,240411,3,2,1,0,0,4,4,43,0,10,12,2013,3,1,44,0,14,2,US-40AL,NULL,0,39.63032778,-77.71624167,0,12,6,0,1,1,0,1,3,1,0,1,0,0000000,99,99,99,99,99,99,0,0,0,1,1,525
240412_2013,24,240412,1,1,0,1,1,1,1,5,455,11,12,2013,4,6,30,0,14,3,SR-151,NULL,34,39.26740556,-76.46794444,0,8,0,0,1,1,0,1,2,1,0,1,0,0000000,99,99,99,99,88,88,0,0,0,1,0,526
240413_2013,24,240413,1,1,0,1,1,1,1,33,150,16,12,2013,2,19,16,0,5,3,SR-210,NULL,14,38.82119167,-77.000925,0,8,0,0,1,1,0,1,3,1,0,1,0,0000000,99,99,99,99,99,99,0,0,0,1,0,527
240414_2013,24,240414,1,1,0,1,1,1,1,27,0,11,10,2013,6,7,22,0,16,4,CR-1579,NULL,0,39.13555,-76.80971389,0,8,0,0,1,1,0,7,1,2,0,2,0,0000000,99,99,99,99,99,99,0,0,0,1,0,528
240416_2013,24,240416,1,1,0,0,0,2,2,33,0,22,8,2013,5,5,41,1,12,3,SR-295,NULL,115,39.06463611,-76.835175,0,1,0,0,1,1,0,1,2,1,0,1,0,0000000,99,99,99,99,99,99,0,0,0,1,1,529
240417_2013,24,240417,1,1,0,1,1,1,1,33,0,9,10,2013,4,5,2,1,12,3,SR-295,NULL,0,39.146125,-76.75268611,0,8,0,0,1,1,0,1,2,1,0,1,0,0000000,99,99,99,99,99,99,0,0,0,1,0,530
240418_2013,24,240418,1,1,0,0,0,1,1,33,0,8,12,2013,1,7,27,1,12,3,SR-295,NULL,96,39.04043611,-76.84847778,1,99,99,0,1,1,0,6,1,1,0,1,0,0000000,99,99,99,99,99,99,0,0,0,1,0,531
240419_2013,24,240419,2,2,0,0,0,6,6,33,0,12,12,2013,5,1,59,1,12,3,SR-295,NULL,16,38.93561389,-76.91647778,0,12,1,0,1,1,0,1,2,1,0,1,0,0000000,99,99,99,99,99,99,0,0,0,2,0,532