st_case_year,STATE,ST_CASE,VE_TOTAL,VE_FORMS,PVH_INVL,PEDS,PERNOTMVIT,PERMVIT,PERSONS,COUNTY,CITY,DAY,MONTH,YEAR,DAY_WEEK,HOUR,MINUTE,NHS,ROAD_FNC,ROUTE,TWAY_ID,TWAY_ID2,MILEPT,LATITUDE,LONGITUD,SP_JUR,HARM_EV,MAN_COLL,RELJCT1,RELJCT2,TYP_INT,WRK_ZONE,REL_ROAD,LGT_COND,WEATHER1,WEATHER2,WEATHER,SCH_BUS,RAIL,NOT_HOUR,NOT_MIN,ARR_HOUR,ARR_MIN,HOSP_HR,HOSP_MN,CF1,CF2,CF3,FATALS,DRUNK_DR,idno
240420_2013,24,240420,2,2,0,0,0,3,3,31,0,16,9,2013,2,9,6,0,13,3,SR-927,"TOWER OAKS BLVD",16,39.05561111,-77.149325,0,12,6,0,2,3,0,1,1,1,0,1,0,0000000,99,99,99,99,99,99,0,0,0,1,0,533
240421_2013,24,240421,1,1,0,1,1,1,1,33,879,22,11,2013,6,20,40,0,13,3,SR-202,"PINEBROOK AVE",118,38.92725833,-76.89009167,0,8,0,0,3,3,0,1,3,1,0,1,0,0000000,99,99,99,99,88,88,0,0,0,1,0,534
240422_2013,24,240422,1,1,0,0,0,2,2,510,50,10,12,2013,3,6,23,0,14,6,"HOLLINS FERRY RD",NULL,0,39.26480556,-76.64404444,0,10,0,0,6,1,0,1,4,4,0,4,0,9999999,99,99,99,99,99,99,0,0,0,2,0,535
240423_2013,24,240423,1,1,0,1,1,2,2,25,0,18,12,2013,4,17,19,0,16,6,"LINWOOD AVE","GILES STREET",1,39.53222222,-76.34065278,0,8,0,0,3,3,0,1,3,1,0,1,0,0000000,99,99,99,99,99,99,0,0,0,1,0,536
240424_2013,24,240424,1,1,0,0,0,1,1,33,175,26,12,2013,5,20,39,0,6,4,CR-167,NULL,15,38.71373333,-76.837175,0,42,0,0,1,1,0,5,2,1,10,10,0,0000000,99,99,99,99,99,99,99,99,99,1,1,537
240425_2013,24,240425,2,2,0,1,1,3,3,21,580,10,7,2013,4,23,38,0,14,3,SR-85,NULL,96,39.39093056,-77.40946389,0,8,0,0,1,1,0,1,3,1,0,1,0,0000000,99,99,99,99,88,88,0,0,0,1,0,538
240426_2013,24,240426,3,2,1,0,0,4,4,510,50,24,9,2013,3,0,20,0,13,6,"NORTHERN PKWY","YORK RD",0,39.36511389,-76.61000556,0,12,6,0,2,2,0,1,3,1,0,1,0,0000000,99,99,99,99,99,99,0,0,0,3,0,539
240427_2013,24,240427,3,2,1,0,0,4,4,510,50,14,10,2013,2,16,38,0,14,6,"W. BELVEDERE AVE","WILTON HGTS",0,39.34573333,-76.67607222,0,12,6,0,2,3,0,1,1,1,0,1,0,0000000,99,99,99,99,99,99,14,0,0,1,0,540
240428_2013,24,240428,2,2,0,0,0,2,2,510,50,15,11,2013,6,7,24,0,13,6,"REISTERSTOWN RD","NORTHERN PKWY",0,39.34832222,-76.69254444,0,25,0,0,1,1,0,3,1,1,0,1,0,0000000,99,99,99,99,99,99,0,0,0,1,0,541
240429_2013,24,240429,1,1,0,0,0,1,1,510,50,19,12,2013,5,8,37,9,99,6,"INDIAN HEAD RD",NULL,0,39.32178611,-76.57910278,8,42,0,0,1,1,0,4,1,1,0,1,0,0000000,99,99,99,99,99,99,0,0,0,1,0,542
240430_2013,24,240430,1,1,0,1,1,1,1,510,50,31,12,2013,3,22,0,0,13,6,"BELAIR RD",NULL,88888,39.34075833,-76.54781667,0,8,0,0,1,1,0,1,3,1,0,1,0,0000000,99,99,99,99,99,99,0,0,0,1,0,543
240431_2013,24,240431,1,1,0,1,1,1,1,510,50,25,12,2013,4,22,35,0,14,6,"E 25TH STREET","BRENTWOOD AVE",0,39.31809722,-76.61037778,0,8,0,0,2,3,0,1,3,1,0,1,0,0000000,99,99,99,99,99,99,0,0,0,1,0,544
240432_2013,24,240432,3,3,0,1,1,3,3,33,0,27,12,2013,6,5,45,9,9,8,"SUITLAND PARKWAY","FORESTVILLE RD",58,38.83117222,-76.87611944,8,8,0,0,2,4,0,1,2,1,0,1,0,0000000,99,99,99,99,99,99,0,0,0,1,0,545
100001_2012,10,100001,3,3,0,1,1,3,3,3,0,3,1,2012,3,18,34,1,13,2,"US-13 SOUTH WALNUT ST",NULL,1,39.7242,-75.55582222,0,15,0,0,1,1,0,1,3,1,0,1,0,0000000,18,35,18,39,88,88,0,0,0,1,0,546
100002_2012,10,100002,1,1,0,0,0,2,2,1,0,5,1,2012,5,2,15,1,2,2,US-113,NULL,54,38.98515556,-75.44137778,0,53,0,0,1,1,0,4,2,10,0,10,0,0000000,2,21,2,31,3,0,0,0,0,1,1,547
100003_2012,10,100003,1,1,0,0,0,1,1,3,0,12,1,2012,5,10,50,0,16,5,"CHURCH ROAD",NULL,3,39.60903333,-75.66876667,0,34,0,0,1,1,0,6,1,10,0,10,0,0000000,99,99,10,55,99,99,0,0,0,1,0,548
100004_2012,10,100004,1,1,0,0,0,3,3,3,0,14,1,2012,7,0,4,1,11,1,I-95,NULL,6,39.70059167,-75.60128333,0,25,0,1,19,1,0,4,3,1,0,1,0,0000000,99,99,99,99,99,99,0,0,0,1,0,549
100005_2012,10,100005,2,1,1,1,1,3,3,0,0,21,1,2012,7,8,23,0,14,2,US-202,NULL,28,39.2775,-75.86416667,0,42,0,0,1,1,0,3,1,3,0,3,0,0000000,8,25,8,28,9,0,0,0,0,1,1,550
100006_2012,10,100006,1,1,0,1,1,1,1,3,0,2,2,2012,5,21,58,0,14,5,"OLD BALTIMORE PIKE",NULL,68,39.65925,-75.6699,0,8,0,0,1,1,0,1,2,1,0,1,0,0000000,21,59,22,1,22,16,0,0,0,1,0,551
100007_2012,10,100007,3,3,0,0,0,4,4,5,0,3,2,2012,6,21,2,1,2,2,US-9,NULL,212,38.7307,-75.13251944,0,12,2,0,1,1,0,1,2,1,0,1,0,0000000,21,4,21,7,99,99,0,0,0,1,1,552
100008_2012,10,100008,1,1,0,1,1,1,1,3,0,7,2,2012,3,19,29,0,13,3,SR-4,"PEARSON DRIVE",38,39.67043611,-75.71042778,0,8,0,0,2,2,0,1,2,1,0,1,0,0000000,19,27,19,34,19,44,0,0,0,1,0,553
100009_2012,10,100009,2,2,0,0,0,3,3,3,0,11,2,2012,7,14,38,0,3,2,US-13,"EXIT 119",91,39.335225,-75.62938611,0,12,6,0,2,3,0,1,1,1,0,1,0,0000000,14,38,14,47,15,21,0,0,0,1,0,554
100010_2012,10,100010,2,2,0,0,0,3,3,5,0,11,2,2012,7,19,50,1,2,2,US-9,NULL,242,38.72102778,-75.30178333,0,12,2,0,1,1,0,1,2,4,0,4,0,0000000,19,54,19,58,20,39,0,0,0,1,1,555
100011_2012,10,100011,1,1,0,0,0,2,2,3,0,14,2,2012,3,19,17,1,11,1,I-495,SR-141,111,39.7146,-75.58036944,0,42,0,1,5,1,0,3,2,10,0,10,0,0000000,19,22,19,27,19,53,0,0,0,1,0,556
100012_2012,10,100012,2,2,0,0,0,3,3,1,0,20,2,2012,2,1,0,1,2,2,US-13,NULL,68,39.06843611,-75.553725,0,12,1,0,1,1,0,1,2,1,0,1,0,0000000,1,6,1,18,1,31,0,0,0,1,0,557
100013_2012,10,100013,1,1,0,0,0,1,1,3,0,25,2,2012,7,5,32,1,13,2,US-13,NULL,26,39.68980556,-75.58208056,0,33,0,0,1,1,0,4,6,1,0,1,0,0000000,5,33,5,40,88,88,0,0,0,1,1,558
100014_2012,10,100014,1,1,0,1,1,1,1,3,0,1,3,2012,5,14,7,1,13,2,US-13,NULL,50,39.66323611,-75.65350833,0,8,0,0,1,1,0,1,1,1,0,1,0,0000000,14,8,14,11,14,27,0,0,0,1,0,559
100015_2012,10,100015,2,2,0,0,0,2,2,3,0,4,3,2012,1,20,51,0,6,5,"CEDAR LANE ROAD",NULL,28,39.49141667,-75.69151944,0,12,2,0,1,1,0,1,2,1,0,1,0,0000000,20,53,20,59,21,51,0,0,0,1,1,560
100016_2012,10,100016,2,2,0,0,0,3,3,1,0,7,3,2012,4,19,25,1,2,2,US-13,NULL,9,38.850025,-75.57920833,0,54,11,0,1,1,0,1,2,1,0,1,0,0000000,19,19,19,24,99,99,14,0,0,1,0,561
100017_2012,10,100017,1,1,0,0,0,1,1,1,130,2,4,2012,2,21,5,0,16,5,"EAST LOOCKERMAN STREET",NULL,0,39.16514722,-75.50810833,0,43,0,0,1,1,0,5,3,1,0,1,0,0000000,21,7,21,11,21,26,13,20,0,1,0,562
100018_2012,10,100018,1,1,0,1,1,1,1,3,0,3,4,2012,3,17,24,1,2,3,SR-1,NULL,92,39.42263889,-75.65815,0,8,0,0,1,1,0,3,1,1,0,1,0,0000000,17,25,17,26,99,99,0,0,0,1,0,563
100019_2012,10,100019,2,2,0,0,0,5,5,3,0,4,4,2012,4,21,35,0,14,3,SR-72,"PORTER ROAD",25,39.59387778,-75.70010556,0,12,6,0,2,2,0,1,2,1,0,1,0,0000000,21,35,21,38,22,34,0,0,0,2,0,564
100020_2012,10,100020,2,2,0,0,0,5,5,5,0,5,4,2012,5,7,9,0,4,3,SR-24,NULL,295,38.60365833,-75.22955278,1,12,1,0,1,1,0,1,1,1,0,1,1,0000000,7,11,7,17,8,39,0,0,0,1,0,565
100021_2012,10,100021,2,2,0,0,0,3,3,3,0,7,4,2012,7,9,53,0,13,3,SR-2,"WOODHAVEN DRIVE",99,39.73098611,-75.64434722,0,12,6,0,2,2,0,1,1,1,0,1,0,0000000,9,53,9,55,10,12,0,0,0,1,0,566
100022_2012,10,100022,2,2,0,0,0,4,4,1,0,11,4,2012,4,20,5,0,5,4,CR-206,CR-208,11,39.09075278,-75.728125,0,12,6,0,2,2,0,1,2,1,0,1,0,0000000,20,13,20,18,20,30,0,0,0,2,0,567
100023_2012,10,100023,2,2,0,0,0,5,5,3,0,12,4,2012,5,18,18,1,2,2,US-301,NULL,20,39.53033333,-75.73701944,0,12,6,0,1,1,0,1,1,1,0,1,0,0000000,18,20,18,31,18,54,0,0,0,1,0,568
100024_2012,10,100024,2,2,0,0,0,2,2,3,0,13,4,2012,6,14,2,0,15,6,"AIRPORT ROAD","ALLEGRETTO RD",17,39.682875,-75.62039722,0,12,6,0,2,3,0,1,1,1,0,1,0,0000000,14,3,14,9,14,20,0,0,0,1,0,569
100025_2012,10,100025,1,1,0,1,1,1,1,3,150,5,4,2012,5,17,47,0,16,5,"LOCUST STREET",NULL,0,39.73750833,-75.59925,0,15,0,0,1,1,0,1,1,1,0,1,0,0000000,99,99,99,99,99,99,0,0,0,1,0,570
100026_2012,10,100026,2,2,0,0,0,2,2,3,0,17,4,2012,3,8,34,0,13,3,SR-273,"EDINBURGH DRIVE",14,39.66371111,-75.62983889,0,12,6,0,2,2,0,1,1,1,0,1,0,0000000,8,34,8,39,8,53,0,0,0,1,0,571
100027_2012,10,100027,1,1,0,0,0,1,1,3,0,13,4,2012,6,21,21,0,6,3,SR-15,"LLOYD GUESSFORD RD",27,39.36204722,-75.71259444,0,42,0,0,3,4,0,5,2,1,0,1,0,0000000,21,22,21,32,22,11,0,0,0,1,0,572
100028_2012,10,100028,2,2,0,0,0,3,3,5,0,16,4,2012,2,17,48,0,5,3,SR-46,"REMENTER RD",72,38.66404722,-75.49144722,0,12,6,0,2,3,0,1,1,1,0,1,0,0000000,17,51,18,5,18,32,0,0,0,1,0,573
100029_2012,10,100029,1,1,0,0,0,1,1,3,0,23,4,2012,2,11,43,1,11,1,I-95,SR-896,2,39.64801111,-75.74869444,0,24,0,1,5,1,0,4,1,10,0,10,0,0000000,11,45,11,52,88,88,0,0,0,1,0,574
100030_2012,10,100030,1,1,0,1,1,1,1,3,360,30,4,2012,2,20,38,0,16,6,"LIBRARY AVENUE",NULL,0,39.68551111,-75.73682222,0,8,0,0,1,1,0,1,3,1,0,1,0,0000000,99,99,99,99,88,88,0,0,0,1,0,575
100031_2012,10,100031,1,1,0,1,1,1,1,5,0,18,5,2012,6,9,2,0,6,4,CR-476,NULL,2,38.597275,-75.49352778,0,8,0,0,1,1,0,1,1,1,0,1,0,0000000,9,5,9,11,99,99,21,0,0,1,0,576
100032_2012,10,100032,1,1,0,0,0,1,1,1,0,19,5,2012,7,17,1,0,15,3,SR-10A,NULL,28,39.08016667,-75.525225,0,1,0,0,1,1,0,4,1,1,0,1,0,0000000,17,4,17,13,99,99,0,0,0,1,1,577
100033_2012,10,100033,1,1,0,0,0,1,1,5,0,21,5,2012,2,5,7,0,6,4,CR-305,NULL,41,38.64545,-75.25976111,0,53,0,0,1,1,0,5,2,10,0,10,0,0000000,5,13,5,12,88,88,0,0,0,1,1,578
100034_2012,10,100034,2,2,0,1,1,2,2,1,320,31,5,2012,5,4,20,1,13,2,US-13,NULL,160,38.90184167,-75.57361667,0,8,0,0,1,1,0,1,3,5,0,5,0,0000000,4,24,4,29,88,88,0,0,0,1,0,579
100035_2012,10,100035,1,1,0,0,0,2,2,3,0,2,6,2012,7,1,1,0,13,3,SR-2,"POPLAR AVENUE",24,39.739325,-75.60193333,0,33,0,0,1,1,0,3,3,2,0,2,0,0000000,1,3,1,7,1,31,0,0,0,1,1,580
100036_2012,10,100036,1,1,0,0,0,1,1,5,0,3,6,2012,1,0,3,0,6,3,SR-66,NULL,14,38.45479444,-75.50983889,0,42,0,0,1,1,0,6,2,1,0,1,0,0000000,0,10,0,17,0,45,0,0,0,1,0,581
100037_2012,10,100037,1,1,0,1,1,1,1,1,0,4,6,2012,2,4,6,0,14,2,US-13,NULL,64,39.20884167,-75.56789444,0,9,0,0,1,1,0,1,2,1,0,1,0,0000000,4,12,4,27,88,88,0,0,0,1,1,582
100038_2012,10,100038,1,1,0,0,0,1,1,1,0,8,6,2012,6,5,13,0,9,4,CR-380,NULL,99998,39.02418333,-75.50906667,0,34,0,0,1,1,0,4,2,10,0,10,0,0000000,99,99,99,99,88,88,0,0,0,1,1,583
100039_2012,10,100039,2,2,0,0,0,2,2,3,0,18,6,2012,2,9,27,1,13,2,US-40,"FRENCHTOWN MANOR SPUR",15,39.6033,-75.75818889,0,12,1,0,3,2,0,1,1,1,0,1,0,0000000,9,28,9,37,9,45,0,0,0,1,1,584
100040_2012,10,100040,1,1,0,0,0,1,1,3,0,19,6,2012,3,12,51,0,6,6,"PENCADER DRIVE",NULL,0,39.61250278,-75.75859167,0,33,0,0,1,1,0,4,1,1,0,1,0,0000000,12,53,12,58,88,88,0,0,0,1,0,585
100041_2012,10,100041,2,2,0,0,0,3,3,5,0,26,6,2012,3,15,13,0,6,3,SR-3,CR-365,16,38.52353333,-75.14673333,0,12,6,0,2,2,0,1,1,1,0,1,0,0000000,15,15,15,21,15,51,0,0,0,1,1,586
100042_2012,10,100042,1,1,0,1,1,1,1,3,0,28,6,2012,5,10,29,0,15,3,"SR-3  MARSH ROAD","BAYNARD BLVD",7,39.78520833,-75.50616389,0,9,0,0,2,2,0,1,1,1,0,1,0,0000000,10,27,10,31,10,52,0,0,0,1,0,587
100043_2012,10,100043,1,1,0,1,1,1,1,5,0,1,7,2012,1,2,8,1,2,3,SR-1,NULL,19,38.71378056,-75.10466111,0,9,0,1,17,1,0,1,3,1,0,1,0,0000000,2,11,2,16,88,88,0,0,0,1,1,588
100044_2012,10,100044,1,1,0,1,1,3,3,1,0,7,7,2012,7,21,58,0,6,8,"JACKSON DITCH RD",NULL,4,38.93337778,-75.56302222,0,9,0,0,1,1,0,1,2,1,0,1,0,0000000,21,58,22,6,22,36,0,0,0,1,0,589
100045_2012,10,100045,1,1,0,0,0,1,1,1,0,8,7,2012,1,22,25,0,6,8,"MAHAN CORNER RD",NULL,43,39.09228056,-75.73113056,0,42,0,0,1,1,0,6,2,1,0,1,0,0000000,22,28,22,32,88,88,0,0,0,1,1,590
100046_2012,10,100046,1,1,0,1,1,1,1,1,0,10,7,2012,3,0,20,0,13,2,US-13,NULL,28,39.08566944,-75.55013056,0,8,0,0,1,1,0,1,2,1,0,1,0,0000000,0,34,0,42,0,48,0,0,0,1,0,591
100047_2012,10,100047,2,2,0,0,0,3,3,3,0,14,7,2012,7,1,5,1,11,1,I-95,NULL,73,39.69239722,-75.63005278,0,12,1,0,1,1,0,1,2,1,0,1,0,0000000,1,9,1,12,1,26,0,0,0,1,0,592
100048_2012,10,100048,2,2,0,0,0,2,2,3,0,15,7,2012,1,3,58,0,13,2,US-13,"SAEINNI BLVD",11,39.64443333,-75.62498611,0,12,6,0,2,2,0,1,3,1,0,1,0,0000000,3,57,4,4,88,88,0,0,0,1,1,593
100049_2012,10,100049,1,1,0,0,0,4,4,1,130,29,5,2012,3,13,45,0,15,3,SR-15,NULL,42,39.18657222,-75.57936667,0,40,0,0,1,1,0,4,1,1,0,1,0,0000000,99,99,99,99,99,99,0,0,0,1,0,594
100050_2012,10,100050,1,1,0,0,0,1,1,5,0,18,7,2012,4,21,28,0,6,4,CR-392,NULL,7,38.50743333,-75.21531944,0,30,0,0,1,1,0,4,2,1,0,1,0,0000000,21,29,21,37,88,88,0,0,0,1,1,595
100051_2012,10,100051,1,1,0,1,1,1,1,3,0,25,7,2012,4,3,12,0,16,5,"GLASGOW AVENUE",NULL,7,39.59795556,-75.74256667,0,8,0,0,1,1,0,1,2,1,0,1,0,0000000,3,11,3,14,88,88,0,0,0,1,0,596
100052_2012,10,100052,1,1,0,0,0,1,1,3,0,25,7,2012,4,22,53,1,11,1,I-95,NULL,131,39.65275833,-75.71394167,0,1,0,0,1,1,0,1,2,1,0,1,0,0000000,22,53,23,3,88,88,0,0,0,1,0,597
100053_2012,10,100053,1,1,0,0,0,1,1,3,0,28,7,2012,7,1,35,0,16,6,"CHILDRENS DRIVE",NULL,1,39.78318889,-75.55438056,0,25,0,0,8,1,0,3,3,1,0,1,0,0000000,99,99,99,99,88,88,0,0,0,1,1,598
100054_2012,10,100054,2,2,0,0,0,4,4,5,0,13,8,2012,2,20,19,0,2,3,SR-1,NULL,50,38.74392222,-75.151825,0,12,6,0,7,1,0,1,3,1,0,1,0,0000000,20,22,20,29,20,56,0,0,0,1,0,599
100055_2012,10,100055,2,2,0,0,0,2,2,3,0,16,8,2012,5,3,23,1,11,1,I-95,NULL,164,39.63962222,-75.78318611,0,12,1,0,7,1,0,1,2,1,0,1,0,0000000,3,31,3,40,88,88,0,0,0,1,0,600
100056_2012,10,100056,1,1,0,1,1,1,1,3,490,17,8,2012,6,20,47,0,13,3,SR-52,WOODLAWN,62,39.75823333,-75.57163333,0,8,0,0,3,3,0,1,3,1,0,1,0,0000000,99,99,99,99,99,99,0,0,0,1,0,601
100057_2012,10,100057,1,1,0,0,0,1,1,5,0,22,8,2012,4,20,57,0,4,3,SR-20,NULL,50,38.51423889,-75.17912222,0,59,0,0,1,1,0,2,2,1,0,1,0,0000000,20,59,21,6,21,34,0,0,0,1,1,602
100058_2012,10,100058,2,2,0,0,0,2,2,5,0,24,8,2012,6,13,0,0,6,8,"CONRAIL ROAD","HEARNS POND ROAD",15,38.68443611,-75.61828611,0,12,6,0,2,2,0,1,1,10,0,10,0,0000000,13,9,13,11,13,14,0,0,0,1,0,603
100059_2012,10,100059,1,1,0,0,0,2,2,5,0,25,8,2012,7,20,42,0,4,3,SR-20,NULL,6,38.63785278,-75.59768889,0,42,0,0,1,1,0,5,2,1,0,1,0,0000000,20,46,20,46,21,3,0,0,0,1,0,604
100060_2012,10,100060,1,1,0,2,2,1,1,3,0,25,8,2012,7,20,42,1,13,2,US-40,NULL,13,39.64548056,-75.63767222,0,8,0,0,1,1,0,1,3,1,0,1,0,0000000,20,42,20,48,21,2,0,0,0,1,0,605
100061_2012,10,100061,1,1,0,0,0,2,2,5,0,26,8,2012,1,1,10,0,4,3,SR-16,NULL,118,38.80761389,-75.47445556,0,43,0,0,1,1,0,4,2,2,0,2,0,0000000,0,24,0,27,99,99,20,0,0,1,1,606
100062_2012,10,100062,2,2,0,0,0,4,4,3,0,20,8,2012,2,6,9,0,15,6,"HARVEY ROAD",NULL,42,39.802525,-75.47908611,0,12,7,1,5,1,0,1,4,10,0,10,0,0000000,6,9,6,11,6,48,0,0,0,1,0,607
100063_2012,10,100063,1,1,0,0,0,2,2,5,0,26,8,2012,1,22,50,0,6,4,CR-54,NULL,43,38.54377222,-75.17584167,0,42,0,0,1,1,2,4,2,2,0,2,0,0000000,99,99,22,57,99,99,3,0,0,1,0,608
100064_2012,10,100064,2,2,0,0,0,2,2,5,0,27,8,2012,2,7,30,0,4,3,SR-20,NULL,63,38.62655,-75.50421944,0,12,6,0,1,1,0,1,1,1,0,1,0,0000000,7,36,7,47,8,54,0,0,0,1,0,609
100065_2012,10,100065,1,1,0,0,0,1,1,5,0,30,8,2012,5,21,24,1,2,3,SR-404,NULL,60,38.79385556,-75.69283611,0,24,0,0,1,1,0,4,2,1,0,1,0,0000000,21,25,21,34,88,88,0,0,0,1,1,610
100066_2012,10,100066,1,1,0,1,1,1,1,3,0,17,8,2012,6,21,25,0,14,8,"RIDGE ROAD",NULL,2,39.81412778,-75.44256111,0,8,0,0,1,1,0,1,3,10,0,10,0,0000000,21,25,21,29,21,54,0,0,0,1,0,611
100067_2012,10,100067,1,1,0,2,2,1,1,5,0,2,9,2012,1,2,18,1,2,3,SR-1,NULL,21,38.73167222,-75.13365556,0,8,0,0,1,1,0,1,2,1,0,1,0,0000000,2,20,2,26,88,88,0,0,0,2,1,612
100068_2012,10,100068,1,1,0,0,0,1,1,1,0,31,8,2012,6,22,25,0,6,8,"WALNUT SHADE RD",NULL,23,39.08048056,-75.52518889,0,30,0,0,1,1,0,5,2,10,0,10,0,0000000,22,40,22,51,23,2,0,0,0,1,1,613
100069_2012,10,100069,2,2,0,0,0,2,2,5,0,3,9,2012,2,17,34,0,5,8,"SHILOH CHURCH ROAD",NULL,9,38.55969444,-75.51839167,0,12,6,0,8,1,0,1,1,1,0,1,0,0000000,17,37,17,41,18,0,0,0,0,1,0,614
100070_2012,10,100070,1,1,0,0,0,1,1,5,0,5,9,2012,4,17,50,0,5,8,"LITTLE HILL RD",NULL,2,38.52189722,-75.45446389,0,34,0,0,1,1,0,5,1,1,0,1,0,0000000,17,52,18,3,18,17,0,0,0,1,1,615
100071_2012,10,100071,1,1,0,0,0,2,2,5,0,19,9,2012,4,2,19,0,6,8,"HASTINGS FARM RD",NULL,3,38.66815278,-75.55676944,0,53,0,0,1,1,0,6,2,10,0,10,0,0000000,2,24,2,28,3,3,0,0,0,1,0,616
100072_2012,10,100072,1,1,0,0,0,2,2,5,0,27,9,2012,5,17,16,0,6,3,SR-54,NULL,19,38.48635556,-75.22781944,0,30,0,0,1,1,0,4,1,1,0,1,0,0000000,17,19,17,26,18,23,0,0,0,1,0,617
100073_2012,10,100073,1,1,0,2,2,1,1,3,0,25,9,2012,3,7,32,0,6,8,"CORPORATE BLVD",NULL,0,39.61685278,-75.75413333,0,8,0,0,1,1,0,1,1,1,0,1,0,0000000,7,31,7,34,8,6,0,0,0,1,0,618
100074_2012,10,100074,1,1,0,0,0,1,1,5,0,8,9,2012,7,19,0,0,4,3,SR-30,NULL,48,38.66345,-75.29933056,0,30,0,0,1,1,0,5,1,10,0,10,0,0000000,19,8,19,17,19,49,0,0,0,1,0,619
100075_2012,10,100075,2,2,0,0,0,4,4,3,0,16,9,2012,1,9,52,1,13,2,US-40,NULL,44,39.66832222,-75.60191944,0,12,6,0,1,1,0,1,1,1,0,1,0,0000000,10,5,10,9,10,25,0,0,0,1,0,620
100076_2012,10,100076,2,2,0,0,0,4,4,1,0,29,9,2012,7,14,38,0,6,8,"LEWIS DRIVE","DYKE BRANCH ROAD",11,39.209175,-75.54843056,0,12,6,0,2,2,0,1,1,10,0,10,0,0000000,14,40,14,48,99,99,0,0,0,1,0,621
100077_2012,10,100077,1,1,0,0,0,1,1,5,0,1,10,2012,2,11,8,0,4,3,SR-36,NULL,20,38.82614722,-75.55194722,0,42,0,0,1,1,0,4,1,1,0,1,0,0000000,11,9,11,11,99,99,0,0,0,1,0,622
100078_2012,10,100078,1,1,0,1,1,1,1,3,0,5,10,2012,6,23,40,0,13,3,SR-4,NULL,27,39.71456944,-75.62137778,0,8,0,0,1,1,0,1,2,1,0,1,0,0000000,23,40,23,41,88,88,0,0,0,1,0,623
100079_2012,10,100079,1,1,0,0,0,6,6,3,0,6,10,2012,7,12,17,1,11,1,I-95,NULL,86,39.78755,-75.49551111,0,35,0,0,1,1,0,3,1,1,0,1,0,0000000,12,19,12,20,13,6,0,0,0,1,0,624
100080_2012,10,100080,2,1,1,0,1,2,3,3,0,8,10,2012,2,11,48,1,2,3,SR-1,NULL,99998,39.31114444,-75.59811111,0,14,0,0,1,1,0,2,1,10,0,10,0,0000000,11,50,11,52,88,88,0,0,0,1,0,625
100081_2012,10,100081,1,1,0,0,0,1,1,5,0,8,10,2012,2,22,6,0,5,4,CR-261,NULL,23,38.74789167,-75.22641667,0,42,0,0,1,1,0,4,2,2,4,4,0,0000000,22,9,22,12,22,38,0,0,0,1,1,626
100082_2012,10,100082,1,1,0,0,0,2,2,5,340,4,10,2012,5,14,10,0,4,3,SR-17,NULL,69,38.54629722,-75.13164722,0,43,0,0,1,1,0,5,1,1,0,1,0,0000000,14,16,14,22,15,31,0,0,0,1,0,627
100083_2012,10,100083,2,2,0,0,0,2,2,1,130,26,9,2012,4,23,19,0,14,3,SR-8,"BENNINGTON STREET",53,39.15874167,-75.54927778,0,12,6,0,2,2,2,1,2,10,0,10,0,0000000,99,99,99,99,99,99,3,0,0,1,0,628
100084_2012,10,100084,3,3,0,0,0,6,6,3,0,24,10,2012,4,17,36,1,11,1,I-95,NULL,145,39.64996944,-75.72761111,0,12,7,0,1,1,0,1,1,1,0,1,0,0000000,17,39,17,48,17,57,14,0,0,1,0,629
100085_2012,10,100085,1,1,0,1,1,1,1,3,0,24,10,2012,4,21,27,1,13,2,US-40,NULL,32,39.63013333,-75.66563889,0,8,0,0,1,1,0,1,2,1,0,1,0,0000000,21,26,21,30,21,50,0,0,0,1,0,630
100086_2012,10,100086,1,1,0,1,1,1,1,3,0,1,11,2012,5,1,8,0,13,3,SR-1,"LANCASTER PIKE",14,39.78691667,-75.68957778,0,8,0,0,1,1,0,1,2,1,0,1,0,0000000,1,7,1,11,88,88,0,0,0,1,1,631
100087_2012,10,100087,2,2,0,0,0,3,3,1,0,3,11,2012,7,23,15,1,13,3,"SR-1. BAY ROAD",NULL,11147,39.10945,-75.45941667,0,12,2,0,1,1,0,1,2,1,0,1,0,0000000,99,99,23,31,99,99,0,0,0,2,1,632
100088_2012,10,100088,1,1,0,0,0,1,1,3,0,3,11,2012,7,23,59,0,14,3,SR-58,NULL,20,39.6858,-75.63451944,0,42,0,0,1,1,0,6,2,10,0,10,0,0000000,0,1,0,13,88,88,0,0,0,1,1,633
100089_2012,10,100089,2,1,1,1,1,1,1,3,0,8,11,2012,5,11,48,0,13,3,SR-141,NULL,28,39.70025833,-75.60403333,0,14,0,0,1,1,0,2,1,10,0,10,0,0000000,11,51,11,58,88,88,0,0,0,1,1,634
100090_2012,10,100090,3,3,0,0,0,6,6,3,0,8,11,2012,5,14,54,0,13,3,SR-273,"APPLEBY ROAD",19,39.66276944,-75.6423,0,12,1,0,2,2,0,1,1,1,0,1,0,0000000,14,58,14,59,15,20,0,0,0,2,0,635
100091_2012,10,100091,1,1,0,0,0,1,1,5,0,9,11,2012,6,2,22,0,4,8,"BETHEL ROAD",NULL,53,38.58416111,-75.60786944,0,42,0,0,1,1,0,5,2,1,0,1,0,0000000,2,26,2,32,88,88,0,0,0,1,1,636
100092_2012,10,100092,1,1,0,0,0,2,2,5,0,13,11,2012,3,14,15,0,4,3,SR-30,"WHITESVILLE RD",80,38.46903333,-75.42998889,0,1,0,0,1,1,0,5,1,2,0,2,0,0000000,14,21,14,27,99,99,0,0,0,1,1,637