st_case_year,STATE,ST_CASE,VE_TOTAL,VE_FORMS,PVH_INVL,PEDS,PERNOTMVIT,PERMVIT,PERSONS,COUNTY,CITY,DAY,MONTH,YEAR,DAY_WEEK,HOUR,MINUTE,NHS,ROAD_FNC,ROUTE,TWAY_ID,TWAY_ID2,MILEPT,LATITUDE,LONGITUD,SP_JUR,HARM_EV,MAN_COLL,RELJCT1,RELJCT2,TYP_INT,WRK_ZONE,REL_ROAD,LGT_COND,WEATHER1,WEATHER2,WEATHER,SCH_BUS,RAIL,NOT_HOUR,NOT_MIN,ARR_HOUR,ARR_MIN,HOSP_HR,HOSP_MN,CF1,CF2,CF3,FATALS,DRUNK_DR,idno
100093_2012,10,100093,1,1,0,0,0,2,2,5,0,14,11,2012,4,15,32,0,6,4,CR-446,NULL,96,38.67749167,-75.42968611,0,30,0,0,1,1,0,5,1,1,0,1,0,0000000,15,43,15,47,16,18,0,0,0,1,0,638
100094_2012,10,100094,1,1,0,1,1,1,1,3,0,15,11,2012,5,15,59,0,13,3,SR-92,NULL,53,39.82976944,-75.53538056,0,8,0,0,1,1,0,1,1,10,0,10,0,0000000,15,59,16,4,99,99,0,0,0,1,0,639
100095_2012,10,100095,1,1,0,1,1,2,2,3,0,22,11,2012,5,19,51,0,13,2,US-202,NULL,24,39.78680556,-75.54597778,0,8,0,0,1,1,0,1,2,10,0,10,0,0000000,19,51,19,58,20,28,0,0,0,1,0,640
100096_2012,10,100096,1,1,0,1,1,1,1,3,0,1,12,2012,7,17,10,0,13,3,SR-92,"NAAMANS RD",56,39.82936944,-75.54124167,0,8,0,0,1,1,0,1,2,1,0,1,0,0000000,17,10,17,28,17,44,0,0,0,1,0,641
100097_2012,10,100097,1,1,0,1,1,1,1,3,0,1,12,2012,7,5,52,1,2,2,US-301,NULL,25,39.48322222,-75.71949722,0,8,0,0,1,1,0,1,2,1,0,1,0,0000000,5,50,6,4,6,28,0,0,0,1,0,642
100098_2012,10,100098,1,1,0,0,0,1,1,5,0,4,12,2012,3,20,37,0,6,4,CR-413,NULL,25,38.49030833,-75.36161111,0,1,0,0,1,1,0,4,2,1,0,1,0,0000000,1,16,1,21,99,99,0,0,0,1,1,643
100099_2012,10,100099,1,1,0,0,0,1,1,1,0,5,12,2012,4,0,31,0,4,2,US-13A,NULL,15,39.06828333,-75.56256111,0,53,0,0,1,1,0,4,2,1,0,1,0,0000000,0,34,0,41,99,99,0,0,0,1,1,644
100100_2012,10,100100,1,1,0,1,1,2,2,3,0,17,11,2012,7,15,44,0,6,8,"HOWELL SCHOOL ROAD",NULL,22,39.57090556,-75.69848889,0,8,0,0,1,1,0,1,1,1,0,1,0,0000000,15,45,15,49,16,20,0,0,0,1,0,645
100101_2012,10,100101,1,1,0,1,1,1,1,1,0,15,12,2012,7,17,25,0,3,6,"STATE STREET",NULL,25,39.07823889,-75.48233889,0,8,0,0,1,1,0,1,2,1,0,1,0,0000000,17,29,17,38,17,58,0,0,0,1,0,646
100102_2012,10,100102,1,1,0,0,0,1,1,5,0,17,12,2012,2,0,26,0,3,3,SR-1,NULL,99998,38.70648889,-75.15853056,0,30,0,0,1,1,0,4,3,2,0,2,0,0000000,0,29,0,35,88,88,0,0,0,1,1,647
100103_2012,10,100103,2,2,0,0,0,3,3,5,0,12,12,2012,4,18,18,1,2,2,US-13,NULL,4,38.64595556,-75.59333333,0,12,1,0,1,1,0,1,3,1,0,1,0,0000000,18,19,18,24,18,39,0,0,0,1,0,648
100104_2012,10,100104,1,1,0,0,0,1,1,3,380,22,12,2012,7,20,1,0,16,3,"SR-4 EAST MARKET ST",NULL,99998,39.71408889,-75.60653056,0,33,0,0,1,1,0,4,3,10,0,10,0,0000000,20,2,20,5,88,88,0,0,0,1,1,649
100105_2012,10,100105,2,2,0,0,0,3,3,1,0,24,12,2012,2,18,34,0,14,3,"SR-10A S STATE ST",NULL,55,39.111675,-75.51453889,0,12,6,0,1,1,0,1,3,2,0,2,0,0000000,18,37,18,49,19,2,0,0,0,2,1,650
100106_2012,10,100106,1,1,0,0,0,2,2,3,0,25,12,2012,3,1,15,1,11,1,I-495,NULL,94,39.79556944,-75.45628889,0,24,0,0,1,1,0,3,2,10,0,10,0,0000000,1,16,1,26,1,58,0,0,0,1,1,651
100107_2012,10,100107,1,1,0,1,1,2,2,3,0,26,12,2012,4,5,26,1,13,3,"SR-7 LIMESTONE ROAD","HENDRY DRIVE",62,39.72079722,-75.65474167,0,8,0,0,2,2,0,1,2,10,0,10,0,0000000,5,26,5,30,88,88,0,0,0,1,0,652
100108_2012,10,100108,1,1,0,0,0,1,1,1,0,27,12,2012,5,19,15,0,6,8,"DAISEY ROAD",NULL,11,39.26989722,-75.72395833,0,34,0,0,1,1,0,4,2,10,0,10,0,0000000,5,26,5,27,88,88,0,0,0,1,1,653
110001_2012,11,110001,3,2,1,0,0,2,2,1,10,9,1,2012,2,19,52,0,16,6,"EASTERN AVE NE",NULL,0,38.95798056,-76.99283889,0,12,2,0,1,1,0,1,3,1,0,1,0,0000000,99,99,99,99,99,99,0,0,0,1,1,654
110002_2012,11,110002,2,2,0,0,0,5,5,1,10,29,1,2012,1,3,15,0,16,6,"400 TAYLOR ST NE",NULL,99999,38.94071389,-77.00030556,0,33,0,0,1,1,0,4,3,1,0,1,0,0000000,99,99,99,99,99,99,0,0,0,2,0,655
110003_2012,11,110003,1,1,0,1,1,1,1,1,10,26,1,2012,5,19,42,0,16,6,"17TH ST NW","CONSTITUTION AVE NW",99999,38.89206944,-77.03946111,1,8,0,0,2,2,0,1,3,1,0,1,0,0000000,99,99,99,99,99,99,0,0,0,1,0,656
110004_2012,11,110004,2,2,0,0,0,3,3,1,10,17,2,2012,6,13,10,0,16,6,"12TH ST NE","FRANKLIN ST NE",0,38.92552222,-76.99039722,0,12,2,0,2,2,0,1,1,1,0,1,0,0000000,99,99,99,99,99,99,0,0,0,1,0,657
110005_2012,11,110005,1,1,0,1,1,1,1,1,10,2,4,2012,2,13,55,0,16,6,"2900 HARVARD CT NW",NULL,0,38.92736111,-77.03316667,0,8,0,0,1,1,0,1,1,1,0,1,0,0000000,99,99,99,99,99,99,0,0,0,1,0,658
110006_2012,11,110006,2,2,0,0,0,3,3,1,10,23,6,2012,7,19,20,0,16,6,"2200 HUNTER PL SE",NULL,0,38.86046944,-76.98365556,0,12,2,0,1,1,0,1,1,1,0,1,0,0000000,99,99,99,99,99,99,0,0,0,1,0,659
110007_2012,11,110007,2,2,0,1,1,4,4,1,10,23,6,2012,7,10,58,0,16,6,"NEW YORK AVE NW","NEW JERSEY AVE NW",0,38.90541389,-77.01478056,0,12,6,1,2,2,0,1,1,1,0,1,0,0000000,99,99,99,99,99,99,0,0,0,1,0,660
110008_2012,11,110008,1,1,0,0,0,2,2,1,10,4,8,2012,7,1,35,0,16,6,"DIVISION ST NE","AMES ST NE",0,38.8908,-76.92795,0,33,0,0,2,2,0,4,3,1,0,1,0,0000000,99,99,99,99,99,99,0,0,0,1,0,661
110009_2012,11,110009,1,1,0,1,1,1,1,1,10,27,9,2012,5,22,56,0,16,6,"14TH ST NW","PARKWOOD PL NW",0,38.93556944,-77.03271111,0,8,0,0,3,3,0,1,3,1,0,1,0,0000000,99,99,99,99,99,99,0,0,0,1,0,662
110010_2012,11,110010,1,1,0,0,0,1,1,1,10,29,9,2012,7,17,33,1,11,1,"I-395 SOUTH",NULL,0,38.88443889,-77.01245,0,25,0,0,1,1,0,3,1,1,0,1,0,0000000,99,99,99,99,99,99,0,0,0,1,0,663
110011_2012,11,110011,1,1,0,1,1,2,2,1,10,1,10,2012,2,9,0,0,16,6,"500 6TH ST NW",NULL,0,38.89530833,-77.01978056,0,33,0,0,1,1,0,4,1,1,0,1,0,0000000,99,99,99,99,99,99,0,0,0,1,0,664
110012_2012,11,110012,2,2,0,0,0,2,2,1,10,4,10,2012,5,17,49,0,16,6,"NAYLOR RD SE",NULL,99999,38.86345278,-76.970225,0,5,0,0,1,1,0,1,1,1,0,1,0,0000000,99,99,99,99,99,99,14,0,0,1,0,665
110013_2012,11,110013,1,1,0,1,1,1,1,1,10,18,12,2012,3,23,5,0,16,6,"3000 20TH ST NE",NULL,0,38.92851111,-76.97625833,0,8,0,0,1,1,0,1,3,1,0,1,0,0000000,99,99,99,99,99,99,0,0,0,1,0,666
110014_2012,11,110014,2,2,0,1,1,2,2,1,10,28,12,2012,6,18,6,0,16,6,"NEW YORK AVE NW","1ST ST NW",99999,38.90627778,-77.01208333,0,8,0,0,3,2,0,1,3,1,0,1,0,0000000,99,99,99,99,99,99,0,0,0,1,0,667
240001_2012,24,240001,1,1,0,1,1,2,2,5,0,2,1,2012,2,18,36,0,16,3,SR-151,NULL,63,39.29059722,-76.50733889,0,8,0,0,1,1,0,1,3,10,0,10,0,0000000,99,99,99,99,99,99,0,0,0,1,0,668
240002_2012,24,240002,1,1,0,1,1,1,1,510,50,3,1,2012,3,15,22,0,14,3,SR-129,NULL,0,39.32848611,-76.65818056,0,8,0,0,1,1,0,1,1,1,0,1,0,0000000,99,99,99,99,99,99,0,0,0,1,0,669
240003_2012,24,240003,1,1,0,0,0,1,1,13,1670,16,1,2012,2,22,47,0,6,4,CR-81,NULL,15,39.62028889,-77.03409167,0,30,0,0,1,1,0,4,2,2,0,2,0,0000000,99,99,99,99,99,99,0,0,0,1,0,670
240004_2012,24,240004,1,1,0,0,0,1,1,9,0,22,1,2012,1,16,31,0,6,4,CR-23,NULL,27,38.65179167,-76.54422222,0,42,0,0,1,1,0,5,5,1,0,1,0,0000000,99,99,99,99,99,99,0,0,0,1,0,671
240005_2012,24,240005,2,2,0,0,0,2,2,21,0,17,1,2012,3,5,29,0,14,3,SR-75,NULL,3,39.47196667,-77.24841667,0,12,6,0,1,1,0,1,2,10,0,10,0,0000000,99,99,99,99,88,88,0,0,0,1,0,672
240006_2012,24,240006,1,1,0,0,0,1,1,13,0,20,1,2012,6,0,25,1,13,3,SR-140,NULL,106,39.589725,-77.00535,0,24,0,0,1,1,0,4,3,1,0,1,0,0000000,99,99,99,99,88,88,0,0,0,1,0,673
240007_2012,24,240007,2,2,0,0,0,3,3,3,0,17,1,2012,3,2,8,1,11,1,I-595,NULL,12,38.96509722,-76.632225,0,12,1,0,1,1,0,1,2,1,0,1,0,0000000,99,99,99,99,99,99,23,0,0,1,0,674
240008_2012,24,240008,1,1,0,0,0,1,1,47,0,26,1,2012,5,6,29,0,6,4,CR-146,NULL,14,38.31647222,-75.25401111,0,1,0,0,1,1,0,4,2,1,0,1,0,0000000,99,99,99,99,88,88,0,0,0,1,1,675
240009_2012,24,240009,2,2,0,0,0,2,2,25,10,26,1,2012,5,5,9,1,12,3,SR-22,"BEARD HILL RD",9,39.52271111,-76.18430278,0,12,6,0,2,2,0,1,3,1,0,1,0,0000000,99,99,99,99,99,99,0,0,0,1,0,676
240010_2012,24,240010,1,1,0,2,2,1,1,35,0,28,1,2012,7,6,41,0,4,3,SR-544,NULL,69,39.228875,-75.92175278,0,8,0,0,1,1,0,1,2,1,0,1,0,0000000,99,99,99,99,99,99,19,0,0,2,0,677
240011_2012,24,240011,1,1,0,1,1,1,1,5,0,22,1,2012,1,19,3,0,15,4,CR-6209,NULL,0,39.39957778,-76.48485833,0,8,0,0,1,1,0,1,3,1,0,1,0,0000000,99,99,99,99,99,99,0,0,0,1,0,678
240012_2012,24,240012,2,2,0,1,1,1,1,37,0,6,1,2012,6,19,9,0,5,4,CR-232,NULL,8,38.25875556,-76.52018889,0,12,6,0,8,1,0,1,2,1,0,1,0,0000000,99,99,99,99,88,88,23,0,0,1,0,679
240013_2012,24,240013,1,1,0,1,1,1,1,5,0,24,1,2012,3,17,47,0,13,2,US-40,NULL,190,39.35399722,-76.453125,0,8,0,0,1,1,0,1,3,1,0,1,0,0000000,99,99,99,99,99,99,0,0,0,1,0,680
240014_2012,24,240014,3,2,1,0,0,3,3,33,0,1,1,2012,1,1,9,1,12,3,SR-210,NULL,110,38.73896944,-76.99145833,0,12,6,0,7,1,0,1,2,1,0,1,0,0000000,99,99,99,99,88,88,14,0,0,1,0,681
240015_2012,24,240015,1,1,0,0,0,1,1,5,0,1,1,2012,1,0,39,0,6,4,CR-194,NULL,18,39.50075,-76.69009167,0,42,0,0,1,1,0,5,2,1,0,1,0,0000000,99,99,99,99,88,88,0,0,0,1,1,682
240016_2012,24,240016,1,1,0,0,0,1,1,31,0,11,1,2012,4,22,41,1,11,1,I-495,NULL,67,39.01701944,-77.10182778,0,25,0,0,1,1,0,3,2,2,0,2,0,0000000,99,99,99,99,88,88,0,0,0,1,1,683
240017_2012,24,240017,1,1,0,0,0,1,1,5,0,27,1,2012,6,12,32,0,14,3,SR-7,NULL,89,39.40388333,-76.4156,0,53,0,0,1,1,0,6,1,1,0,1,0,0000000,99,99,99,99,99,99,0,0,0,1,0,684
240018_2012,24,240018,1,1,0,0,0,2,2,5,0,30,1,2012,2,15,25,0,14,4,CR-4417,"MCCORMICK AVE",1,39.33079167,-76.52286667,0,30,0,0,3,3,0,4,1,1,0,1,0,0000000,99,99,99,99,99,99,0,0,0,1,0,685
240019_2012,24,240019,1,1,0,0,0,2,2,21,1580,14,1,2012,7,1,57,0,6,4,CR-31,NULL,19,39.67242222,-77.41093889,0,35,0,0,1,1,0,4,2,1,0,1,0,0000000,99,99,99,99,88,88,0,0,0,1,0,686
240020_2012,24,240020,1,1,0,0,0,1,1,5,0,14,1,2012,7,16,42,1,11,1,I-95,NULL,178,39.34606389,-76.50705556,0,24,0,0,1,1,0,4,1,1,0,1,0,0000000,99,99,99,99,99,99,0,0,0,1,0,687
240021_2012,24,240021,1,1,0,0,0,1,1,17,0,26,1,2012,5,2,26,0,16,4,CR-877,"BERRY RD",0,38.648175,-76.95455,0,33,0,0,3,2,0,4,3,1,0,1,0,0000000,99,99,99,99,88,88,0,0,0,1,1,688
240022_2012,24,240022,1,1,0,2,2,1,1,33,1175,6,1,2012,6,6,59,0,15,4,CR-114,NULL,30,38.75824722,-76.99871111,0,8,0,0,1,1,0,1,4,1,0,1,0,0000000,99,99,99,99,99,99,0,0,0,2,0,689
240023_2012,24,240023,1,1,0,0,0,1,1,33,235,19,1,2012,5,13,24,0,15,4,CR-122,"MARK DR",35,38.80196389,-76.9134,0,30,0,0,2,3,0,4,1,1,0,1,0,0000000,99,99,99,99,99,99,0,0,0,1,0,690
240024_2012,24,240024,1,1,0,1,1,1,1,3,0,22,1,2012,1,19,58,0,14,3,SR-176,NULL,10,39.1596,-76.71417778,0,8,0,0,1,1,0,1,2,1,0,1,0,0000000,99,99,99,99,99,99,0,0,0,1,0,691
240025_2012,24,240025,2,2,0,0,0,3,3,3,0,28,1,2012,7,0,46,0,14,3,SR-173,NULL,16,39.14012222,-76.49232778,0,12,6,0,1,1,0,1,3,1,0,1,0,0000000,99,99,99,99,99,99,0,0,0,1,1,692
240026_2012,24,240026,2,2,0,0,0,4,4,3,0,28,1,2012,7,3,30,1,12,2,US-50,NULL,36,38.97543889,-76.61591667,0,12,2,0,1,1,0,1,2,1,0,1,0,0000000,99,99,99,99,99,99,0,0,0,4,2,693
240027_2012,24,240027,3,3,0,0,0,5,5,5,0,24,1,2012,3,15,16,0,13,3,SR-146,NULL,94,39.43710278,-76.59689722,0,12,9,0,1,1,0,1,1,1,0,1,0,0000000,99,99,99,99,99,99,0,0,0,1,0,694
240028_2012,24,240028,2,2,0,0,0,3,3,15,0,30,1,2012,2,16,35,0,4,2,US-40,"RAZOR STRAP RD",81,39.60764722,-75.95022778,0,12,6,0,3,3,0,1,1,1,0,1,0,0000000,99,99,99,99,99,99,0,0,0,1,0,695
240029_2012,24,240029,2,2,0,0,0,2,2,5,0,26,1,2012,5,7,49,0,14,4,CR-6779,NULL,14,39.43767222,-76.81923611,0,12,6,0,8,1,0,1,1,1,0,1,0,0000000,99,99,99,99,99,99,0,0,0,1,0,696
240030_2012,24,240030,4,4,0,0,0,5,5,43,0,30,1,2012,2,14,59,1,11,1,I-81,NULL,80,39.67253611,-77.73469167,0,12,2,0,1,1,0,1,1,1,0,1,0,0000000,99,99,99,99,99,99,0,0,0,1,0,697
240031_2012,24,240031,1,1,0,0,0,5,5,31,0,1,1,2012,1,2,51,0,14,4,CR-537,"LANCASTER DR",4,38.99862222,-77.08852222,0,33,0,0,3,3,0,4,3,1,0,1,0,0000000,99,99,99,99,99,99,0,0,0,2,1,698
240032_2012,24,240032,1,1,0,1,1,1,1,33,0,23,1,2012,2,11,20,0,15,4,CR-571,NULL,16,38.81013333,-76.95201111,0,8,0,0,1,1,0,5,1,2,0,2,0,0000000,99,99,99,99,88,88,0,0,0,1,0,699
240033_2012,24,240033,1,1,0,0,0,1,1,5,0,4,2,2012,7,2,25,0,13,3,SR-45,NULL,96,39.50466389,-76.64882222,0,24,0,0,1,1,0,4,2,1,0,1,0,0000000,99,99,99,99,88,88,0,0,0,1,1,700
240034_2012,24,240034,1,1,0,0,0,1,1,33,0,31,1,2012,3,19,55,0,13,8,"SUITLAND PKWY",NULL,0,99.9999,999.9999,1,99,99,0,1,1,0,2,2,1,0,1,0,0000000,99,99,99,99,99,99,0,0,0,1,1,701
240035_2012,24,240035,2,1,1,0,0,2,2,510,50,24,1,2012,3,2,43,0,13,6,"S. HILTON STREET",NULL,0,39.28354444,-76.67217778,0,42,0,0,1,1,0,4,3,1,0,1,0,0000000,99,99,99,99,99,99,0,0,0,1,1,702
240036_2012,24,240036,2,2,0,0,0,3,3,33,0,31,1,2012,3,14,15,0,2,8,"BWI PARKWAY",NULL,0,99.9999,999.9999,1,12,1,0,1,1,0,1,1,1,0,1,0,0000000,99,99,99,99,99,99,0,0,0,1,0,703
240037_2012,24,240037,1,1,0,1,1,1,1,510,0,25,1,2012,4,18,18,0,13,2,US-1,"ANNTANA AVE",0,39.34001389,-76.54878889,0,15,0,0,2,3,0,1,3,1,0,1,0,0000000,99,99,99,99,99,99,0,0,0,1,0,704
240038_2012,24,240038,2,2,0,0,0,2,2,21,0,1,2,2012,4,20,28,1,11,1,I-70,NULL,230,39.38118611,-77.25211667,0,12,1,0,1,1,0,1,2,1,0,1,0,0000000,99,99,99,99,88,88,0,0,0,1,1,705
240039_2012,24,240039,1,1,0,0,0,2,2,37,0,5,2,2012,1,17,48,0,5,3,SR-6,NULL,95,38.47350556,-76.77359167,0,42,0,0,1,1,0,6,5,1,0,1,0,0000000,99,99,99,99,99,99,0,0,0,1,1,706
240040_2012,24,240040,1,1,0,1,1,1,1,5,0,7,2,2012,3,20,35,0,15,4,CR-8007,NULL,23,39.29079167,-76.51185833,0,8,0,0,1,1,0,1,3,10,0,10,0,0000000,99,99,99,99,99,99,0,0,0,1,0,707
240041_2012,24,240041,1,1,0,0,0,1,1,47,0,8,2,2012,4,19,59,1,2,2,US-113,NULL,69,38.13268333,-75.43600556,0,34,0,0,1,1,0,4,1,2,0,2,0,0000000,99,99,99,99,99,99,0,0,0,1,0,708
240042_2012,24,240042,1,1,0,1,1,1,1,11,0,20,2,2012,2,18,28,0,3,3,SR-331,NULL,62,38.75083889,-75.97705,0,8,0,0,1,1,0,1,2,1,0,1,0,0000000,99,99,99,99,99,99,0,0,0,1,0,709
240043_2012,24,240043,2,2,0,0,0,2,2,33,0,9,2,2012,5,9,15,1,13,2,US-301,"GOVERNOR BRIDGE RD",235,38.94860556,-76.71771111,0,12,6,0,2,2,0,1,1,1,0,1,0,0000000,99,99,99,99,99,99,0,0,0,1,0,710
240044_2012,24,240044,2,2,0,0,0,2,2,25,0,18,2,2012,7,13,10,0,5,3,SR-440,NULL,56,39.65522778,-76.25528611,0,12,2,0,1,1,0,1,1,1,0,1,0,0000000,99,99,99,99,99,99,0,0,0,1,0,711
240045_2012,24,240045,1,1,0,1,1,1,1,33,240,1,2,2012,4,17,16,0,13,3,SR-214,"DAIMIER DR",15,38.88777222,-76.88615278,0,8,0,0,3,3,0,1,5,1,0,1,0,0000000,99,99,99,99,99,99,0,0,0,1,0,712
240046_2012,24,240046,1,1,0,1,1,1,1,33,0,18,2,2012,7,0,6,1,12,3,SR-5,NULL,65,38.75106111,-76.879275,0,8,0,0,1,1,0,1,2,1,0,1,0,0000000,99,99,99,99,88,88,0,0,0,1,0,713
240047_2012,24,240047,3,3,0,0,0,3,3,5,0,8,2,2012,4,16,7,1,13,2,US-1,NULL,210,39.4233,-76.45114722,0,12,6,0,1,1,0,1,1,2,0,2,0,0000000,99,99,99,99,99,99,0,0,0,1,1,714
240048_2012,24,240048,2,2,0,0,0,2,2,5,0,7,2,2012,3,18,45,0,13,4,CR-2000,NULL,37,39.31795556,-76.75675556,0,12,6,0,1,1,0,1,2,1,0,1,0,0000000,99,99,99,99,99,99,0,0,0,1,0,715
240049_2012,24,240049,1,1,0,1,1,1,1,31,0,22,2,2012,4,11,33,0,13,3,SR-185,NULL,80,39.07911667,-77.08076667,0,8,0,0,1,1,0,1,1,1,0,1,0,0000000,99,99,99,99,99,99,0,0,0,1,0,716
240050_2012,24,240050,3,3,0,0,0,6,6,17,0,10,2,2012,6,17,11,0,14,4,CR-623,"ST. MARKS DR",6,38.60738889,-76.88886111,0,12,2,0,2,2,0,1,5,1,0,1,0,0000000,99,99,99,99,99,99,0,0,0,1,0,717
240051_2012,24,240051,1,1,0,0,0,1,1,25,0,9,2,2012,5,13,57,9,99,5,"LOHRS LANE",NULL,0,39.42260278,-76.35467778,0,18,0,0,1,1,0,6,1,1,0,1,0,0000000,99,99,99,99,99,99,0,0,0,1,0,718
240052_2012,24,240052,1,1,0,1,1,1,1,25,0,20,2,2012,2,18,20,0,14,3,SR-755,NULL,95,39.42599444,-76.29828611,0,8,0,0,1,1,0,1,3,1,0,1,0,0000000,99,99,99,99,99,99,0,0,0,1,0,719
240053_2012,24,240053,3,3,0,0,0,7,7,25,0,20,2,2012,2,21,58,0,14,3,SR-543,NULL,53,39.51910556,-76.28174444,0,12,2,0,1,1,0,1,2,1,0,1,0,0000000,99,99,99,99,99,99,0,0,0,3,1,720
240054_2012,24,240054,3,3,0,0,0,8,8,13,1670,12,2,2012,1,14,55,1,2,3,SR-140,"MEADOW CREEK DRIVE",110,39.58736667,-77.01189444,0,12,6,0,2,2,0,1,1,1,0,1,0,0000000,99,99,99,99,99,99,0,0,0,1,0,721
240055_2012,24,240055,2,2,0,0,0,6,6,3,0,16,2,2012,5,2,13,1,13,3,SR-3,NULL,0,39.03839444,-76.6764,0,12,9,0,1,1,0,1,3,1,0,1,0,0000000,99,99,99,99,99,99,0,0,0,1,1,722
240056_2012,24,240056,1,1,0,0,0,1,1,35,0,19,2,2012,1,5,57,0,6,4,CR-662,NULL,0,39.07133611,-76.05318056,0,30,0,0,1,1,0,4,2,1,0,1,0,0000000,99,99,99,99,88,88,0,0,0,1,1,723
240057_2012,24,240057,3,3,0,0,0,3,3,5,0,21,2,2012,3,14,20,0,15,4,CR-2250,NULL,24,39.38777222,-76.78691389,0,12,2,0,1,1,0,1,1,10,0,10,0,0000000,99,99,99,99,88,88,0,0,0,2,0,724
240058_2012,24,240058,1,1,0,0,0,4,4,33,1520,18,2,2012,7,1,33,0,14,4,CR-81,NULL,22,38.84265556,-76.91540278,0,33,0,0,1,1,0,4,3,1,0,1,0,0000000,99,99,99,99,99,99,0,0,0,1,0,725
240059_2012,24,240059,6,6,0,0,0,7,7,33,565,6,2,2012,2,17,30,0,15,4,CR-114,NULL,9,38.78386944,-77.00658889,0,12,6,0,1,1,0,1,5,1,0,1,0,0000000,99,99,99,99,99,99,0,0,0,1,1,726
240060_2012,24,240060,2,2,0,0,0,2,2,31,0,17,2,2012,6,2,41,1,11,1,I-495,NULL,82,39.00586667,-77.08311944,0,12,1,0,1,1,0,1,3,1,0,1,0,0000000,99,99,99,99,88,88,0,0,0,1,0,727
240061_2012,24,240061,3,3,0,0,0,3,3,15,0,18,2,2012,7,22,31,0,3,2,US-40,NULL,170,99.9999,999.9999,0,12,1,0,1,1,0,1,2,1,0,1,0,0000000,99,99,99,99,99,99,0,0,0,1,1,728
240062_2012,24,240062,3,2,1,0,0,3,3,33,879,20,2,2012,2,18,28,0,14,3,SR-704,NULL,15,38.90937222,-76.89205,0,33,0,0,1,1,0,4,3,1,0,1,0,0000000,99,99,99,99,99,99,14,0,0,1,1,729
240063_2012,24,240063,1,1,0,0,0,1,1,21,0,23,2,2012,5,23,25,0,6,4,CR-427,NULL,24,39.43661667,-77.20014167,0,42,0,0,1,1,0,6,2,1,0,1,0,0000000,99,99,99,99,88,88,0,0,0,1,0,730
240064_2012,24,240064,1,1,0,0,0,2,2,37,0,29,2,2012,4,16,10,0,6,4,CR-84,NULL,0,38.30225833,-76.65004722,0,42,0,0,1,1,0,6,1,1,0,1,0,0000000,99,99,99,99,99,99,0,0,0,1,1,731
240065_2012,24,240065,2,2,0,0,0,3,3,5,0,9,2,2012,5,13,9,0,14,4,CR-5560,NULL,48,39.26692778,-76.49584444,0,12,6,0,8,1,0,1,1,1,0,1,0,0000000,99,99,99,99,99,99,0,0,0,1,0,732
240066_2012,24,240066,1,1,0,0,0,1,1,33,0,3,3,2012,7,1,8,1,12,3,SR-4,NULL,76,38.82107222,-76.84817778,0,42,0,0,1,1,0,6,2,2,0,2,0,0000000,99,99,99,99,99,99,0,0,0,1,1,733
240067_2012,24,240067,1,1,0,0,0,1,1,31,0,28,2,2012,3,14,25,0,16,4,CR-474,NULL,2,38.94826111,-77.10458611,0,39,0,0,1,1,0,6,1,1,0,1,0,0000000,99,99,99,99,88,88,0,0,0,1,0,734
240068_2012,24,240068,1,1,0,0,0,3,3,11,0,23,3,2012,6,1,44,0,5,4,CR-157,NULL,17,38.72478056,-75.81341389,0,30,0,0,1,1,0,4,2,1,0,1,0,0000000,99,99,99,99,99,99,0,0,0,1,1,735
240069_2012,24,240069,3,3,0,0,0,4,4,25,0,2,3,2012,6,7,41,0,5,3,SR-543,NULL,26,39.49367222,-76.26060278,0,12,11,0,1,1,0,1,1,1,0,1,0,0000000,99,99,99,99,99,99,0,0,0,1,0,736
240070_2012,24,240070,2,2,0,0,0,2,2,35,0,6,3,2012,3,17,12,0,3,3,SR-213,NULL,38,38.99434444,-76.07528889,0,12,2,0,1,1,0,1,1,1,0,1,0,0000000,99,99,99,99,99,99,0,0,0,1,0,737
240071_2012,24,240071,2,2,0,0,0,2,2,3,0,6,3,2012,3,14,53,0,5,3,SR-2,"LEE AIRPARK DR",0,38.943925,-76.56066944,0,12,6,0,2,3,0,1,1,1,0,1,0,0000000,99,99,99,99,99,99,0,0,0,1,0,738
240072_2012,24,240072,3,3,0,0,0,3,3,13,0,6,3,2012,3,22,23,0,3,3,SR-26,SR-32,0,39.40401944,-76.95100833,0,12,6,0,2,2,0,1,3,1,0,1,0,0000000,99,99,99,99,99,99,0,0,0,1,0,739
240073_2012,24,240073,2,2,0,0,0,3,3,3,0,26,3,2012,2,11,8,0,15,4,CR-907,NULL,21,39.13511944,-76.65637222,0,12,8,0,1,1,0,1,1,1,0,1,0,0000000,99,99,99,99,88,88,0,0,0,1,0,740
240074_2012,24,240074,1,1,0,0,0,1,1,33,1558,9,3,2012,6,1,53,0,15,4,CR-122,NULL,6,38.80513611,-76.96492778,0,31,0,0,1,1,0,6,3,1,0,1,0,0000000,99,99,99,99,99,99,0,0,0,1,0,741
240075_2012,24,240075,1,1,0,0,0,2,2,15,0,11,3,2012,1,19,54,0,3,3,SR-213,NULL,255,39.69646111,-75.86846111,0,30,0,0,1,1,0,4,2,1,0,1,0,0000000,99,99,99,99,99,99,0,0,0,1,1,742