st_case_year,STATE,ST_CASE,VE_TOTAL,VE_FORMS,PVH_INVL,PEDS,PERNOTMVIT,PERMVIT,PERSONS,COUNTY,CITY,DAY,MONTH,YEAR,DAY_WEEK,HOUR,MINUTE,NHS,ROAD_FNC,ROUTE,TWAY_ID,TWAY_ID2,MILEPT,LATITUDE,LONGITUD,SP_JUR,HARM_EV,MAN_COLL,RELJCT1,RELJCT2,TYP_INT,WRK_ZONE,REL_ROAD,LGT_COND,WEATHER1,WEATHER2,WEATHER,SCH_BUS,RAIL,NOT_HOUR,NOT_MIN,ARR_HOUR,ARR_MIN,HOSP_HR,HOSP_MN,CF1,CF2,CF3,FATALS,DRUNK_DR,idno
240076_2012,24,240076,1,1,0,0,0,1,1,5,0,11,3,2012,1,11,50,1,12,3,SR-695,NULL,19,39.32403889,-76.477825,0,41,0,0,1,1,0,3,1,1,0,1,0,0000000,99,99,99,99,99,99,0,0,0,1,1,743
240077_2012,24,240077,1,1,0,1,1,3,3,3,0,12,3,2012,2,20,54,0,5,3,SR-468,NULL,29,38.81513056,-76.54321111,0,8,0,0,1,1,0,1,3,1,0,1,0,0000000,99,99,99,99,88,88,0,0,0,1,0,744
240078_2012,24,240078,1,1,0,0,0,2,2,13,0,18,3,2012,1,0,46,0,6,4,CR-235,NULL,1,39.56320556,-77.14327222,0,24,0,0,1,1,0,4,2,1,0,1,0,0000000,99,99,99,99,99,99,0,0,0,2,1,745
240079_2012,24,240079,1,1,0,0,0,1,1,21,0,20,3,2012,3,1,48,1,11,1,I-70,NULL,195,39.402425,-77.33984444,0,41,0,0,1,1,0,6,2,2,0,2,0,0000000,99,99,99,99,88,88,0,0,0,1,0,746
240080_2012,24,240080,1,1,0,0,0,2,2,27,0,21,3,2012,4,14,6,1,1,1,I-70,NULL,69,39.32346111,-77.00745,0,42,0,0,1,1,0,4,1,1,0,1,0,0000000,99,99,99,99,99,99,0,0,0,1,0,747
240081_2012,24,240081,2,2,0,0,0,3,3,13,0,25,3,2012,1,11,25,0,13,3,SR-26,"GEORGETOWN BLVD",102,39.40228333,-76.94463056,0,12,6,0,2,2,0,1,1,1,0,1,0,0000000,99,99,99,99,99,99,0,0,0,1,0,748
240082_2012,24,240082,1,1,0,0,0,1,1,13,0,25,3,2012,1,16,1,0,6,4,CR-92,NULL,0,39.710225,-77.00701389,0,42,0,0,1,1,0,6,1,1,0,1,0,0000000,99,99,99,99,88,88,0,0,0,1,1,749
240083_2012,24,240083,2,2,0,0,0,2,2,1,0,17,3,2012,7,15,10,0,3,3,SR-51,NULL,104,39.56721667,-78.70425556000001,0,12,6,0,1,1,0,1,1,1,0,1,0,0000000,99,99,99,99,99,99,0,0,0,1,0,750
240084_2012,24,240084,2,2,0,0,0,3,3,25,0,7,2,2012,3,8,51,0,14,3,SR-7,NULL,63,39.46452222,-76.27804722,0,12,2,0,1,1,0,1,1,1,0,1,8,0000000,99,99,99,99,99,99,0,0,0,1,0,751
240085_2012,24,240085,1,1,0,0,0,2,2,43,0,28,2,2012,3,3,25,0,3,3,SR-65,NULL,67,39.55533056,-77.73679444,0,1,0,0,1,1,0,5,2,1,0,1,0,0000000,99,99,99,99,99,99,0,0,0,1,1,752
240086_2012,24,240086,1,1,0,1,1,1,1,31,0,25,2,2012,7,3,20,0,3,3,SR-28,NULL,0,39.10275278,-77.09052778,0,8,0,0,1,1,0,1,2,1,0,1,0,0000000,99,99,99,99,88,88,0,0,0,1,0,753
240087_2012,24,240087,1,1,0,0,0,1,1,510,50,19,3,2012,2,3,45,0,13,6,"344 W. NORTH AVE",NULL,0,39.31114444,-76.61848056,0,1,0,0,1,1,0,5,3,1,0,1,0,0000000,99,99,99,99,99,99,0,0,0,1,0,754
240088_2012,24,240088,1,1,0,0,0,1,1,13,0,15,1,2012,1,16,1,1,2,3,SR-30,NULL,5,39.578275,-76.84087222,0,33,0,0,1,1,0,4,1,1,0,1,0,0000000,99,99,99,99,88,88,0,0,0,1,1,755
240089_2012,24,240089,1,1,0,0,0,1,1,9,0,26,1,2012,5,16,8,0,4,3,SR-263,NULL,23,38.60291944,-76.57139167,0,11,0,0,1,1,0,1,1,1,0,1,0,0000000,99,99,99,99,99,99,0,0,0,1,0,756
240090_2012,24,240090,4,4,0,0,0,6,6,510,50,5,3,2012,2,15,34,0,13,2,US-1,NULL,0,39.31582778,-76.58038056,0,12,1,0,1,1,0,1,1,1,0,1,0,0000000,99,99,99,99,99,99,0,0,0,1,1,757
240091_2012,24,240091,2,2,0,0,0,7,7,33,1558,1,3,2012,5,18,28,0,13,3,SR-414,"DEER PARK DRIVE",30,38.82289444,-76.95248889,0,12,6,0,2,3,0,1,3,1,0,1,0,0000000,99,99,99,99,99,99,0,0,0,1,0,758
240092_2012,24,240092,1,1,0,1,1,3,3,25,0,16,3,2012,6,18,30,0,15,4,CR-1666,NULL,2,39.49710833,-76.328775,0,8,0,0,1,1,0,1,1,1,0,1,0,0000000,99,99,99,99,99,99,0,0,0,1,0,759
240093_2012,24,240093,1,1,0,0,0,1,1,43,0,18,3,2012,1,0,57,0,4,2,US-40,NULL,267,39.65947222,-77.8969,0,32,0,0,1,1,0,4,2,1,0,1,0,0000000,99,99,99,99,99,99,0,0,0,1,0,760
240094_2012,24,240094,1,1,0,1,1,1,1,5,0,31,3,2012,7,1,51,0,13,3,SR-45,NULL,20,39.40371111,-76.60421944,0,8,0,0,1,1,0,1,3,1,0,1,0,0000000,99,99,99,99,88,88,0,0,0,1,0,761
240095_2012,24,240095,2,2,0,0,0,6,6,35,0,26,3,2012,2,12,18,0,3,3,SR-213,NULL,43,38.98603056,-76.07191667,0,12,2,0,1,1,0,1,1,1,0,1,0,0000000,99,99,99,99,99,99,0,0,0,1,0,762
240096_2012,24,240096,1,1,0,0,0,1,1,31,369,7,3,2012,4,15,52,0,13,4,CR-1659,NULL,23,39.06605833,-77.02530833,0,1,0,0,1,1,0,4,1,1,0,1,0,0000000,99,99,99,99,99,99,0,0,0,1,0,763
240097_2012,24,240097,1,1,0,0,0,3,3,31,0,23,3,2012,6,1,12,0,13,3,SR-185,"MGNOLIA PARKWAY",0,38.96789722,-77.077475,0,42,0,0,2,5,0,6,3,1,0,1,0,0000000,99,99,99,99,99,99,20,0,0,3,0,764
240098_2012,24,240098,1,1,0,0,0,1,1,5,0,30,3,2012,6,14,57,1,11,1,"I-695 RAMP","BROENING HIGHWAY",19,39.23507222,-76.50718056,0,38,0,1,3,3,0,4,1,1,0,1,0,0000000,99,99,99,99,99,99,0,0,0,1,0,765
240099_2012,24,240099,2,2,0,0,0,2,2,1,0,1,4,2012,1,21,37,0,13,2,"US-40 AL",NULL,76,39.64056389,-78.82666111,0,12,2,0,1,1,0,1,2,2,0,2,0,0000000,99,99,99,99,99,99,0,0,0,1,1,766
240100_2012,24,240100,1,1,0,0,0,1,1,11,0,2,4,2012,2,0,54,0,4,3,SR-16,NULL,40,38.74738056,-75.87857778,0,34,0,0,1,1,0,4,2,2,0,2,0,0000000,99,99,99,99,88,88,0,0,0,1,1,767
240101_2012,24,240101,1,1,0,0,0,1,1,29,0,5,4,2012,5,4,16,0,5,3,SR-299,NULL,48,39.37310833,-75.80268333,0,42,0,0,1,1,0,6,2,1,0,1,0,0000000,99,99,99,99,88,88,0,0,0,1,1,768
240102_2012,24,240102,1,1,0,0,0,1,1,33,0,3,4,2012,3,9,13,1,11,1,I-95,NULL,56,38.81819444,-76.94551667,0,42,0,0,1,1,0,6,1,1,0,1,0,0000000,99,99,99,99,88,88,0,0,0,1,0,769
240103_2012,24,240103,2,2,0,0,0,4,4,39,0,6,4,2012,6,10,26,1,2,2,US-13,"EDEN ALLEN RD",196,38.28144167,-75.65056667,2,12,6,0,2,2,0,1,1,1,0,1,0,0000000,99,99,99,99,99,99,0,0,0,1,0,770
240104_2012,24,240104,1,1,0,0,0,1,1,37,0,7,4,2012,7,19,50,0,6,3,SR-244,NULL,57,38.22294444,-76.573025,0,35,0,0,1,1,0,4,3,1,0,1,0,0000000,99,99,99,99,88,88,0,0,0,1,1,771
240105_2012,24,240105,1,1,0,0,0,1,1,45,1680,9,4,2012,2,10,52,1,2,2,US-50,NULL,302,38.38491111,-75.33190278,0,42,0,0,1,1,0,4,1,1,0,1,0,0000000,99,99,99,99,99,99,0,0,0,1,0,772
240106_2012,24,240106,2,2,0,0,0,2,2,3,419,9,4,2012,2,17,51,0,3,3,SR-424,NULL,35,38.96540556,-76.662425,0,12,2,0,1,1,0,1,1,1,0,1,0,0000000,99,99,99,99,88,88,0,0,0,2,1,773
240107_2012,24,240107,1,1,0,0,0,2,2,3,642,9,4,2012,2,16,50,0,99,8,"2604 CHAPEL LAKE DR",NULL,0,39.03618889,-76.68328889,0,39,0,0,4,1,0,6,1,1,0,1,0,0000000,99,99,99,99,99,99,0,0,0,1,0,774
240108_2012,24,240108,1,1,0,0,0,1,1,37,0,14,4,2012,7,13,46,0,5,3,SR-238,NULL,29,38.31548889,-76.80872778,0,24,0,0,1,1,0,4,1,1,0,1,0,0000000,99,99,99,99,99,99,0,0,0,1,0,775
240109_2012,24,240109,1,1,0,0,0,2,2,39,1280,14,4,2012,7,21,33,0,5,4,CR-301,NULL,27,38.25749722,-75.72807222,0,38,0,0,1,1,0,6,2,1,0,1,0,0000000,99,99,99,99,99,99,0,0,0,1,1,776
240110_2012,24,240110,1,1,0,0,0,2,2,5,0,14,4,2012,7,22,1,0,14,3,SR-25,NULL,218,39.64547222,-76.80038889,0,1,0,0,1,1,0,6,2,10,0,10,0,0000000,99,99,99,99,99,99,0,0,0,2,1,777
240111_2012,24,240111,1,1,0,0,0,1,1,33,365,17,4,2012,3,18,1,1,12,3,SR-5,NULL,78,38.76673611,-76.88439722,0,24,0,0,1,1,0,3,1,1,0,1,0,0000000,99,99,99,99,99,99,0,0,0,1,0,778
240112_2012,24,240112,2,2,0,0,0,2,2,27,0,16,4,2012,2,21,45,0,16,4,CR-2129,"COMMERCE CENTER DRIVE",7,39.17756944,-76.82194444,0,12,6,0,2,2,0,1,3,1,0,1,0,0000000,99,99,99,99,99,99,0,0,0,1,0,779
240113_2012,24,240113,2,2,0,0,0,2,2,3,0,22,4,2012,1,20,53,0,15,4,CR-2838,NULL,0,38.98381111,-76.57449722,0,12,2,0,1,1,0,1,2,2,10,2,0,0000000,99,99,99,99,99,99,0,0,0,1,0,780
240114_2012,24,240114,1,1,0,1,1,1,1,43,1460,22,4,2012,1,12,32,0,13,3,SR-64,NULL,0,39.64276389,-77.58951389,0,8,0,0,1,1,0,1,1,1,0,1,0,0000000,99,99,99,99,99,99,0,0,0,1,0,781
240115_2012,24,240115,2,2,0,0,0,2,2,33,240,14,4,2012,7,1,16,1,11,1,I-95,NULL,131,38.89940278,-76.84993611,0,12,1,0,1,1,0,1,3,1,0,1,0,0000000,99,99,99,99,99,99,0,0,0,1,0,782
240116_2012,24,240116,1,1,0,0,0,1,1,5,0,15,4,2012,1,12,49,1,11,1,I-695,NULL,100,39.25388056,-76.68543889,0,31,0,1,19,1,0,4,1,1,0,1,0,0000000,99,99,99,99,99,99,0,0,0,1,0,783
240117_2012,24,240117,1,1,0,0,0,1,1,43,0,27,4,2012,6,12,0,0,15,4,CR-468,NULL,5,39.60270556,-77.77440556,0,42,0,0,1,1,0,6,1,1,0,1,0,0000000,99,99,99,99,99,99,0,0,0,1,0,784
240118_2012,24,240118,2,2,0,0,0,2,2,47,0,27,4,2012,6,16,6,1,2,2,US-113,SR-756,12,38.08218889,-75.54045556,0,12,6,0,2,3,0,1,1,1,0,1,0,0000000,99,99,99,99,99,99,0,0,0,1,1,785
240119_2012,24,240119,1,1,0,0,0,2,2,13,1670,28,4,2012,7,1,5,0,6,4,CR-285,NULL,24,39.52198333,-77.04755278,0,42,0,0,1,1,0,5,2,1,0,1,0,0000000,99,99,99,99,99,99,0,0,0,1,1,786
240120_2012,24,240120,2,1,1,0,1,2,3,23,0,25,4,2012,4,17,0,0,3,3,SR-135,NULL,48,39.429975,-79.32965278,0,45,0,0,1,1,3,2,1,1,0,1,0,0000000,99,99,99,99,99,99,0,0,0,2,0,787
240121_2012,24,240121,1,1,0,0,0,3,3,37,995,28,4,2012,7,2,26,0,5,3,SR-472,NULL,24,38.39530556,-76.63798333,0,33,0,0,1,1,0,4,2,1,0,1,0,0000000,99,99,99,99,99,99,0,0,0,1,1,788
240122_2012,24,240122,1,1,0,1,1,1,1,45,1380,27,4,2012,6,23,56,0,13,2,US-13BU,NULL,57,38.36916389,-75.59486667,0,8,0,0,1,1,0,1,3,1,0,1,0,0000000,99,99,99,99,99,99,0,0,0,1,0,789
240123_2012,24,240123,1,1,0,0,0,1,1,27,0,22,4,2012,1,3,19,1,2,3,SR-32,NULL,180,39.29227222,-76.954,0,42,0,0,1,1,0,6,2,1,0,1,0,0000000,99,99,99,99,88,88,0,0,0,1,1,790
240124_2012,24,240124,1,1,0,1,1,1,1,25,0,27,4,2012,6,22,29,0,13,2,US-40,"JAMES AVE",124,39.50141667,-76.16866389,0,8,0,0,2,3,0,1,2,1,0,1,0,0000000,99,99,99,99,99,99,0,0,0,1,0,791
240125_2012,24,240125,2,2,0,0,0,2,2,21,0,28,4,2012,7,4,20,1,11,1,I-270,NULL,86,39.38838333,-77.41617222,0,24,0,0,1,1,0,3,2,1,0,1,0,0000000,99,99,99,99,99,99,0,0,0,1,0,792
240126_2012,24,240126,2,2,0,0,0,2,2,15,0,15,4,2012,1,13,55,0,6,4,CR-558,"MCKEOWN RD",3,39.55691111,-75.83305833,0,12,2,0,2,3,0,1,1,1,0,1,0,0000000,99,99,99,99,99,99,0,0,0,1,0,793
240127_2012,24,240127,3,3,0,0,0,3,3,25,0,29,4,2012,1,16,0,1,2,2,US-1,NULL,190,39.65560556,-76.17662778,0,12,6,0,1,1,0,1,1,1,0,1,0,0000000,99,99,99,99,99,99,0,0,0,1,0,794
240128_2012,24,240128,3,3,0,1,1,4,4,31,0,23,4,2012,2,2,4,1,11,1,I-495,NULL,118,39.01727778,-77.02604722,0,12,1,0,1,1,0,1,3,2,0,2,0,0000000,99,99,99,99,99,99,19,0,0,1,0,795
240129_2012,24,240129,1,1,0,0,0,1,1,33,175,2,5,2012,4,5,8,1,2,2,US-301,NULL,45,38.71749444,-76.84725,0,32,0,0,1,1,0,4,2,1,0,1,0,0000000,99,99,99,99,99,99,0,0,0,1,0,796
240130_2012,24,240130,1,1,0,0,0,1,1,33,710,4,5,2012,6,6,39,1,11,1,"I-495 RAMP",NULL,30,39.00313889,-76.89325,0,24,0,1,5,1,0,4,1,5,0,5,0,0000000,99,99,99,99,99,99,0,0,0,1,0,797
240131_2012,24,240131,2,2,0,0,0,2,2,3,0,5,5,2012,7,2,40,1,11,1,I-695,NULL,16,39.207125,-76.60856944,0,12,1,0,1,1,0,1,3,1,0,1,0,0000000,99,99,99,99,99,99,0,0,0,1,2,798
240132_2012,24,240132,3,3,0,0,0,4,4,25,0,8,5,2012,3,10,0,0,3,3,SR-152,NULL,67,39.48241111,-76.38736667,0,12,2,0,1,1,0,1,1,1,0,1,0,0000000,99,99,99,99,99,99,0,0,0,2,0,799
240133_2012,24,240133,2,2,0,0,0,4,4,5,0,4,5,2012,6,6,10,0,13,3,SR-146,NULL,49,39.47280833,-76.57562778,0,12,6,0,1,1,0,1,1,5,0,5,0,0000000,99,99,99,99,99,99,0,0,0,3,0,800
240134_2012,24,240134,1,1,0,0,0,1,1,5,0,6,5,2012,1,20,18,0,13,3,SR-146,NULL,106,39.53773611,-76.54221667,0,39,0,0,1,1,0,6,2,1,0,1,0,0000000,99,99,99,99,88,88,0,0,0,1,1,801
240135_2012,24,240135,1,1,0,0,0,1,1,17,0,9,5,2012,4,17,5,0,3,3,SR-234,NULL,55,38.4114,-76.86143333,0,24,0,0,1,1,0,4,1,1,0,1,0,0000000,99,99,99,99,88,88,0,0,0,1,0,802
240136_2012,24,240136,1,1,0,0,0,1,1,33,1620,6,5,2012,1,15,0,0,16,4,CR-99,NULL,12,38.83173889,-76.77095,0,11,0,0,1,1,0,1,1,1,0,1,0,0000000,99,99,99,99,99,99,0,0,0,1,0,803
240137_2012,24,240137,1,1,0,0,0,1,1,43,160,13,5,2012,1,18,36,0,6,4,CR-314,NULL,71,39.56557778,-77.61438333,0,42,0,0,1,1,0,6,1,1,0,1,0,0000000,99,99,99,99,99,99,0,0,0,1,1,804
240138_2012,24,240138,1,1,0,1,1,1,1,33,365,22,5,2012,3,23,22,1,12,3,SR-5,NULL,127,38.82928056,-76.93016667,0,8,0,0,1,1,0,1,3,1,0,1,0,0000000,99,99,99,99,99,99,0,0,0,1,0,805
240139_2012,24,240139,2,1,1,1,1,1,1,33,365,11,5,2012,6,22,54,0,16,4,CR-3764,NULL,6,38.71876667,-76.94466944,0,8,0,0,1,1,0,1,3,1,0,1,0,0000000,99,99,99,99,99,99,0,0,0,1,1,806
240140_2012,24,240140,2,2,0,0,0,2,2,33,365,12,5,2012,7,21,19,0,13,4,CR-223,NULL,72,38.76678889,-76.88933611,0,12,99,0,8,1,0,1,3,1,0,1,0,0000000,99,99,99,99,88,88,0,0,0,1,1,807
240141_2012,24,240141,2,2,0,0,0,2,2,43,0,18,5,2012,6,17,11,0,5,3,SR-491,NULL,2,39.65715,-77.56065556,0,12,2,0,1,1,0,1,1,1,0,1,0,0000000,99,99,99,99,88,88,0,0,0,1,0,808
240142_2012,24,240142,1,1,0,0,0,1,1,5,0,16,5,2012,4,23,29,0,4,3,SR-439,NULL,41,39.67384722,-76.59975556,0,30,0,0,1,1,0,4,2,1,0,1,0,0000000,99,99,99,99,88,88,0,0,0,1,1,809
240143_2012,24,240143,1,1,0,0,0,1,1,27,0,20,5,2012,1,18,16,0,4,3,SR-99,NULL,13,39.32226389,-76.91619167,0,31,0,0,1,1,0,4,1,1,0,1,0,0000000,99,99,99,99,99,99,0,0,0,1,1,810
240144_2012,24,240144,1,1,0,1,1,1,1,25,10,24,3,2012,7,20,14,1,12,3,SR-22,NULL,3,39.52268333,-76.18061389,0,8,0,0,1,1,0,1,2,2,10,2,0,0000000,99,99,99,99,99,99,0,0,0,1,0,811
240145_2012,24,240145,1,1,0,0,0,1,1,31,630,21,4,2012,7,22,9,0,14,3,SR-124,"MONTGOMERY VILLAGE AVE",0,39.16005556,-77.20213056,0,33,0,0,2,2,0,3,3,1,0,1,0,0000000,99,99,99,99,88,88,0,0,0,1,1,812
240146_2012,24,240146,2,2,0,0,0,2,2,33,0,6,5,2012,1,15,4,0,13,3,SR-214,NULL,67,38.89955,-76.79608056,0,12,6,0,8,1,0,1,1,1,0,1,0,0000000,99,99,99,99,99,99,0,0,0,1,0,813
240147_2012,24,240147,2,2,0,0,0,3,3,13,1670,17,5,2012,5,16,7,0,3,3,SR-97,"NICODEMUS RD",101,39.49104444,-76.99641944,0,12,2,0,2,2,0,1,1,1,0,1,0,0000000,99,99,99,99,99,99,0,0,0,1,0,814
240148_2012,24,240148,1,1,0,1,1,1,1,47,1150,28,5,2012,2,1,21,0,13,3,SR-528,"54TH STREET",51,38.37856111,-75.06840833,0,8,0,0,2,3,0,1,3,1,0,1,0,0000000,99,99,99,99,99,99,0,0,0,1,1,815
240149_2012,24,240149,3,3,0,0,0,4,4,33,170,18,5,2012,6,2,35,0,13,3,SR-197,US-50,18,38.94958611,-76.74051111,0,12,1,0,3,3,0,1,3,1,0,1,0,0000000,99,99,99,99,99,99,0,0,0,1,1,816
240150_2012,24,240150,2,2,0,0,0,2,2,33,365,28,5,2012,2,22,58,1,12,3,SR-5,NULL,78,38.76659167,-76.88423611,0,12,98,0,1,1,0,1,1,1,0,1,0,0000000,99,99,99,99,88,88,0,0,0,1,1,817
240151_2012,24,240151,2,2,0,0,0,2,2,27,0,30,5,2012,4,21,49,1,12,3,"SR-100 RAMP",NULL,2,39.25223889,-76.8213,0,1,0,1,5,1,0,1,3,1,0,1,0,0000000,99,99,99,99,88,88,19,0,0,1,0,818
240152_2012,24,240152,1,1,0,1,1,1,1,33,830,5,5,2012,7,20,46,0,13,3,SR-193,NULL,14,38.98438056,-76.96881944,0,8,0,0,1,1,0,1,3,1,0,1,0,0000000,99,99,99,99,99,99,0,0,0,1,0,819
240153_2012,24,240153,2,2,0,0,0,4,4,27,0,31,5,2012,5,14,8,0,4,4,CR-79,NULL,29,39.25336389,-76.92941111,0,12,6,0,8,1,0,1,1,1,0,1,0,0000000,99,99,99,99,99,99,0,0,0,1,0,820
240154_2012,24,240154,1,1,0,1,1,1,1,31,0,3,5,2012,5,6,29,0,3,3,SR-108,NULL,108,39.18201667,-77.10818889,0,9,0,0,1,1,0,1,1,1,0,1,0,0000000,99,99,99,99,99,99,0,0,0,1,0,821
240155_2012,24,240155,1,1,0,0,0,1,1,3,673,10,5,2012,5,1,43,1,12,3,SR-10,NULL,50,39.17672222,-76.60611667,0,42,0,0,1,1,0,6,2,2,0,2,0,0000000,99,99,99,99,88,88,0,0,0,1,1,822
240156_2012,24,240156,2,2,0,0,0,2,2,3,0,17,1,2012,3,20,34,1,13,3,SR-3,NULL,53,39.05431389,-76.65938889,0,12,2,0,1,1,0,1,3,1,0,1,0,0000000,99,99,99,99,99,99,0,0,0,1,1,823
240157_2012,24,240157,1,1,0,0,0,1,1,33,569,31,5,2012,5,3,13,0,14,4,CR-3074,NULL,32,38.84978611,-76.88413611,0,30,0,0,1,1,0,6,3,1,0,1,0,0000000,99,99,99,99,88,88,0,0,0,1,1,824
240158_2012,24,240158,3,2,1,0,0,2,2,33,565,10,5,2012,5,14,32,0,14,4,CR-193,NULL,17,38.77413889,-76.96957222,0,12,2,0,1,1,0,1,1,1,0,1,0,0000000,99,99,99,99,99,99,0,0,0,1,0,825
240159_2012,24,240159,2,2,0,0,0,2,2,31,0,16,5,2012,4,7,35,0,13,3,SR-355,NULL,63,39.05030278,-77.11490556,0,12,1,0,1,1,0,1,4,1,0,1,0,0000000,99,99,99,99,99,99,0,0,0,1,0,826
240160_2012,24,240160,1,1,0,0,0,1,1,35,0,4,6,2012,2,0,59,0,5,3,SR-309,NULL,14,38.93816667,-75.96963056,0,42,0,0,1,1,0,6,2,2,0,2,0,0000000,99,99,99,99,88,88,0,0,0,1,0,827
240161_2012,24,240161,1,1,0,0,0,1,1,35,0,7,6,2012,5,12,17,1,2,2,US-301,NULL,345,39.20360278,-75.89218889,0,42,0,0,1,1,0,6,1,1,0,1,0,0000000,99,99,99,99,99,99,0,0,0,1,0,828
240162_2012,24,240162,3,3,0,0,0,5,5,37,0,4,6,2012,2,23,11,1,13,3,SR-4,NULL,72,38.30944722,-76.50278889,0,12,1,0,1,1,0,1,2,1,0,1,0,0000000,99,99,99,99,99,99,0,0,0,2,2,829
240163_2012,24,240163,2,2,0,0,0,2,2,11,0,8,6,2012,6,22,16,1,2,3,SR-404,SR-313,74,38.83614167,-75.77847778,0,12,6,0,2,3,0,1,3,1,0,1,0,0000000,99,99,99,99,88,88,0,0,0,1,0,830
240164_2012,24,240164,1,1,0,1,1,1,1,33,1330,28,6,2012,5,5,30,1,13,2,US-1,NULL,24,38.96223611,-76.93935278,0,8,0,0,1,1,0,1,3,1,0,1,0,0000000,99,99,99,99,99,99,0,0,0,1,0,831
240165_2012,24,240165,1,1,0,0,0,1,1,13,0,3,6,2012,1,4,17,0,4,3,SR-97,NULL,0,39.35227222,-77.01618611,0,30,0,0,1,1,0,4,2,1,0,1,0,0000000,99,99,99,99,88,88,0,0,0,1,0,832
240166_2012,24,240166,1,1,0,0,0,1,1,1,1163,3,6,2012,1,23,44,0,4,4,CR-542,NULL,2,39.53778333,-78.61314722,0,3,0,0,1,1,0,5,2,1,0,1,0,0000000,99,99,99,99,88,88,0,0,0,1,1,833
240167_2012,24,240167,1,1,0,0,0,1,1,1,410,8,6,2012,6,19,33,1,13,3,SR-53,NULL,17,39.61516111,-78.83946944,0,31,0,0,1,1,0,6,1,1,0,1,0,0000000,99,99,99,99,99,99,0,0,0,1,0,834
240168_2012,24,240168,3,3,0,0,0,6,6,33,0,9,6,2012,7,2,47,1,11,1,I-95,NULL,0,38.79268056,-77.02997222,0,12,1,0,1,1,0,1,3,1,0,1,0,0000000,99,99,99,99,99,99,0,0,0,2,1,835
240169_2012,24,240169,1,1,0,1,1,2,2,21,0,12,6,2012,3,23,49,0,3,3,SR-26,"KINGFISHER DR",11,39.44948333,-77.38371111,0,8,0,0,3,2,0,1,3,10,0,10,0,0000000,99,99,99,99,88,88,0,0,0,1,0,836
240170_2012,24,240170,2,2,0,0,0,2,2,43,0,9,6,2012,7,13,9,1,2,2,US-522,NULL,1,39.72076667,-78.18068611,0,12,2,0,1,1,0,1,1,1,0,1,0,0000000,99,99,99,99,88,88,0,0,0,1,1,837
240171_2012,24,240171,2,2,0,0,0,2,2,3,0,14,6,2012,5,1,37,1,11,1,I-97,NULL,71,39.07111944,-76.65345833,0,12,2,0,1,1,0,1,3,1,0,1,0,0000000,99,99,99,99,99,99,0,0,0,2,1,838
240172_2012,24,240172,2,2,0,0,0,2,2,33,240,14,6,2012,5,22,22,0,13,3,SR-214,"COOLIDGE ST",2,38.88892778,-76.90848611,0,12,6,0,2,2,0,1,1,1,0,1,0,0000000,99,99,99,99,99,99,0,0,0,1,0,839
240173_2012,24,240173,1,1,0,1,1,1,1,17,0,18,6,2012,2,23,41,0,4,3,SR-224,NULL,202,38.56166111,-77.16471111,0,8,0,0,1,1,0,1,2,1,0,1,0,0000000,99,99,99,99,88,88,0,0,0,1,0,840
240174_2012,24,240174,1,1,0,1,1,1,1,15,0,19,6,2012,3,21,25,0,13,2,US-40,NULL,158,39.59837222,-75.81950556,0,8,0,0,1,1,0,1,3,1,0,1,0,0000000,99,99,99,99,99,99,0,0,0,1,0,841
240175_2012,24,240175,1,1,0,0,0,1,1,33,0,21,6,2012,5,23,55,1,11,1,I-95,NULL,285,39.05044444,-76.93141667,0,24,0,0,1,1,0,4,3,1,0,1,0,0000000,99,99,99,99,99,99,0,0,0,1,0,842
240176_2012,24,240176,1,1,0,1,1,1,1,33,830,3,7,2012,3,23,39,0,14,3,SR-500,NULL,11,38.95542778,-76.96328056,0,8,0,0,1,1,0,1,3,2,0,2,0,0000000,99,99,99,99,99,99,0,0,0,1,0,843
240177_2012,24,240177,3,3,0,0,0,4,4,31,0,15,3,2012,5,12,27,0,14,3,SR-320,NULL,26,39.00017778,-76.99038056,0,12,2,0,1,1,0,1,1,1,0,1,0,0000000,99,99,99,99,99,99,14,0,0,2,0,844
240178_2012,24,240178,1,1,0,0,0,1,1,13,0,2,4,2012,2,1,17,0,6,4,CR-635,NULL,0,39.46130833,-76.94246667,0,42,0,0,1,1,0,6,2,2,0,2,0,0000000,99,99,99,99,88,88,0,0,0,1,0,845
240179_2012,24,240179,1,1,0,1,1,1,1,510,50,5,4,2012,5,16,45,9,99,6,"MORTIMER AVE","RUBIN AVE",0,39.35106944,-76.69014167,0,9,0,0,2,3,0,1,1,1,0,1,0,0000000,99,99,99,99,99,99,0,0,0,1,0,846
240180_2012,24,240180,1,1,0,1,1,1,1,17,0,15,5,2012,3,13,59,9,99,9,"SUGARBERRY ST",NULL,0,38.6276,-76.94233333,0,8,0,0,1,1,0,1,1,1,0,1,0,0000000,99,99,99,99,88,88,0,0,0,1,0,847
240181_2012,24,240181,1,1,0,1,1,3,3,3,0,20,5,2012,1,21,10,0,13,3,SR-151,NULL,59,39.24230278,-76.45540833,0,8,0,0,1,1,0,1,3,1,0,1,0,0000000,99,99,99,99,99,99,0,0,0,1,0,848