st_case_year,STATE,ST_CASE,VE_TOTAL,VE_FORMS,PVH_INVL,PEDS,PERNOTMVIT,PERMVIT,PERSONS,COUNTY,CITY,DAY,MONTH,YEAR,DAY_WEEK,HOUR,MINUTE,NHS,ROAD_FNC,ROUTE,TWAY_ID,TWAY_ID2,MILEPT,LATITUDE,LONGITUD,SP_JUR,HARM_EV,MAN_COLL,RELJCT1,RELJCT2,TYP_INT,WRK_ZONE,REL_ROAD,LGT_COND,WEATHER1,WEATHER2,WEATHER,SCH_BUS,RAIL,NOT_HOUR,NOT_MIN,ARR_HOUR,ARR_MIN,HOSP_HR,HOSP_MN,CF1,CF2,CF3,FATALS,DRUNK_DR,idno
240182_2012,24,240182,1,1,0,1,1,1,1,33,1089,7,4,2012,7,15,3,0,16,6,"85TH AVE",NULL,1,38.97471667,-76.87529444,0,8,0,0,1,1,0,1,1,1,0,1,0,0000000,99,99,99,99,99,99,0,0,0,1,0,849
240183_2012,24,240183,1,1,0,0,0,2,2,43,0,5,5,2012,7,23,50,0,6,4,CR-789,NULL,0,39.59569167,-77.75802222,0,42,0,0,1,1,0,6,2,1,0,1,0,0000000,99,99,99,99,88,88,0,0,0,2,0,850
240184_2012,24,240184,1,1,0,1,1,1,1,3,0,5,5,2012,7,23,59,1,12,3,SR-100,NULL,67,39.14856944,-76.6348,0,8,0,0,1,1,0,1,3,1,0,1,0,0000000,99,99,99,99,99,99,0,0,0,1,0,851
240185_2012,24,240185,1,1,0,0,0,1,1,35,0,23,6,2012,7,14,39,1,2,2,"US-50 RAMP","NESBIT RD",1,38.96701667,-76.1855,0,24,0,1,5,1,0,4,1,1,0,1,0,0000000,99,99,99,99,99,99,0,0,0,1,1,852
240186_2012,24,240186,2,2,0,0,0,3,3,13,1670,23,6,2012,7,13,32,0,13,3,SR-97,NULL,138,39.54015556,-76.98944444,0,12,6,0,1,1,0,1,1,1,0,1,0,0000000,99,99,99,99,99,99,0,0,0,1,1,853
240187_2012,24,240187,2,2,0,0,0,2,2,23,0,21,6,2012,5,17,58,1,2,2,US-219,US-50,30,39.308975,-79.45430556,0,12,6,0,2,2,0,1,1,1,0,1,0,0000000,99,99,99,99,99,99,0,0,0,1,0,854
240188_2012,24,240188,1,1,0,0,0,1,1,35,0,24,6,2012,1,20,15,0,3,3,SR-300,NULL,89,39.19374722,-75.82621944,0,72,0,0,1,1,0,6,3,1,0,1,0,0000000,99,99,99,99,99,99,0,0,0,1,1,855
240189_2012,24,240189,1,1,0,1,1,1,1,47,0,26,6,2012,3,20,7,0,4,4,CR-1,NULL,34,38.27938056,-75.56665556,0,8,0,0,1,1,0,1,5,1,0,1,0,0000000,99,99,99,99,99,99,0,0,0,1,0,856
240190_2012,24,240190,2,2,0,0,0,3,3,17,0,26,6,2012,3,19,15,0,4,4,CR-50,NULL,30,38.60386944,-76.97627222,0,12,2,0,1,1,0,1,1,1,0,1,0,0000000,99,99,99,99,99,99,0,0,0,1,0,857
240191_2012,24,240191,1,1,0,0,0,1,1,9,0,28,6,2012,5,22,33,0,6,4,CR-10,NULL,31,38.65329167,-76.62738056,0,24,0,0,1,1,0,4,2,1,0,1,0,0000000,99,99,99,99,99,99,0,0,0,1,1,858
240192_2012,24,240192,2,2,0,0,0,4,4,33,370,24,6,2012,1,3,6,0,13,2,US-1,"DELAWARE ST",55,39.00575,-76.92985833,0,12,6,0,2,3,0,1,3,1,0,1,0,0000000,99,99,99,99,99,99,0,0,0,1,2,859
240193_2012,24,240193,2,2,0,0,0,5,5,41,480,2,2,2012,5,10,39,1,13,2,US-50,NULL,0,38.78693889,-76.0601,0,12,2,0,1,1,1,1,1,1,0,1,0,0000000,99,99,99,99,99,99,0,0,0,1,0,860
240194_2012,24,240194,2,2,0,0,0,3,3,27,0,15,6,2012,6,1,14,1,11,1,I-70,NULL,89,39.31773889,-76.97953889,0,12,2,0,1,1,0,1,2,1,0,1,0,0000000,99,99,99,99,88,88,0,0,0,1,1,861
240195_2012,24,240195,1,1,0,1,1,1,1,5,1189,18,2,2012,7,18,15,0,14,3,SR-147,NULL,0,39.37944444,-76.53803889,0,8,0,0,1,1,0,1,1,1,0,1,0,0000000,99,99,99,99,99,99,0,0,0,1,0,862
240196_2012,24,240196,2,2,0,0,0,2,2,25,0,27,6,2012,4,10,51,0,4,3,SR-147,"RECKORD RD",7,39.48636944,-76.41221389,0,12,6,0,2,2,0,1,1,1,0,1,0,0000000,99,99,99,99,99,99,0,0,0,1,0,863
240197_2012,24,240197,1,1,0,0,0,1,1,5,0,21,6,2012,5,1,16,1,11,1,"I-695 RAMP",NULL,42,39.29693611,-76.50041389,0,24,0,1,5,1,0,4,3,1,0,1,0,0000000,99,99,99,99,99,99,0,0,0,1,0,864
240198_2012,24,240198,2,2,0,0,0,2,2,15,0,26,6,2012,3,99,99,0,4,3,SR-7,"BELVUE RD",39,39.59828056,-75.95893333,0,1,0,0,2,2,0,1,1,1,0,1,0,0000000,99,99,99,99,99,99,14,0,0,1,0,865
240199_2012,24,240199,2,2,0,0,0,2,2,510,50,25,6,2012,2,12,11,0,13,6,"FULTON ST","MULBERRY ST",0,39.29350278,-76.64594444,0,12,6,0,2,2,0,1,1,1,0,1,0,0000000,99,99,99,99,99,99,0,0,0,1,0,866
240200_2012,24,240200,1,1,0,0,0,3,3,3,0,29,6,2012,6,23,25,0,5,4,CR-3550,NULL,13,38.87754722,-76.62996111,0,16,0,0,1,1,0,1,2,2,6,2,0,0000000,99,99,99,99,99,99,0,0,0,1,1,867
240201_2012,24,240201,2,2,0,0,0,2,2,33,0,20,5,2012,1,6,30,1,12,3,SR-295,NULL,63,38.99680556,-76.87422222,1,12,2,0,1,1,0,1,1,1,0,1,0,0000000,99,99,99,99,99,99,0,0,0,2,0,868
240202_2012,24,240202,2,2,0,0,0,2,2,5,0,12,4,2012,5,17,31,0,14,4,CR-722,"GARRISON FOREST RD",0,39.47555556,-76.76161944,0,12,1,0,3,3,0,1,1,1,0,1,0,0000000,99,99,99,99,99,99,0,0,0,1,0,869
240203_2012,24,240203,1,1,0,1,1,1,1,510,50,18,4,2012,4,12,37,0,13,6,"300 E. MONUMENT ST",NULL,0,39.29768889,-76.61195278,0,8,0,0,1,1,0,1,1,1,0,1,0,0000000,99,99,99,99,99,99,0,0,0,1,0,870
240204_2012,24,240204,2,2,0,0,0,2,2,25,10,20,5,2012,1,16,45,0,13,2,US-40,NULL,0,39.52512222,-76.13715278,0,12,2,0,1,1,0,1,1,1,0,1,0,0000000,99,99,99,99,99,99,0,0,0,1,1,871
240205_2012,24,240205,1,1,0,1,1,1,1,47,1150,5,6,2012,3,17,47,1,13,3,SR-528,"21ST STREET",0,38.35071111,-75.07766389,0,8,0,0,3,2,0,1,1,1,0,1,0,0000000,99,99,99,99,99,99,0,0,0,1,0,872
240206_2012,24,240206,1,1,0,1,1,1,1,5,0,9,6,2012,7,22,0,0,6,4,CR-2356,NULL,0,39.31892222,-76.73571944,0,8,0,0,1,1,0,1,1,1,0,1,0,0000000,99,99,99,99,99,99,0,0,0,1,0,873
240207_2012,24,240207,2,2,0,0,0,8,8,23,700,28,6,2012,5,16,54,0,4,3,SR-495,"SOUTH ST",223,39.69480833,-79.15839722,0,12,1,0,3,3,0,1,1,1,0,1,0,0000000,99,99,99,99,99,99,0,0,0,1,0,874
240208_2012,24,240208,1,1,0,0,0,1,1,510,50,27,6,2012,4,3,40,1,12,3,SR-295,NULL,0,39.26538889,-76.63536389,1,33,0,0,5,1,0,4,3,1,0,1,0,0000000,99,99,99,99,88,88,0,0,0,1,0,875
240209_2012,24,240209,1,1,0,0,0,1,1,17,0,2,7,2012,2,18,39,0,3,3,SR-210,NULL,63,38.6355,-77.05566389,0,35,0,0,1,1,0,4,1,1,0,1,0,0000000,99,99,99,99,99,99,0,0,0,1,0,876
240210_2012,24,240210,1,1,0,0,0,1,1,1,1298,9,7,2012,2,19,19,9,99,9,"BARTON PARK DRIVE",NULL,5,99.9999,999.9999,0,34,0,0,1,1,0,4,1,1,0,1,0,0000000,99,99,99,99,99,99,0,0,0,1,1,877
240211_2012,24,240211,2,2,0,0,0,4,4,43,0,6,7,2012,6,13,36,0,3,2,US-40,"GREENBRIER PARK RD",455,39.54184722,-77.60818333,0,12,6,0,3,3,0,1,1,1,0,1,0,0000000,99,99,99,99,99,99,0,0,0,1,0,878
240212_2012,24,240212,1,1,0,0,0,1,1,47,110,4,7,2012,4,21,18,0,15,4,CR-583,NULL,0,38.38010278,-75.14591667,0,42,0,0,1,1,0,3,3,1,0,1,0,0000000,99,99,99,99,99,99,0,0,0,1,1,879
240213_2012,24,240213,2,2,0,0,0,3,3,45,0,6,7,2012,6,11,56,0,15,4,CR-416,"OCEAN GATEWAY",32,38.40290278,-75.62032778,0,12,6,0,2,2,0,1,1,1,0,1,0,0000000,99,99,99,99,99,99,0,0,0,2,0,880
240214_2012,24,240214,1,1,0,1,1,1,1,5,0,8,7,2012,1,18,30,0,13,3,SR-26,NULL,66,39.36010833,-76.77539167,0,8,0,0,1,1,0,1,1,1,0,1,0,0000000,99,99,99,99,99,99,0,0,0,1,0,881
240215_2012,24,240215,1,1,0,0,0,1,1,5,0,7,7,2012,7,6,19,1,11,1,I-83,NULL,10,39.38555278,-76.66220556,0,24,0,0,1,1,0,4,1,1,0,1,0,0000000,99,99,99,99,99,99,0,0,0,1,1,882
240216_2012,24,240216,1,1,0,1,1,1,1,33,365,7,7,2012,7,22,33,0,16,4,CR-3764,NULL,6,38.71653889,-76.94324167,0,8,0,0,1,1,0,1,2,1,0,1,0,0000000,99,99,99,99,99,99,0,0,0,1,0,883
240217_2012,24,240217,2,2,0,0,0,2,2,5,0,6,7,2012,6,17,18,0,15,4,CR-5600,"DIEHLWOOD RD",4,39.26738611,-76.49504722,0,12,6,0,2,3,0,1,1,1,0,1,0,0000000,99,99,99,99,99,99,0,0,0,1,0,884
240218_2012,24,240218,1,1,0,1,1,1,1,33,0,8,7,2012,1,1,38,0,15,4,CR-3668,NULL,1,38.91703333,-76.88537222,0,8,0,0,1,1,0,1,3,1,0,1,0,0000000,99,99,99,99,88,88,0,0,0,1,0,885
240219_2012,24,240219,1,1,0,0,0,1,1,43,0,4,7,2012,4,9,4,1,11,1,I-70,NULL,210,39.65185833,-77.86195833,0,1,0,0,1,1,0,3,1,1,0,1,0,0000000,99,99,99,99,99,99,0,0,0,1,0,886
240220_2012,24,240220,2,1,1,4,4,1,1,31,0,11,7,2012,4,22,26,1,11,1,I-495,NULL,110,39.01691667,-77.01114444,0,14,0,0,1,1,0,2,3,1,0,1,0,0000000,99,99,99,99,99,99,23,0,0,1,1,887
240221_2012,24,240221,1,1,0,0,0,1,1,33,0,11,7,2012,4,4,33,1,13,2,US-301,NULL,110,38.79120278,-76.78342778,0,35,0,0,1,1,0,3,2,1,0,1,0,0000000,99,99,99,99,99,99,0,0,0,1,0,888
240222_2012,24,240222,1,1,0,0,0,1,1,19,0,14,7,2012,7,20,53,0,3,3,SR-343,NULL,80,38.56945556,-76.12277222,0,42,0,0,1,1,0,6,5,1,0,1,0,0000000,99,99,99,99,88,88,0,0,0,1,0,889
240223_2012,24,240223,2,2,0,0,0,3,3,5,0,15,7,2012,1,1,32,1,11,1,I-83,NULL,10,39.385175,-76.66230833,0,12,1,0,1,1,0,1,2,1,0,1,0,0000000,99,99,99,99,88,88,0,0,0,1,1,890
240224_2012,24,240224,1,1,0,0,0,1,1,27,0,21,7,2012,7,13,42,0,14,3,SR-99,NULL,63,39.29738611,-76.84524444,0,33,0,0,1,1,0,4,1,2,10,2,0,0000000,99,99,99,99,88,88,0,0,0,1,0,891
240225_2012,24,240225,1,1,0,0,0,1,1,31,0,12,7,2012,5,22,22,0,16,4,CR-6064,NULL,11,39.188125,-77.168275,0,33,0,0,1,1,0,3,3,1,0,1,0,0000000,99,99,99,99,88,88,0,0,0,1,1,892
240226_2012,24,240226,1,1,0,1,1,5,5,19,230,3,7,2012,3,20,13,0,16,3,SR-343,"DORCHESTER AVE",110,38.56045556,-76.06750833,0,8,0,0,2,3,0,1,1,1,0,1,0,0000000,99,99,99,99,99,99,0,0,0,1,0,893
240227_2012,24,240227,1,1,0,0,0,1,1,33,896,26,7,2012,5,3,37,0,16,4,CR-4638,NULL,5,38.89010556,-76.82550833,0,26,0,0,1,1,0,6,3,1,0,1,0,0000000,99,99,99,99,99,99,0,0,0,1,1,894
240228_2012,24,240228,2,2,0,0,0,2,2,25,0,27,7,2012,6,10,26,0,16,3,SR-23,"GRAFTON SHOP RD",26,39.57560833,-76.40087778,0,12,6,0,2,2,0,1,1,1,0,1,0,0000000,99,99,99,99,99,99,0,0,0,1,0,895
240229_2012,24,240229,1,1,0,0,0,1,1,3,952,28,7,2012,7,7,4,1,2,3,SR-4,NULL,0,38.770625,-76.65798056,0,1,0,0,1,1,0,3,1,1,0,1,0,0000000,99,99,99,99,88,88,0,0,0,1,1,896
240230_2012,24,240230,2,2,0,0,0,4,4,43,0,23,7,2012,2,22,55,0,14,4,CR-1024,NULL,5,39.64855,-77.69166389,0,12,2,0,1,1,0,1,2,1,0,1,0,0000000,99,99,99,99,99,99,0,0,0,1,1,897
240231_2012,24,240231,1,1,0,0,0,1,1,27,0,30,7,2012,2,21,30,0,16,4,CR-979,NULL,4,39.22176667,-76.81219722,0,42,0,0,1,1,0,4,2,1,0,1,0,0000000,99,99,99,99,99,99,0,0,0,1,0,898
240232_2012,24,240232,3,3,0,0,0,3,3,5,0,13,7,2012,6,23,23,1,11,1,I-695,NULL,188,39.42082222,-76.64416667,0,12,6,0,1,1,0,1,3,1,0,1,0,0000000,99,99,99,99,99,99,0,0,0,1,1,899
240233_2012,24,240233,1,1,0,0,0,2,2,5,366,18,7,2012,4,5,3,0,4,4,CR-251,NULL,33,39.52736389,-76.571375,0,42,0,0,1,1,0,6,3,1,0,1,0,0000000,99,99,99,99,99,99,0,0,0,1,1,900
240234_2012,24,240234,1,1,0,1,1,1,1,33,830,14,7,2012,7,20,46,0,13,3,SR-193,NULL,9,38.98352778,-76.97805833,0,8,0,0,1,1,0,1,3,1,0,1,0,0000000,99,99,99,99,99,99,0,0,0,1,0,901
240235_2012,24,240235,2,2,0,0,0,2,2,43,730,26,7,2012,5,18,17,0,4,3,SR-66,NULL,67,39.60588889,-77.62165833,0,12,2,0,1,1,0,1,1,1,0,1,0,0000000,99,99,99,99,99,99,0,0,0,1,1,902
240236_2012,24,240236,4,4,0,0,0,5,5,33,1175,17,7,2012,3,13,59,0,13,3,SR-414,"I-495 RAMP",13,38.80813611,-76.97096389,0,12,6,0,2,3,0,1,1,1,0,1,0,0000000,99,99,99,99,99,99,0,0,0,1,0,903
240237_2012,24,240237,2,2,0,0,0,2,2,33,0,20,7,2012,6,9,15,1,11,1,I-95,NULL,27,38.80649444,-76.99123889,0,39,0,0,1,1,0,4,1,1,0,1,0,0000000,99,99,99,99,99,99,0,0,0,1,0,904
240238_2012,24,240238,2,2,0,0,0,3,3,43,0,31,7,2012,3,15,10,1,11,1,I-81,NULL,120,39.71825278,-77.73655278,0,12,7,0,1,1,0,1,1,1,0,1,0,0000000,99,99,99,99,99,99,0,0,0,1,0,905
240239_2012,24,240239,2,2,0,0,0,2,2,33,565,31,7,2012,3,9,8,0,15,4,CR-1202,NULL,41,38.71979444,-76.98375,0,12,6,0,8,1,0,1,1,1,0,1,0,0000000,99,99,99,99,99,99,0,0,0,1,0,906
240240_2012,24,240240,2,2,0,0,0,3,3,19,230,2,8,2012,5,14,22,1,2,2,US-50,NULL,40,38.55152778,-76.01859722,0,12,6,0,7,1,0,1,1,1,0,1,0,0000000,99,99,99,99,99,99,0,0,0,1,0,907
240241_2012,24,240241,2,2,0,1,1,3,3,33,0,2,8,2012,5,20,43,1,12,3,SR-5,CR-130,65,38.75050833,-76.879875,0,9,0,0,2,2,0,1,2,1,0,1,0,0000000,99,99,99,99,99,99,0,0,0,1,0,908
240242_2012,24,240242,1,1,0,0,0,2,2,31,0,5,6,2012,3,0,48,0,3,3,SR-28,NULL,9,39.220325,-77.42418611,0,21,0,0,1,1,0,4,3,1,0,1,0,0000000,99,99,99,99,99,99,0,0,0,1,0,909
240243_2012,24,240243,1,1,0,0,0,1,1,33,1620,6,8,2012,2,8,53,0,16,4,CR-3348,NULL,7,38.764475,-76.79064722,0,33,0,0,1,1,0,6,1,1,0,1,0,0000000,99,99,99,99,88,88,0,0,0,1,1,910
240244_2012,24,240244,2,2,0,0,0,2,2,33,100,1,8,2012,4,14,47,0,14,4,CR-23,NULL,9,39.04834722,-76.88935278,0,12,6,0,8,1,0,1,1,1,0,1,0,0000000,99,99,99,99,99,99,0,0,0,1,0,911
240245_2012,24,240245,1,1,0,0,0,1,1,33,885,10,8,2012,6,0,21,0,13,3,SR-704,US-50,54,38.94920278,-76.84010833,0,33,0,0,3,3,0,4,3,1,0,1,0,0000000,99,99,99,99,88,88,0,0,0,1,1,912
240246_2012,24,240246,2,2,0,0,0,2,2,5,0,11,8,2012,7,15,50,1,11,1,I-83,NULL,229,39.66354444,-76.65048333,0,12,1,0,1,1,0,1,1,1,0,1,0,0000000,99,99,99,99,99,99,0,0,0,1,0,913
240247_2012,24,240247,1,1,0,0,0,2,2,31,0,31,7,2012,3,11,42,0,13,3,SR-186,NULL,9,38.96955833,-77.077075,0,42,0,0,1,1,0,6,1,1,0,1,0,0000000,99,99,99,99,99,99,0,0,0,1,0,914
240248_2012,24,240248,1,1,0,1,1,6,6,17,0,1,7,2012,1,1,32,1,13,2,US-301,NULL,0,38.46895833,-76.98966667,0,8,0,0,1,1,0,1,2,1,0,1,0,0000000,99,99,99,99,88,88,0,0,0,1,0,915
240249_2012,24,240249,1,1,0,1,1,1,1,510,50,28,6,2012,5,7,4,0,14,6,"MARYLAND AVE","FALLS RD",0,39.30904167,-76.61776944,0,8,0,0,2,2,0,1,1,1,0,1,0,0000000,99,99,99,99,99,99,0,0,0,1,0,916
240250_2012,24,240250,2,2,0,0,0,2,2,5,0,8,8,2012,4,21,2,0,4,3,SR-25,NULL,117,39.52629722,-76.72199444,0,35,0,0,1,1,0,4,2,1,0,1,0,0000000,99,99,99,99,88,88,0,0,0,1,1,917
240251_2012,24,240251,1,1,0,0,0,1,1,5,0,25,8,2012,7,1,54,0,14,3,SR-157,NULL,20,39.25543056,-76.50093056,0,24,0,0,1,1,0,4,3,1,0,1,0,0000000,99,99,99,99,88,88,0,0,0,1,1,918
240252_2012,24,240252,1,1,0,1,1,1,1,5,0,17,8,2012,6,99,99,0,15,4,CR-4758,NULL,0,39.31744444,-76.449275,0,8,0,0,1,1,0,1,3,2,0,2,0,0000000,99,99,99,99,99,99,0,0,0,1,0,919
240253_2012,24,240253,2,2,0,0,0,2,2,33,0,19,8,2012,1,6,38,0,16,4,CR-99,"FENWAY LANE",7,38.82908889,-76.77061389,0,12,6,0,2,2,0,1,1,1,0,1,0,0000000,99,99,99,99,99,99,0,0,0,1,0,920
240254_2012,24,240254,1,1,0,0,0,5,5,23,590,22,6,2012,6,6,24,1,11,1,I-68,NULL,49,39.66673056,-79.38800833,0,24,0,0,1,1,0,3,1,1,0,1,0,0000000,99,99,99,99,99,99,0,0,0,2,0,921
240255_2012,24,240255,3,3,0,0,0,5,5,17,212,24,6,2012,1,15,21,0,3,3,SR-210,NULL,62,38.63086667,-77.06451667,0,12,1,0,1,1,0,1,1,1,0,1,0,0000000,99,99,99,99,99,99,0,0,0,2,1,922
240256_2012,24,240256,2,2,0,0,0,3,3,5,0,2,7,2012,2,14,21,0,14,4,CR-3334,NULL,23,39.4131,-76.57683611,0,12,2,0,1,1,0,1,1,1,0,1,0,0000000,99,99,99,99,99,99,0,0,0,1,0,923
240257_2012,24,240257,1,1,0,0,0,1,1,37,0,18,8,2012,7,12,37,0,3,3,SR-5,NULL,321,38.351475,-76.67953889,0,31,0,0,1,1,0,6,1,1,0,1,0,0000000,99,99,99,99,88,88,0,0,0,1,0,924
240258_2012,24,240258,1,1,0,0,0,1,1,33,100,20,8,2012,2,12,2,1,11,1,I-95,NULL,285,39.04448056,-76.93409444,0,24,0,0,1,1,0,4,1,1,0,1,0,0000000,99,99,99,99,99,99,20,0,0,1,0,925
240259_2012,24,240259,1,1,0,1,1,1,1,47,1150,24,8,2012,6,20,38,0,13,3,SR-528,NULL,9,38.43735278,-75.05391944,0,9,0,0,1,1,0,1,3,1,0,1,0,0000000,99,99,99,99,99,99,0,0,0,1,0,926
240260_2012,24,240260,1,1,0,1,1,1,1,15,520,4,4,2012,4,17,52,0,16,4,CR-599,NULL,5,39.65650556,-75.80075556,0,8,0,0,1,1,0,1,1,1,0,1,0,0000000,99,99,99,99,99,99,0,0,0,1,0,927
240261_2012,24,240261,2,2,0,0,0,4,4,37,226,30,6,2012,7,22,15,0,13,3,SR-235,CO-206,161,38.30013333,-76.5136,0,12,6,0,2,2,0,1,3,1,0,1,0,0000000,99,99,99,99,99,99,0,0,0,1,0,928
240262_2012,24,240262,2,2,0,0,0,2,2,510,50,3,6,2012,1,0,3,1,13,6,"MARTIN LUTHER KING BLVD","BALTIMORE ST",0,39.28901667,-76.62802778,0,12,6,0,2,2,0,1,3,1,0,1,0,0000000,99,99,99,99,99,99,0,0,0,1,1,929
240263_2012,24,240263,2,2,0,0,0,5,5,510,50,5,6,2012,3,19,40,0,13,6,"LIBERTY HGTS AVE","BURLEITH AVE",0,39.32044722,-76.65931944,0,12,6,0,2,3,0,1,5,1,0,1,0,0000000,99,99,99,99,99,99,0,0,0,1,0,930
240264_2012,24,240264,3,3,0,0,0,4,4,41,480,14,6,2012,5,7,36,1,13,2,US-50,NULL,132,38.74479444,-76.06726111,0,43,0,0,1,1,0,3,1,1,0,1,0,0000000,99,99,99,99,99,99,0,0,0,1,0,931
240265_2012,24,240265,1,1,0,0,0,1,1,5,0,9,7,2012,2,22,20,0,14,4,CR-722,NULL,43,39.42998056,-76.69519167,0,42,0,0,1,1,0,4,2,1,0,1,0,0000000,99,99,99,99,99,99,0,0,0,1,0,932
240266_2012,24,240266,1,1,0,1,1,1,1,15,0,10,7,2012,3,12,20,0,4,4,CR-144,NULL,57,39.65893056,-75.81396389,0,8,0,0,1,1,0,1,1,1,0,1,0,0000000,99,99,99,99,88,88,0,0,0,1,1,933
240267_2012,24,240267,1,1,0,0,0,4,4,27,0,12,7,2012,5,3,7,0,15,4,CR-1575,NULL,28,39.23385278,-76.84578611,0,42,0,0,1,1,0,6,3,1,0,1,0,0000000,99,99,99,99,99,99,0,0,0,1,1,934
240268_2012,24,240268,3,3,0,0,0,4,4,5,0,16,7,2012,2,13,46,1,11,1,I-795,NULL,51,39.42464444,-76.80447778,0,12,1,0,1,1,1,1,1,1,0,1,0,0000000,99,99,99,99,99,99,0,0,0,1,0,935
240269_2012,24,240269,1,1,0,1,1,1,1,3,768,12,8,2012,1,7,24,0,3,2,US-2,NULL,110,38.86948333,-76.61568611,0,8,0,0,1,1,0,1,1,1,0,1,0,0000000,99,99,99,99,99,99,0,0,0,1,0,936
240270_2012,24,240270,2,2,0,0,0,3,3,21,0,12,8,2012,1,15,8,1,11,1,I-270,NULL,22,39.36524722,-77.40003333,0,12,1,0,1,1,0,1,1,1,0,1,0,0000000,99,99,99,99,99,99,0,0,0,2,0,937
240271_2012,24,240271,2,2,0,0,0,3,3,1,0,13,8,2012,2,13,35,0,3,3,SR-36,"VALE SUMMITT RD",144,39.61963056,-78.91548889,0,12,6,0,2,2,0,1,1,1,0,1,0,0000000,99,99,99,99,99,99,0,0,0,1,0,938
240272_2012,24,240272,1,1,0,0,0,1,1,31,0,12,8,2012,1,20,42,0,13,3,SR-119,NULL,13,39.11936389,-77.22374444,0,33,0,0,1,1,0,4,3,1,0,1,0,0000000,99,99,99,99,99,99,0,0,0,1,0,939
240273_2012,24,240273,1,1,0,0,0,2,2,9,0,11,8,2012,7,1,15,0,99,4,CR-1279,NULL,1,38.55770278,-76.59988056,0,33,0,0,1,1,0,5,2,1,0,1,0,0000000,99,99,99,99,88,88,24,0,0,1,1,940
240274_2012,24,240274,2,2,0,0,0,4,4,510,50,16,4,2012,2,22,30,0,15,6,"1800 POPLAR GROVE ST","W. NORTH AVE",0,39.30910278,-76.66576667,0,12,6,0,2,4,0,1,3,1,0,1,0,0000000,99,99,99,99,99,99,0,0,0,1,0,941
240275_2012,24,240275,2,2,0,0,0,2,2,510,50,24,6,2012,1,21,45,0,13,6,"BELAIR RD","SOUTHERN AVE",0,39.33307222,-76.55885556,0,12,6,0,2,3,0,1,3,1,0,1,0,0000000,99,99,99,99,88,88,0,0,0,1,0,942
240276_2012,24,240276,1,1,0,0,0,5,5,45,0,5,8,2012,1,14,38,1,2,2,US-13,NULL,104,38.39236389,-75.54979444,0,34,0,0,1,1,0,4,1,1,0,1,0,0000000,99,99,99,99,99,99,0,0,0,1,0,943
240277_2012,24,240277,1,1,0,1,1,1,1,21,0,10,8,2012,6,4,41,0,3,3,SR-26,NULL,144,39.47806111,-77.19560833,0,8,0,0,1,1,0,1,2,2,0,2,0,0000000,99,99,99,99,88,88,0,0,0,1,0,944
240278_2012,24,240278,2,2,0,0,0,3,3,37,0,11,8,2012,7,20,24,0,5,3,SR-5,NULL,133,38.22123611,-76.43538056,0,12,2,0,1,1,0,1,2,1,0,1,0,0000000,99,99,99,99,99,99,0,0,0,1,0,945
240279_2012,24,240279,2,2,0,0,0,3,3,1,0,11,8,2012,7,17,42,0,13,2,US-40,NULL,87,39.70516389,-78.329025,0,12,6,0,8,1,0,1,1,1,0,1,0,0000000,99,99,99,99,99,99,0,0,0,2,1,946
240280_2012,24,240280,3,3,0,0,0,4,4,25,0,14,8,2012,3,14,12,0,3,3,SR-152,NULL,61,39.47484444,-76.37815556,0,12,8,0,1,1,0,1,1,1,0,1,0,0000000,99,99,99,99,99,99,0,0,0,1,0,947
240281_2012,24,240281,2,2,0,0,0,5,5,15,0,15,8,2012,4,14,0,1,2,2,US-1,CR-8,30,39.68906944,-76.13346944,0,12,6,0,2,3,0,1,1,1,0,1,0,0000000,99,99,99,99,99,99,0,0,0,1,0,948
240282_2012,24,240282,1,1,0,0,0,1,1,43,0,15,8,2012,4,18,0,0,4,4,CR-580,NULL,39,39.38081389,-77.72859167,0,42,0,0,1,1,0,6,1,1,0,1,0,0000000,99,99,99,99,88,88,0,0,0,1,1,949
240283_2012,24,240283,2,2,0,0,0,2,2,9,0,15,8,2012,4,20,11,0,4,3,SR-264,NULL,44,38.47061944,-76.549375,0,12,2,0,1,1,0,1,2,1,0,1,0,0000000,99,99,99,99,99,99,0,0,0,1,1,950
240284_2012,24,240284,1,1,0,0,0,3,3,5,0,17,8,2012,6,18,2,1,11,1,I-695,NULL,45,39.29548056,-76.50353056,0,1,0,0,1,1,0,3,1,1,0,1,0,0000000,99,99,99,99,99,99,0,0,0,1,0,951
240285_2012,24,240285,2,2,0,0,0,4,4,1,0,17,8,2012,6,20,16,0,5,3,SR-144,NULL,106,39.70266944,-78.56591111,0,12,6,0,8,1,0,1,3,1,0,1,0,0000000,99,99,99,99,99,99,0,0,0,1,1,952
240286_2012,24,240286,2,2,0,0,0,4,4,35,0,18,8,2012,7,15,20,1,2,2,US-301,"PRICE STATION RD",265,39.09776667,-75.95931944,0,12,6,0,2,2,0,1,1,1,0,1,0,0000000,99,99,99,99,99,99,0,0,0,1,0,953
240287_2012,24,240287,1,1,0,0,0,1,1,23,9997,19,8,2012,1,4,27,0,6,4,CR-198,NULL,0,39.69184722,-78.96308333,0,35,0,0,1,1,0,4,2,1,0,1,0,0000000,99,99,99,99,88,88,0,0,0,1,1,954