st_case_year,STATE,ST_CASE,VE_TOTAL,VE_FORMS,PVH_INVL,PEDS,PERNOTMVIT,PERMVIT,PERSONS,COUNTY,CITY,DAY,MONTH,YEAR,DAY_WEEK,HOUR,MINUTE,NHS,ROAD_FNC,ROUTE,TWAY_ID,TWAY_ID2,MILEPT,LATITUDE,LONGITUD,SP_JUR,HARM_EV,MAN_COLL,RELJCT1,RELJCT2,TYP_INT,WRK_ZONE,REL_ROAD,LGT_COND,WEATHER1,WEATHER2,WEATHER,SCH_BUS,RAIL,NOT_HOUR,NOT_MIN,ARR_HOUR,ARR_MIN,HOSP_HR,HOSP_MN,CF1,CF2,CF3,FATALS,DRUNK_DR,idno
240394_2012,24,240394,2,2,0,0,0,2,2,3,0,7,11,2012,4,5,58,1,11,1,I-595,NULL,103,38.99223056,-76.52004722,0,12,1,0,1,1,0,1,1,1,0,1,0,0000000,99,99,99,99,99,99,0,0,0,1,0,1061
240395_2012,24,240395,2,2,0,1,1,2,2,33,150,12,11,2012,2,18,32,0,13,3,SR-201,NULL,21,38.93742778,-76.93711667,0,8,0,0,1,1,0,1,3,1,0,1,0,0000000,99,99,99,99,99,99,0,0,0,1,0,1062
240396_2012,24,240396,2,2,0,0,0,3,3,13,0,13,11,2012,3,21,42,0,4,4,CR-538,NULL,7,39.50680278,-76.94753056,0,12,6,0,1,1,1,1,3,1,0,1,0,0000000,99,99,99,99,99,99,0,0,0,1,1,1063
240397_2012,24,240397,3,3,0,1,1,4,4,5,0,29,11,2012,5,17,40,0,13,2,US-40,NULL,201,39.36436389,-76.44175278,0,8,0,0,1,1,0,1,2,1,0,1,0,0000000,99,99,99,99,99,99,0,0,0,1,0,1064
240398_2012,24,240398,1,1,0,1,1,1,1,33,983,10,11,2012,7,15,48,1,12,3,SR-5,NULL,134,38.83091111,-76.93363611,0,8,0,0,1,1,0,1,1,1,0,1,0,0000000,99,99,99,99,99,99,0,0,0,2,1,1065
240399_2012,24,240399,2,2,0,0,0,3,3,19,230,23,11,2012,6,23,25,1,13,2,US-50,"CEDAR ST",16,38.56391389,-76.06587222,0,12,6,0,2,2,0,1,3,1,0,1,0,0000000,99,99,99,99,99,99,0,0,0,1,0,1066
240400_2012,24,240400,2,1,1,0,0,2,2,5,0,2,11,2012,6,19,56,1,11,1,I-695,NULL,57,39.28307778,-76.73252222,0,14,0,0,1,1,0,2,1,1,0,1,0,0000000,99,99,99,99,99,99,23,0,0,1,0,1067
240401_2012,24,240401,2,2,0,0,0,4,4,3,0,18,11,2012,1,13,36,0,14,4,CR-4237,NULL,15,39.15994722,-76.57994444,0,12,2,0,1,1,0,1,1,1,0,1,0,0000000,99,99,99,99,88,88,0,0,0,4,1,1068
240402_2012,24,240402,2,2,0,0,0,5,5,21,0,12,11,2012,2,13,38,0,4,3,SR-75,NULL,66,39.37180278,-77.27132778,0,12,8,0,1,1,0,1,1,1,0,1,0,0000000,99,99,99,99,99,99,0,0,0,2,0,1069
240403_2012,24,240403,1,1,0,1,1,1,1,510,50,9,10,2012,3,10,26,1,11,1,I-70,NULL,0,39.30174167,-76.71016111,0,9,0,0,1,1,0,1,1,1,0,1,0,0000000,99,99,99,99,99,99,0,0,0,1,0,1070
240404_2012,24,240404,1,1,0,0,0,3,3,21,580,13,12,2012,5,4,30,0,6,4,CR-97,NULL,48,39.52142778,-77.49674444,0,42,0,0,1,1,0,6,2,1,0,1,0,0000000,99,99,99,99,99,99,0,0,0,1,1,1071
240405_2012,24,240405,3,3,0,0,0,3,3,33,365,18,10,2012,5,15,3,1,12,3,SR-5,"SURRATTS RD",65,38.7504,-76.87945833,0,12,7,1,3,2,0,1,1,1,0,1,0,0000000,99,99,99,99,99,99,0,0,0,1,0,1072
240406_2012,24,240406,1,1,0,1,1,1,1,3,0,15,11,2012,5,19,44,1,13,3,SR-2,NULL,0,39.22355833,-76.61359167,0,8,0,0,1,1,0,1,3,1,0,1,0,0000000,99,99,99,99,99,99,0,0,0,1,0,1073
240407_2012,24,240407,1,1,0,1,1,2,2,13,0,30,11,2012,6,15,25,0,5,4,CR-299,NULL,7,39.58818333,-77.02743611,0,8,0,0,1,1,0,2,1,1,0,1,0,0000000,99,99,99,99,88,88,0,0,0,1,0,1074
240408_2012,24,240408,1,1,0,1,1,1,1,3,0,1,12,2012,7,2,35,1,12,3,SR-295,NULL,142,39.22238056,-76.65313056,1,8,0,0,1,1,0,1,3,1,0,1,0,0000000,99,99,99,99,88,88,0,0,0,1,0,1075
240409_2012,24,240409,3,3,0,0,0,3,3,13,0,4,12,2012,3,19,15,1,2,3,SR-140,NULL,2,39.48947778,-76.870775,0,12,2,0,1,1,0,1,5,1,0,1,0,0000000,99,99,99,99,99,99,0,0,0,1,1,1076
240410_2012,24,240410,1,1,0,1,1,1,1,5,0,4,12,2012,3,5,39,0,13,3,SR-542,"DEANWOOD RD",4,39.37741944,-76.57946667,0,8,0,0,2,2,0,1,3,8,0,8,0,0000000,99,99,99,99,99,99,0,0,0,1,0,1077
240411_2012,24,240411,1,1,0,0,0,1,1,15,0,4,12,2012,3,13,2,0,3,3,SR-275,NULL,16,39.60791389,-76.06831667,0,1,0,0,1,1,0,6,1,1,0,1,0,0000000,99,99,99,99,88,88,0,0,0,1,0,1078
240412_2012,24,240412,2,2,0,0,0,2,2,47,0,7,12,2012,6,14,49,1,2,2,US-113,SR-12,118,38.15743889,-75.38133611,0,12,6,0,2,2,0,1,1,1,0,1,0,0000000,99,99,99,99,99,99,0,0,0,1,0,1079
240413_2012,24,240413,1,1,0,1,1,2,2,3,0,7,12,2012,6,21,39,0,5,3,SR-2,"WEST ST",0,38.98308889,-76.53586667,0,8,0,0,2,2,0,1,3,2,0,2,0,0000000,99,99,99,99,99,99,0,0,0,1,0,1080
240414_2012,24,240414,2,2,0,0,0,2,2,1,0,7,12,2012,6,13,4,0,3,3,SR-51,NULL,197,39.52586389,-78.53716667,0,12,6,0,1,1,0,1,1,2,0,2,0,0000000,99,99,99,99,88,88,0,0,0,1,0,1081
240415_2012,24,240415,2,2,0,0,0,2,2,33,0,6,11,2012,3,15,24,1,11,1,I-95,NULL,73,38.81965556,-76.92850556,0,24,0,0,1,1,0,4,1,1,0,1,0,0000000,99,99,99,99,99,99,0,0,0,1,0,1082
240416_2012,24,240416,2,2,0,0,0,5,5,43,730,11,11,2012,1,18,1,0,13,3,SR-64,NULL,4,39.64215278,-77.70581111,0,12,2,0,1,1,0,1,3,1,0,1,0,0000000,99,99,99,99,99,99,0,0,0,1,0,1083
240417_2012,24,240417,2,2,0,0,0,2,2,3,0,25,11,2012,1,20,18,0,14,3,SR-175,NULL,26,39.08188056,-76.69004167,0,12,6,0,8,1,0,1,3,1,0,1,0,0000000,99,99,99,99,99,99,0,0,0,1,0,1084
240418_2012,24,240418,2,2,0,0,0,4,4,25,0,24,11,2012,7,2,10,1,11,1,I-95,NULL,40,39.44925,-76.32491944,0,12,6,0,1,1,0,1,3,1,0,1,0,0000000,99,99,99,99,99,99,0,0,0,2,1,1085
240419_2012,24,240419,2,2,0,0,0,8,8,510,50,19,10,2012,6,23,43,0,13,6,"BIDDLE STREET",BROADWAY,0,39.30531667,-76.59483611,0,12,1,0,3,2,0,1,3,1,0,1,0,0000000,99,99,99,99,99,99,20,0,0,1,0,1086
240420_2012,24,240420,1,1,0,0,0,1,1,3,0,27,11,2012,3,12,35,0,5,4,CR-1328,NULL,3,39.042175,-76.58335556,0,42,0,0,1,1,0,6,1,2,0,2,0,0000000,99,99,99,99,88,88,0,0,0,1,0,1087
240421_2012,24,240421,2,2,0,0,0,5,5,43,0,1,12,2012,7,1,47,0,14,2,US-40,NULL,382,39.61925833,-77.69402778,0,12,1,0,1,1,0,1,2,1,0,1,0,0000000,99,99,99,99,99,99,0,0,0,1,1,1088
240422_2012,24,240422,1,1,0,0,0,1,1,3,1192,22,11,2012,5,1,5,0,14,3,SR-177,NULL,0,39.11312778,-76.50095833,0,42,0,0,1,1,0,6,3,1,0,1,0,0000000,99,99,99,99,88,88,20,0,0,1,1,1089
240423_2012,24,240423,1,1,0,0,0,3,3,15,0,11,10,2012,5,20,13,0,6,4,CR-289,NULL,12,39.50542222,-75.86523056,0,42,0,0,1,1,0,6,2,1,0,1,0,0000000,99,99,99,99,99,99,0,0,0,1,1,1090
240424_2012,24,240424,1,1,0,0,0,1,1,5,0,6,12,2012,5,7,59,0,13,4,CR-1400,NULL,50,39.39796667,-76.58263333,0,33,0,0,1,1,0,4,1,1,0,1,0,0000000,99,99,99,99,88,88,0,0,0,1,0,1091
240425_2012,24,240425,2,1,1,0,0,1,1,25,0,8,12,2012,7,7,51,1,11,1,"I-95 RAMP",NULL,0,39.52829167,-76.19126389,0,14,0,1,5,1,0,2,1,5,0,5,0,0000000,99,99,99,99,88,88,0,0,0,1,0,1092
240426_2012,24,240426,1,1,0,0,0,1,1,33,0,4,12,2012,3,14,8,0,6,4,CR-228,NULL,27,38.68968333,-77.05634722,0,43,0,0,1,1,0,6,1,1,0,1,0,0000000,99,99,99,99,99,99,0,0,0,1,0,1093
240427_2012,24,240427,1,1,0,0,0,2,2,23,0,9,12,2012,1,1,30,0,3,2,US-50,NULL,66,39.30541944,-79.40098889,0,35,0,0,1,1,0,4,2,5,0,5,0,0000000,99,99,99,99,99,99,0,0,0,1,1,1094
240428_2012,24,240428,1,1,0,1,1,1,1,3,0,9,12,2012,1,20,39,1,12,2,"US-50 RAMP",NULL,100,38.99350556,-76.51540556,0,8,0,1,5,1,0,1,2,2,0,2,0,0000000,99,99,99,99,99,99,0,0,0,1,0,1095
240429_2012,24,240429,1,1,0,1,1,1,1,3,0,11,12,2012,3,3,17,1,11,1,I-97,NULL,67,39.05739167,-76.63182778,0,8,0,0,1,1,0,1,2,2,0,2,0,0000000,99,99,99,99,88,88,19,0,0,1,0,1096
240430_2012,24,240430,2,2,0,0,0,2,2,5,0,13,12,2012,5,7,16,1,11,1,I-95,NULL,17,39.23389167,-76.70720833,0,43,0,0,1,1,0,3,1,1,0,1,0,0000000,99,99,99,99,99,99,0,0,0,1,0,1097
240431_2012,24,240431,1,1,0,1,1,1,1,33,565,13,12,2012,5,6,25,0,16,4,CR-4524,NULL,27,38.763125,-76.995475,0,33,0,0,1,1,0,4,3,1,0,1,0,0000000,99,99,99,99,99,99,0,0,0,1,0,1098
240432_2012,24,240432,1,1,0,1,1,1,1,33,710,12,12,2012,4,18,27,0,16,6,MU-205,NULL,0,38.99227222,-76.87628056,0,8,0,0,1,1,0,1,3,1,0,1,0,0000000,99,99,99,99,99,99,0,0,0,1,0,1099
240433_2012,24,240433,2,2,0,0,0,2,2,25,0,11,12,2012,3,6,43,0,4,3,SR-161,NULL,19,39.59594444,-76.18988889,0,12,2,0,1,1,0,1,1,1,0,1,0,0000000,99,99,99,99,99,99,0,0,0,1,0,1100
240434_2012,24,240434,4,1,3,2,3,1,2,25,0,17,12,2012,2,9,24,0,3,3,SR-152,NULL,33,39.44238611,-76.34889444,0,14,0,0,1,1,0,2,1,5,0,5,0,0000000,99,99,99,99,99,99,23,0,0,1,0,1101
240435_2012,24,240435,3,3,0,0,0,3,3,21,0,17,12,2012,2,21,51,1,11,1,I-270,NULL,20,39.28621944,-77.32837222,0,1,0,0,1,1,0,3,2,2,0,2,0,0000000,99,99,99,99,99,99,0,0,0,1,1,1102
240436_2012,24,240436,1,1,0,0,0,1,1,43,0,19,12,2012,4,2,18,0,4,3,SR-632,NULL,38,39.54318889,-77.79654722,0,42,0,0,1,1,0,6,2,1,0,1,0,0000000,99,99,99,99,88,88,0,0,0,1,1,1103
240437_2012,24,240437,1,1,0,1,1,1,1,3,0,20,12,2012,5,5,59,0,13,3,SR-198,"E. RUSSETT GREEN",16,39.09792222,-76.80595556,0,8,0,0,2,2,0,1,3,1,0,1,0,0000000,99,99,99,99,99,99,0,0,0,1,0,1104
240438_2012,24,240438,2,2,0,0,0,4,4,3,0,25,11,2012,1,22,1,1,11,1,I-695,NULL,0,39.22853611,-76.66427222,0,12,2,0,1,1,0,1,3,1,0,1,0,0000000,99,99,99,99,99,99,0,0,0,2,1,1105
240439_2012,24,240439,2,2,0,0,0,2,2,1,0,22,12,2012,7,7,10,1,2,2,US-220,NULL,90,39.55957222,-78.86191667,0,24,0,0,1,1,0,4,1,4,0,4,0,0000000,99,99,99,99,99,99,0,0,0,1,0,1106
240440_2012,24,240440,1,1,0,0,0,1,1,5,0,16,12,2012,1,2,40,0,15,4,CR-446,NULL,33,39.45165,-76.76673611,0,39,0,0,1,1,0,6,2,1,0,1,0,0000000,99,99,99,99,99,99,0,0,0,1,1,1107
240441_2012,24,240441,1,1,0,1,1,3,3,39,0,24,12,2012,2,2,26,1,2,2,US-13,NULL,153,38.23095833,-75.688625,0,8,0,0,1,1,0,1,2,1,0,1,0,0000000,99,99,99,99,99,99,0,0,0,1,0,1108
240442_2012,24,240442,2,2,0,0,0,3,3,47,110,27,12,2012,5,11,55,1,2,2,US-50,"N. MAIN STREET",67,38.34346111,-75.21988056000001,0,12,6,0,2,2,0,1,1,2,0,2,0,0000000,99,99,99,99,99,99,0,0,0,1,0,1109
240443_2012,24,240443,2,2,0,0,0,3,3,33,0,14,12,2012,6,1,38,0,13,2,US-1,NULL,80,39.03552222,-76.90666944,0,12,2,0,1,1,0,1,3,1,0,1,0,0000000,99,99,99,99,99,99,0,0,0,2,1,1110
240444_2012,24,240444,3,3,0,0,0,12,12,31,0,24,12,2012,2,19,40,1,11,1,I-495,NULL,82,39.00649167,-77.07644167,0,12,11,0,1,1,0,1,2,2,0,2,0,0000000,99,99,99,99,99,99,0,0,0,3,1,1111
240445_2012,24,240445,3,3,0,0,0,3,3,33,175,20,12,2012,5,17,18,0,4,3,SR-382,NULL,22,38.63424444,-76.72121944,0,12,2,0,1,1,0,1,5,1,0,1,0,0000000,99,99,99,99,99,99,0,0,0,1,0,1112
240446_2012,24,240446,2,2,0,0,0,3,3,33,1620,4,12,2012,3,3,38,0,15,4,CR-92,NULL,7,38.81096944,-76.84935278,0,12,1,0,1,1,0,1,3,1,0,1,0,0000000,99,99,99,99,88,88,0,0,0,1,0,1113
240447_2012,24,240447,2,2,0,0,0,2,2,15,0,19,9,2012,4,15,13,0,6,4,CR-79,NULL,18,39.64271111,-76.026125,0,12,2,0,4,1,0,1,1,1,0,1,0,0000000,99,99,99,99,99,99,0,0,0,1,0,1114
240448_2012,24,240448,3,1,2,0,0,5,5,33,22,12,12,2012,4,20,12,0,14,3,SR-212,NULL,41,39.00925833,-76.965775,0,42,0,0,1,1,0,6,3,1,0,1,0,0000000,99,99,99,99,99,99,0,0,0,1,0,1115
240449_2012,24,240449,1,1,0,0,0,1,1,510,50,24,12,2012,2,23,30,1,12,3,SR-295,NULL,0,39.259225,-76.63579722,0,33,0,0,1,1,0,4,3,1,0,1,0,0000000,99,99,99,99,99,99,0,0,0,1,0,1116
240450_2012,24,240450,1,1,0,1,1,1,1,47,1230,28,12,2012,6,19,12,1,2,2,US-13,NULL,37,38.031125,-75.54151389,0,8,0,0,8,1,0,1,3,1,0,1,0,0000000,99,99,99,99,88,88,0,0,0,1,1,1117
240451_2012,24,240451,2,2,0,0,0,3,3,31,0,16,12,2012,1,0,9,0,15,4,CR-4140,NULL,10,39.16988333,-77.176525,0,12,6,0,1,1,0,1,3,1,0,1,0,0000000,99,99,99,99,99,99,0,0,0,1,1,1118
240452_2012,24,240452,2,2,0,0,0,3,3,31,0,29,10,2012,2,11,38,0,13,3,SR-355,"BRINK RD",203,39.21392222,-77.24928056,0,12,2,0,2,3,0,1,1,2,6,2,0,0000000,99,99,99,99,99,99,0,0,0,1,0,1119
240453_2012,24,240453,2,2,0,0,0,2,2,25,0,31,12,2012,2,23,35,0,5,4,CR-334,NULL,8,39.51561944,-76.19010278,0,12,6,0,1,1,0,1,2,1,0,1,0,0000000,99,99,99,99,99,99,0,0,0,1,1,1120
240454_2012,24,240454,2,2,0,0,0,2,2,43,0,16,11,2012,6,18,27,0,4,3,SR-77,CR-301,25,39.63634444,-77.53560278,0,12,2,0,2,2,0,1,3,1,0,1,0,0000000,99,99,99,99,99,99,0,0,0,1,1,1121
240455_2012,24,240455,1,1,0,1,1,1,1,510,50,14,10,2012,1,1,4,9,14,6,MU-4405,NULL,99999,99.9999,999.9999,0,8,0,0,1,1,0,1,3,1,0,1,0,0000000,99,99,99,99,99,99,0,0,0,1,0,1122
240456_2012,24,240456,1,1,0,0,0,2,2,510,50,12,10,2012,6,22,20,0,15,6,MU-2801,NULL,0,99.9999,999.9999,0,42,0,0,1,1,0,6,3,1,0,1,0,0000000,99,99,99,99,99,99,0,0,0,1,0,1123
100001_2010,10,100001,1,1,NULL,1,NULL,NULL,1,3,0,2,1,2010,7,2,26,1,11,1,I-95,NULL,138,39.64740278,-75.74300833,0,8,0,0,1,1,0,1,3,1,0,1,0,0000000,2,27,2,32,88,88,0,0,0,1,0,1124
100001_2011,10,100001,2,2,0,0,0,4,4,3,0,4,1,2011,3,6,23,0,13,3,SR-4,NULL,24,39.6818,-75.69011944,0,42,0,0,1,1,0,3,2,10,0,10,0,0000000,6,24,6,28,6,42,0,0,0,1,1,1125
100002_2010,10,100002,2,2,NULL,0,NULL,NULL,2,5,0,4,1,2010,2,8,22,0,6,4,"OLD LANDING ROAD","OLD LANDING ROAD",28,38.71598889,-75.13275278,0,12,6,0,2,2,0,1,1,1,0,1,0,0000000,8,29,8,43,8,58,0,0,0,1,0,1126
100002_2011,10,100002,2,2,0,0,0,2,2,5,0,11,1,2011,3,11,10,1,2,2,US-9,NULL,275,38.73359722,-75.24484722,0,12,2,0,1,1,0,1,1,1,0,1,0,0000000,11,13,11,25,12,17,0,0,0,1,0,1127
100003_2010,10,100003,1,1,NULL,1,NULL,NULL,1,3,0,5,1,2010,3,6,3,1,13,3,SR-7,NULL,8,39.72109444,-75.65521389,0,8,0,0,1,1,0,1,2,1,0,1,0,0000000,6,5,6,10,6,24,0,0,0,1,0,1128
100003_2011,10,100003,2,2,0,0,0,6,6,5,0,9,1,2011,1,13,21,0,2,3,SR-404,NULL,11,38.76365556,-75.61220278,0,12,2,0,1,1,0,1,1,11,0,11,0,0000000,13,25,13,28,13,41,0,0,0,1,0,1129
100004_2010,10,100004,2,2,NULL,0,NULL,NULL,5,5,0,10,1,2010,1,12,50,0,4,4,CR40,CR42,54,38.75564444,-75.50038056,0,12,2,0,2,2,0,1,1,1,0,1,0,0000000,12,54,13,15,13,41,0,0,0,1,0,1130
100004_2011,10,100004,1,1,0,1,1,1,1,3,0,27,1,2011,5,6,28,0,14,6,"WASHINGTON ST EX","PHILADELPHIA PIKE",41,39.76949167,-75.50328333,0,8,0,0,3,3,0,1,2,1,0,1,0,0000000,6,28,6,32,88,88,0,0,0,1,0,1131
100005_2010,10,100005,1,1,NULL,1,NULL,NULL,3,3,490,9,1,2010,7,14,46,0,16,6,"25TH STREET","JESSUP STREET",0,39.752825,-75.53479444,0,9,0,0,2,2,0,1,1,1,0,1,0,0000000,88,88,88,88,88,88,0,0,0,1,0,1132
100005_2011,10,100005,2,2,0,0,0,2,2,5,0,3,2,2011,5,8,50,1,2,2,US-9,NULL,208,38.72114444,-75.29033611,0,12,1,0,1,1,0,1,1,1,0,1,0,0000000,8,54,9,0,9,13,0,0,0,1,0,1133
100006_2010,10,100006,2,2,NULL,0,NULL,NULL,3,3,0,11,1,2010,2,16,7,0,13,2,US-40,NULL,17,39.605425,-75.74609722,0,12,1,0,1,1,0,1,1,1,0,1,0,0000000,16,8,16,11,16,41,0,0,0,1,2,1134
100006_2011,10,100006,1,1,0,0,0,2,2,5,0,9,2,2011,4,10,58,0,3,2,US-9,NULL,23,38.56407222,-75.57134722,0,30,0,0,1,1,0,5,1,1,0,1,0,0000000,10,58,11,5,11,39,0,0,0,1,0,1135
100007_2010,10,100007,2,2,NULL,0,NULL,NULL,4,1,0,12,1,2010,3,7,45,0,4,3,SR-10,NULL,65,39.06391389,-75.63340278,0,12,8,0,1,1,0,1,1,1,0,1,0,0000000,7,52,8,14,9,33,0,0,0,2,1,1136
100007_2011,10,100007,3,3,0,0,0,4,4,5,0,15,2,2011,3,6,42,1,13,3,SR-404,"REDDEN ROAD",34,38.74846111,-75.59417778,0,12,1,0,3,1,0,1,1,1,0,1,0,0000000,6,43,6,50,7,24,0,0,0,1,1,1137
100008_2010,10,100008,1,1,NULL,0,NULL,NULL,1,1,0,28,1,2010,5,18,25,0,6,4,"TWIN WILLOWS ROAD",NULL,13,39.25488611,-75.58555,0,53,0,0,1,1,0,4,2,1,0,1,0,0000000,10,20,10,27,88,88,18,0,0,1,1,1138
100008_2011,10,100008,1,1,0,0,0,1,1,1,0,17,2,2011,5,16,50,0,6,4,CR155,NULL,5,39.19501389,-75.58636667,0,53,0,0,1,1,0,4,1,1,0,1,0,0000000,16,57,17,1,17,22,0,0,0,1,0,1139
100009_2010,10,100009,2,2,NULL,0,NULL,NULL,2,3,0,9,2,2010,3,15,41,1,2,2,US-13,NULL,59,39.61580556,-75.645675,0,12,6,0,4,1,0,2,1,1,0,1,0,0000000,15,41,15,44,16,24,0,0,0,1,0,1140
100009_2011,10,100009,1,1,0,0,0,1,1,3,0,25,2,2011,6,0,45,0,13,6,"SOUTH MARKET ST",NULL,18,39.72283333,-75.55581111,0,31,0,0,1,1,0,4,3,2,0,2,0,0000000,99,99,99,99,88,88,0,0,0,1,1,1141
100010_2010,10,100010,1,1,NULL,1,NULL,NULL,1,3,0,17,2,2010,4,23,10,1,13,2,US-13,NULL,34,39.74072222,-75.58731111,0,8,0,0,1,1,0,1,2,1,0,1,0,0000000,23,11,23,14,88,88,0,0,0,1,0,1142
100010_2011,10,100010,1,1,0,1,1,2,2,3,0,28,2,2011,2,5,50,1,13,2,US-40,NULL,29,39.60701111,-75.73133333,0,8,0,0,1,1,0,1,2,10,0,10,0,0000000,5,55,6,0,88,88,0,0,0,1,0,1143
100011_2010,10,100011,3,3,NULL,0,NULL,NULL,4,3,0,20,2,2010,7,1,14,0,13,3,SR-7,NULL,21,39.73357778,-75.6726,0,12,2,0,1,1,0,1,2,1,0,1,0,0000000,1,14,1,20,1,40,0,0,0,2,1,1144
100011_2011,10,100011,2,2,0,0,0,2,2,3,0,2,3,2011,4,20,10,0,14,2,US-13B,NULL,41,39.71741944,-75.55744167,0,12,2,0,1,1,0,1,2,1,0,1,0,0000000,20,10,20,14,20,39,0,0,0,1,0,1145
100012_2010,10,100012,2,2,NULL,0,NULL,NULL,3,3,0,25,2,2010,5,16,32,0,3,2,US-13,"DUCK CREEK RD",13,39.32420556,-75.62172778,0,18,0,0,2,2,0,1,1,1,0,1,0,0000000,16,33,16,43,17,24,0,0,0,2,0,1146
100012_2011,10,100012,2,2,0,0,0,2,2,1,0,10,3,2011,5,8,35,0,5,4,"WEST DENNYS RD",NULL,17,39.18576667,-75.61700833,0,12,2,0,1,1,0,1,1,2,0,2,0,0000000,8,35,8,52,8,58,0,0,0,1,0,1147
100013_2010,10,100013,1,1,NULL,1,NULL,NULL,1,3,0,27,2,2010,7,18,32,1,13,3,SR-7,"DELAWARE PARK BLVD",57,39.70982778,-75.65262778,0,8,0,0,3,3,0,1,2,1,0,1,0,0000000,18,32,18,36,18,47,0,0,0,1,0,1148
100013_2011,10,100013,2,2,0,0,0,3,3,5,0,16,3,2011,4,7,37,0,4,3,SR-24,CR461,96,38.55373611,-75.54499722,0,12,6,0,2,3,0,1,1,10,5,5,0,0000000,7,42,7,45,88,88,0,0,0,2,1,1149
100014_2010,10,100014,1,1,NULL,1,NULL,NULL,3,3,0,6,3,2010,7,23,51,1,13,2,US-13,"HARES CO ROAD",46,39.66597222,-75.60447778,0,8,0,0,3,2,0,1,2,1,0,1,0,0000000,23,55,23,59,88,88,0,0,0,1,0,1150
100014_2011,10,100014,3,3,0,1,1,6,6,1,130,12,3,2011,7,1,30,0,14,2,US-13,NULL,13,39.19434722,-75.54714167,0,8,0,0,1,1,0,1,2,10,0,10,0,0000000,99,99,99,99,88,88,0,0,0,1,0,1151
100015_2010,10,100015,1,1,NULL,0,NULL,NULL,1,1,0,4,3,2010,5,21,18,0,6,4,"SLAUGHTER STATION RD",NULL,15,39.13358889,-75.71047778,0,32,0,0,1,1,0,4,2,1,0,1,0,0000000,21,22,21,30,21,59,0,0,0,1,1,1152
100015_2011,10,100015,2,2,0,0,0,5,5,5,0,25,3,2011,6,21,13,0,6,4,"OAK ROAD",NULL,7,38.70875556,-75.55177778,0,12,2,0,1,1,0,1,2,1,0,1,0,0000000,21,20,21,28,21,58,0,0,0,2,0,1153
100016_2010,10,100016,1,1,NULL,0,NULL,NULL,1,1,0,18,3,2010,5,23,20,0,6,4,"STILL ROAD",NULL,6,39.05465,-75.729275,0,42,0,0,1,1,0,5,2,1,0,1,0,0000000,23,21,23,40,88,88,0,0,0,1,0,1154
100016_2011,10,100016,1,1,0,0,0,1,1,5,0,26,3,2011,7,1,55,0,4,4,"STOCKLEY ROAD",NULL,14,38.69361667,-75.240125,0,53,0,0,1,1,0,5,2,1,0,1,0,0000000,2,3,2,8,2,16,0,0,0,1,1,1155
100017_2010,10,100017,1,1,NULL,1,NULL,NULL,1,3,0,25,3,2010,5,5,16,0,6,4,"CEDAR LANE RD",NULL,36,39.46223889,-75.71983333,0,8,0,0,1,1,0,1,2,1,0,1,0,0000000,5,32,5,41,88,88,0,0,0,1,0,1156
100017_2011,10,100017,1,1,0,0,0,2,2,3,0,27,3,2011,1,1,57,0,2,3,SR-52,NULL,37,39.78116667,-75.60018611,0,33,0,0,1,1,0,4,2,10,0,10,0,0000000,1,58,2,5,2,35,0,0,0,1,1,1157
100018_2010,10,100018,2,2,NULL,0,NULL,NULL,2,5,0,26,3,2010,6,14,19,0,4,3,"SR-24 &","CR 493",37,38.52070556,-75.63323056,0,12,6,0,2,4,0,1,1,2,0,2,0,0000000,14,22,14,33,15,7,0,0,0,1,0,1158
100018_2011,10,100018,1,1,0,0,0,1,1,5,0,27,3,2011,1,18,4,1,2,3,SR-1,NULL,105,38.81623889,-75.29711667,0,34,0,0,1,1,0,6,1,10,0,10,0,0000000,18,12,18,18,19,17,0,0,0,1,0,1159
100019_2010,10,100019,2,2,NULL,0,NULL,NULL,3,5,0,2,4,2010,6,15,9,0,4,3,SR-24,CR421,218,38.55783056,-75.344925,0,12,6,0,2,2,0,1,1,1,0,1,0,0000000,15,11,15,19,99,99,0,0,0,1,0,1160
100019_2011,10,100019,2,2,0,0,0,5,5,3,0,15,4,2011,6,19,52,0,16,3,SR-48,NULL,37,39.76116389,-75.61464722,0,59,0,0,1,1,0,1,2,10,0,10,0,0000000,19,54,20,2,20,26,0,0,0,1,1,1161
100020_2011,10,100020,1,1,0,0,0,1,1,5,0,20,4,2011,4,1,30,0,5,4,CR74,NULL,56,38.55588333,-75.43144167,0,32,0,0,1,1,0,5,2,1,0,1,0,0000000,1,31,1,47,88,88,0,0,0,1,1,1162
100021_2010,10,100021,1,1,NULL,1,NULL,NULL,1,5,0,6,4,2010,3,20,47,0,4,4,"LONGNECK ROAD",NULL,45,38.62454167,-75.12039167,0,8,0,0,1,1,0,1,2,1,0,1,0,0000000,20,14,20,18,88,88,0,0,0,1,0,1163
100021_2011,10,100021,2,2,0,0,0,3,3,1,0,23,4,2011,7,13,22,0,3,4,CR50,NULL,38,39.14823333,-75.65846389,0,12,2,0,1,1,0,1,1,1,0,1,0,0000000,13,28,13,52,14,8,0,0,0,1,0,1164
100022_2010,10,100022,1,1,NULL,1,NULL,NULL,1,3,0,6,4,2010,3,21,49,0,16,3,SR-273,NULL,31,39.67706944,-75.686875,0,8,0,0,1,1,0,1,3,1,0,1,0,0000000,21,50,21,54,88,88,0,0,0,1,0,1165