st_case_year,STATE,ST_CASE,VE_TOTAL,VE_FORMS,PVH_INVL,PEDS,PERNOTMVIT,PERMVIT,PERSONS,COUNTY,CITY,DAY,MONTH,YEAR,DAY_WEEK,HOUR,MINUTE,NHS,ROAD_FNC,ROUTE,TWAY_ID,TWAY_ID2,MILEPT,LATITUDE,LONGITUD,SP_JUR,HARM_EV,MAN_COLL,RELJCT1,RELJCT2,TYP_INT,WRK_ZONE,REL_ROAD,LGT_COND,WEATHER1,WEATHER2,WEATHER,SCH_BUS,RAIL,NOT_HOUR,NOT_MIN,ARR_HOUR,ARR_MIN,HOSP_HR,HOSP_MN,CF1,CF2,CF3,FATALS,DRUNK_DR,idno
100022_2011,10,100022,1,1,0,1,1,2,2,1,130,23,4,2011,7,16,56,0,16,5,"HARMONY LANE",NULL,0,39.16678611,-75.55943611,0,8,0,0,1,1,0,1,1,1,0,1,0,0000000,16,57,17,0,17,15,0,0,0,1,0,1166
100023_2010,10,100023,1,1,NULL,0,NULL,NULL,2,3,0,8,4,2010,5,1,4,0,3,2,US-13,NULL,38,39.58214167,-75.65820556,0,30,0,0,1,1,0,5,2,2,0,2,0,0000000,1,4,1,12,1,53,0,0,0,1,1,1167
100023_2011,10,100023,2,2,0,0,0,3,3,5,0,23,4,2011,7,13,47,0,4,3,SR-24,"JOHN J WILLIAM",353,38.66859167,-75.18871389,0,12,6,0,2,3,0,1,1,1,0,1,0,0000000,13,50,13,54,14,30,0,0,0,1,0,1168
100024_2010,10,100024,1,1,NULL,0,NULL,NULL,1,5,0,18,4,2010,1,18,17,0,6,4,"CLENDANIEL ROAD",NULL,27,38.84151389,-75.45719167,0,42,0,0,1,1,0,5,1,1,0,1,0,0000000,18,25,18,29,88,88,0,0,0,1,1,1169
100024_2011,10,100024,1,1,0,0,0,2,2,5,0,29,4,2011,6,4,4,0,6,4,CR38,"CLENDANIEL PON",11,38.83235278,-75.31449722,0,43,0,0,1,1,0,5,2,1,0,1,0,0000000,4,20,4,25,88,88,0,0,0,1,1,1170
100025_2010,10,100025,2,2,NULL,1,NULL,NULL,2,3,490,21,4,2010,4,16,12,0,16,5,"SHIPLEY STREET","EIGHTH STREET",0,39.743625,-75.55031667,0,12,6,0,2,2,0,1,1,2,0,2,0,0000000,16,12,99,99,99,99,0,0,0,1,0,1171
100025_2011,10,100025,1,1,0,0,0,1,1,3,0,29,4,2011,6,22,19,0,13,3,SR-4,"MAIN STREET",50,39.72431944,-75.63889444,0,33,0,0,3,2,0,4,3,1,0,1,0,0000000,22,18,22,20,22,37,0,0,0,1,1,1172
100026_2010,10,100026,2,2,NULL,0,NULL,NULL,2,5,0,27,4,2010,3,9,0,0,4,3,SR-24,NULL,395,38.71966944,-75.14665556,0,12,6,0,1,1,0,1,1,10,0,10,0,0000000,9,4,9,10,88,88,0,0,0,1,0,1173
100026_2011,10,100026,1,1,0,0,0,2,2,5,0,30,4,2011,7,10,25,1,2,3,SR-1,"SEASHORE HIGHW",130,38.69428611,-75.48568611,0,35,0,0,1,1,0,6,1,10,0,10,0,0000000,10,30,10,43,11,32,0,0,0,2,0,1174
100027_2010,10,100027,1,1,NULL,0,NULL,NULL,1,5,0,30,4,2010,6,7,35,0,6,4,CR302,NULL,4,38.65642778,-75.22742222,0,42,0,0,1,1,0,5,1,1,0,1,0,0000000,7,37,7,43,8,40,0,0,0,1,0,1175
100027_2011,10,100027,2,2,0,0,0,3,3,3,0,25,4,2011,2,14,27,0,6,3,SR-896,"SUMMIT BRIDG",1,39.58253889,-75.74094722,0,12,6,0,2,2,0,1,1,1,0,1,0,0000000,14,29,14,37,15,1,0,0,0,1,0,1176
100028_2010,10,100028,1,1,NULL,0,NULL,NULL,1,3,0,30,4,2010,6,0,34,0,3,4,"PAPERMILL ROAD","POSSUM PARK ROAD",24,39.71550556,-75.74129167,0,31,0,0,2,2,0,3,6,1,0,1,0,0000000,0,38,0,41,1,9,0,0,0,1,1,1177
100028_2011,10,100028,1,1,0,1,1,1,1,3,490,4,3,2011,6,17,25,0,16,6,"9TH STREET","MADISON STREET",0,39.746925,-75.55392222,0,8,0,0,2,2,0,1,3,10,0,10,0,0000000,99,99,99,99,99,99,0,0,0,1,0,1178
100029_2010,10,100029,2,2,NULL,0,NULL,NULL,3,3,490,2,5,2010,1,1,21,0,13,6,"PENNSYLVANIA AVENUE",NULL,61,39.75860556,-75.57220556,0,12,6,0,1,1,0,1,3,10,0,10,0,0000000,1,21,99,99,99,99,0,0,0,1,2,1179
100029_2011,10,100029,1,1,0,0,0,1,1,3,490,23,4,2011,7,20,11,0,14,6,"NORTHEAST BLVD",NULL,55,39.75104167,-75.52575,0,33,0,0,1,1,0,4,3,1,0,1,0,0000000,99,99,99,99,88,88,0,0,0,1,1,1180
100030_2010,10,100030,1,1,NULL,1,NULL,NULL,1,5,0,5,5,2010,4,23,39,1,2,3,SR-1,NULL,41,38.73246111,-75.13485556,0,8,0,0,1,1,0,1,2,1,0,1,0,0000000,23,43,23,58,88,88,0,0,0,1,0,1181
100030_2011,10,100030,1,1,0,0,0,1,1,1,450,22,4,2011,6,17,29,0,16,5,"COMMERCE STREET",NULL,0,39.30496389,-75.59762222,0,19,0,0,1,1,0,4,1,1,0,1,0,0000000,99,99,99,99,99,99,0,0,0,1,0,1182
100031_2010,10,100031,2,2,NULL,0,NULL,NULL,3,3,0,8,5,2010,7,16,4,0,4,3,SR-92,NULL,26,39.82580833,-75.55675556,0,12,2,0,1,1,0,1,1,1,0,1,0,0000000,16,7,16,15,16,29,0,0,0,1,0,1183
100031_2011,10,100031,1,1,0,0,0,1,1,3,0,6,5,2011,6,8,50,1,11,1,I-495,NULL,84,39.79409444,-75.45942222,0,24,0,1,18,1,0,3,1,1,0,1,0,0000000,8,51,8,56,88,88,0,0,0,1,0,1184
100032_2010,10,100032,2,2,NULL,0,NULL,NULL,2,5,0,11,5,2010,3,7,27,1,2,2,US-13,"CANNON ROAD",94,38.69977778,-75.58962778,0,12,1,0,2,3,0,1,1,1,0,1,0,0000000,7,27,7,34,88,88,0,0,0,1,1,1185
100032_2011,10,100032,1,1,0,0,0,2,2,3,0,7,5,2011,7,1,47,1,11,2,US-202,NULL,7,39.71388889,-75.58465,0,42,0,1,5,1,0,4,3,10,0,10,0,0000000,1,48,1,55,2,12,0,0,0,1,1,1186
100033_2010,10,100033,3,3,NULL,0,NULL,NULL,11,3,0,21,5,2010,6,14,18,0,14,3,SR-72,NULL,55,39.61679722,-75.71966111,0,12,8,0,1,1,0,1,1,1,0,1,1,0000000,14,19,14,25,14,56,0,0,0,1,1,1187
100033_2011,10,100033,1,1,0,1,1,1,1,3,0,7,5,2011,7,22,33,0,2,3,SR-48,NULL,25,39.75339167,-75.58902778,0,8,0,0,1,1,0,1,2,1,0,1,0,0000000,22,33,22,39,22,58,0,0,0,1,0,1188
100034_2010,10,100034,1,1,NULL,0,NULL,NULL,2,3,0,23,5,2010,1,6,58,0,14,3,SR-896,NULL,25,39.71313056,-75.77991389,0,1,0,0,1,1,0,4,1,2,0,2,0,0000000,7,1,7,5,7,32,0,0,0,1,1,1189
100034_2011,10,100034,1,1,0,0,0,1,1,3,0,16,5,2011,2,14,27,0,13,3,SR-4,NULL,54,39.73230833,-75.57997222,0,30,0,0,1,1,0,3,1,1,0,1,0,0000000,14,27,14,29,14,53,0,0,0,1,0,1190
100035_2010,10,100035,1,1,NULL,1,NULL,NULL,1,1,320,28,5,2010,6,14,39,0,2,3,SR-1,"10TH STREET",9,38.93030278,-75.42011389,0,8,0,0,3,4,0,1,1,10,0,10,0,0000000,14,41,14,42,14,53,0,0,0,1,0,1191
100035_2011,10,100035,1,1,0,1,1,1,1,3,0,19,5,2011,5,21,2,0,13,3,SR-2,NULL,94,39.72725833,-75.65176944,0,8,0,0,1,1,0,1,2,1,0,1,0,0000000,21,2,21,5,21,23,0,0,0,1,0,1192
100036_2010,10,100036,2,2,NULL,0,NULL,NULL,2,3,0,1,6,2010,3,14,48,0,13,3,SR-141,NULL,7,39.78905,-75.69640278,0,12,6,0,4,1,0,4,1,1,0,1,0,0000000,14,48,14,52,88,88,0,0,0,1,0,1193
100036_2011,10,100036,1,1,0,0,0,2,2,1,0,24,5,2011,3,0,5,0,14,5,"SOUTH STATE STREET",NULL,68,39.12941111,-75.51889167,0,53,0,0,1,1,0,4,2,1,0,1,0,0000000,0,10,0,18,0,28,0,0,0,1,1,1194
100037_2010,10,100037,1,1,NULL,0,NULL,NULL,2,3,0,6,6,2010,1,4,16,0,5,4,"PORT PENN ROAD",NULL,23,39.51735,-75.60868333,0,30,0,0,1,1,0,4,2,1,0,1,0,0000000,4,20,4,30,4,59,0,0,0,1,1,1195
100037_2011,10,100037,3,2,1,0,0,4,4,3,490,25,5,2011,4,22,10,0,14,6,"4TH STREET","LINCOLN STREET",1,39.74659722,-75.57357778,0,12,6,0,2,2,0,1,3,1,0,1,0,0000000,99,99,99,99,99,99,0,0,0,2,1,1196
100038_2010,10,100038,1,1,NULL,0,NULL,NULL,1,5,0,7,6,2010,2,14,40,1,2,2,US-13,"SWAIN ROAD",25,38.67572778,-75.59246111,0,1,0,0,2,3,0,3,1,1,0,1,0,0000000,14,40,14,46,15,12,0,0,0,1,0,1197
100038_2011,10,100038,2,2,0,0,0,2,2,5,0,3,6,2011,6,16,50,1,2,3,SR-1,"COASTAL HIGHWAY",23,38.89108889,-75.38831111,0,12,6,0,2,2,0,1,1,1,0,1,0,0000000,16,51,16,59,17,56,0,0,0,1,0,1198
100039_2010,10,100039,2,2,NULL,0,NULL,NULL,3,3,0,8,6,2010,3,14,45,0,16,6,"REYBOLD ROAD",NULL,7,39.63373611,-75.71465,0,12,2,0,1,1,0,1,1,1,0,1,0,0000000,14,45,14,50,99,99,0,0,0,1,0,1199
100039_2011,10,100039,2,2,0,0,0,2,2,3,0,1,6,2011,4,13,44,0,14,3,SR-72,"CHAPEL STREET",67,39.6463,-75.73133889,0,1,0,0,2,3,0,1,1,1,0,1,0,0000000,13,46,13,53,14,16,14,0,0,1,0,1200
100040_2010,10,100040,1,1,NULL,2,NULL,NULL,1,3,0,8,6,2010,3,19,38,0,15,4,"PLEASANT VALLEY RD",NULL,12,39.62092778,-75.77111667,0,8,0,0,1,1,0,1,1,1,0,1,0,0000000,19,38,19,44,20,4,0,0,0,1,0,1201
100040_2011,10,100040,1,1,0,1,1,4,4,5,0,7,6,2011,3,20,22,0,4,3,SR-20,"SEAFORD RD",2,38.61138889,-75.597675,0,8,0,0,1,1,0,1,1,1,0,1,0,0000000,20,22,20,38,22,45,0,0,0,1,0,1202
100041_2010,10,100041,1,1,NULL,0,NULL,NULL,1,3,0,10,6,2010,5,19,8,0,14,2,US-13,NULL,28,39.75293056,-75.50838889,0,33,0,0,1,1,0,4,1,1,0,1,0,0000000,19,8,19,14,19,31,0,0,0,1,0,1203
100041_2011,10,100041,1,1,0,0,0,2,2,3,0,13,6,2011,2,22,9,0,15,3,SR-9,"NEW CASTLE AVE",0,39.705075,-75.55048889,0,33,0,0,2,2,0,4,3,1,0,1,0,0000000,22,9,22,14,22,34,0,0,0,1,1,1204
100042_2010,10,100042,3,1,NULL,0,NULL,NULL,1,5,350,14,6,2010,2,17,57,0,4,4,CR319,SR-5,175,38.76870556,-75.31668611,0,26,0,0,3,3,0,5,1,10,0,10,0,0000000,18,1,18,6,88,88,0,0,0,1,1,1205
100042_2011,10,100042,1,1,0,0,0,1,1,3,0,8,6,2011,4,18,38,0,14,4,"UPPER PIKE CREEK RD",NULL,7,39.7301,-75.70351944,0,42,0,0,1,1,0,4,1,1,0,1,0,0000000,18,35,18,38,88,88,0,0,0,1,0,1206
100043_2010,10,100043,3,3,NULL,0,NULL,NULL,4,3,360,23,6,2010,4,12,34,0,14,5,"PAPERMILL ROAD","LOUVIERS DRIVE",20,39.71128056,-75.74350833,0,12,6,0,2,3,0,1,1,1,0,1,0,0000000,12,34,99,99,99,99,0,0,0,1,0,1207
100043_2011,10,100043,3,2,1,0,0,3,3,5,0,18,6,2011,7,8,35,0,4,3,SR-17,NULL,70,38.54215,-75.13136944,0,12,2,0,1,1,0,1,1,10,0,10,0,0000000,8,38,9,14,99,99,0,0,0,1,0,1208
100044_2010,10,100044,2,2,NULL,0,NULL,NULL,2,5,0,25,6,2010,6,13,19,0,6,4,"BEAVER DAM RD",NULL,13,38.54575,-75.10060833,0,12,2,0,1,1,0,1,1,1,0,1,0,0000000,13,23,13,27,88,88,0,0,0,1,0,1209
100044_2011,10,100044,1,1,0,0,0,1,1,3,0,21,6,2011,3,3,32,0,15,3,SR-15,NULL,14,39.47821944,-75.73618889,0,43,0,0,1,1,0,5,2,10,0,10,0,0000000,3,32,3,36,88,88,0,0,0,1,1,1210
100045_2010,10,100045,1,1,NULL,0,NULL,NULL,1,1,0,3,7,2010,7,4,5,0,4,4,"SANDTOWN ROAD",NULL,19,39.01638333,-75.63941111,0,34,0,0,1,1,0,6,2,1,0,1,0,0000000,4,10,4,37,5,21,0,0,0,1,1,1211
100045_2011,10,100045,2,2,0,0,0,2,2,5,0,28,6,2011,3,21,31,1,2,3,SR-1,CR273A,236,38.71036111,-75.09696111,0,12,1,0,2,2,0,1,1,10,0,10,0,0000000,21,34,21,49,21,49,0,0,0,1,1,1212
100046_2010,10,100046,1,1,NULL,0,NULL,NULL,1,5,0,4,7,2010,1,18,11,0,2,3,SR-1,NULL,80,38.75522222,-75.19334722,0,42,0,0,1,1,0,4,1,1,0,1,0,0000000,18,18,18,31,18,52,0,0,0,1,1,1213
100046_2011,10,100046,1,1,0,0,0,1,1,1,0,29,6,2011,4,19,52,0,6,4,"NINE FOOT RD",NULL,5,38.83638056,-75.6267,0,42,0,0,1,1,0,5,1,1,0,1,0,0000000,19,52,20,3,88,88,0,0,0,1,1,1214
100047_2010,10,100047,2,2,NULL,0,NULL,NULL,2,3,0,9,7,2010,6,23,59,1,13,2,US-13,NULL,54,39.701375,-75.57289167,0,12,1,0,1,1,0,1,3,10,0,10,0,0000000,0,1,0,5,0,22,0,0,0,1,1,1215
100047_2011,10,100047,2,2,0,0,0,3,3,5,60,30,6,2011,5,16,2,1,2,2,US-13,NULL,68,38.73716944,-75.59205,0,12,6,0,8,1,0,1,1,1,0,1,0,0000000,16,6,16,19,17,5,0,0,0,1,0,1216
100048_2010,10,100048,2,2,NULL,0,NULL,NULL,3,5,0,11,7,2010,1,7,43,1,2,3,SR-18,NULL,110,38.71040278,-75.53031944,0,12,2,0,1,1,0,1,1,1,0,1,0,0000000,7,46,7,58,8,47,0,0,0,1,1,1217
100048_2011,10,100048,1,1,0,0,0,1,1,5,0,6,7,2011,4,14,0,0,4,3,SR-23,NULL,39,38.63199167,-75.15614167,0,30,0,0,1,1,0,5,1,2,0,2,0,0000000,14,2,14,10,88,88,0,0,0,1,1,1218
100049_2010,10,100049,1,1,NULL,1,NULL,NULL,1,3,0,16,7,2010,6,8,29,1,13,2,US-13,"HESSLER BLVD",47,39.71163611,-75.56076667,0,8,0,0,3,2,0,1,1,1,0,1,0,0000000,8,29,8,32,88,88,0,0,0,1,0,1219
100049_2011,10,100049,1,1,0,0,0,1,1,5,0,30,6,2011,5,12,2,0,6,4,"CAREY'S CAMP ROAD",NULL,34,38.52878889,-75.39623889,0,35,0,0,1,1,0,4,1,1,0,1,0,0000000,12,2,12,16,88,88,0,0,0,1,1,1220
100050_2010,10,100050,1,1,NULL,1,NULL,NULL,1,1,130,16,7,2010,6,16,19,0,14,5,"GOVERNORS AVENUE","WILLIAM STREET",30,39.168375,-75.530975,0,8,0,0,2,2,0,1,1,1,0,1,0,0000000,16,19,99,99,88,88,16,0,0,1,0,1221
100050_2011,10,100050,3,3,0,0,0,3,3,3,0,29,6,2011,4,21,29,1,11,1,I-495,NULL,55,39.74686111,-75.51160833,0,12,1,0,1,1,0,1,2,1,0,1,0,0000000,21,29,21,35,21,53,0,0,0,1,2,1222
100051_2010,10,100051,2,2,NULL,0,NULL,NULL,3,5,0,14,7,2010,4,12,10,0,4,3,SR-30,"MORRIS MILL ROAD",26,38.63242778,-75.29651667,0,12,6,0,2,2,0,1,1,1,0,1,0,0000000,12,10,12,14,12,50,0,0,0,1,0,1223
100051_2011,10,100051,2,2,0,0,0,2,2,3,0,1,7,2011,6,19,11,1,2,3,SR-1,NULL,57,39.35885,-75.65278889,0,12,11,0,1,1,0,1,1,1,0,1,0,0000000,19,14,19,23,19,56,0,0,0,1,0,1224
100052_2010,10,100052,1,1,NULL,0,NULL,NULL,1,5,0,17,7,2010,7,1,17,0,4,3,SR-23,NULL,23,38.74575,-75.17772778,0,30,0,0,1,1,0,4,2,1,0,1,0,0000000,1,23,1,31,88,88,0,0,0,1,0,1225
100052_2011,10,100052,2,2,0,0,0,2,2,3,0,15,7,2011,6,22,0,0,4,3,SR-9,NULL,30,39.59289167,-75.63039722,0,12,2,0,1,1,0,1,2,1,0,1,0,0000000,22,0,22,12,22,35,14,0,0,1,0,1226
100053_2010,10,100053,1,1,NULL,1,NULL,NULL,1,3,0,20,7,2010,3,20,49,0,15,4,"OTTS CHAPEL ROAD",NULL,6,39.65045833,-75.78034444,0,8,0,0,1,1,0,1,2,1,0,1,0,0000000,20,50,20,55,88,88,0,0,0,1,0,1227
100053_2011,10,100053,1,1,0,0,0,1,1,3,0,17,7,2011,1,13,37,1,12,3,SR-1,NULL,51,39.36793333,-75.65701944,0,18,0,0,1,1,1,3,1,10,0,10,0,0000000,13,38,13,41,14,21,0,0,0,1,0,1228
100054_2010,10,100054,1,1,NULL,0,NULL,NULL,6,3,0,28,7,2010,4,21,48,1,13,2,US-13,NULL,7,39.63477778,-75.65528889,0,1,0,0,1,1,0,3,2,1,0,1,0,0000000,21,48,21,52,22,14,0,0,0,1,1,1229
100054_2011,10,100054,1,1,0,2,2,1,1,3,0,23,7,2011,7,22,35,0,15,4,"AIRPORT ROAD",NULL,17,39.68585556,-75.61778056,0,8,0,0,1,1,0,1,2,10,0,10,0,0000000,22,36,22,38,22,58,23,0,0,1,0,1230
100055_2010,10,100055,1,1,NULL,0,NULL,NULL,3,1,0,1,8,2010,1,17,45,0,6,4,"WILLIAMSVILLE ROAD",NULL,15,38.90539444,-75.48603056,0,42,0,0,1,1,0,6,1,1,0,1,0,0000000,17,51,17,56,99,99,0,0,0,1,1,1231
100055_2011,10,100055,2,2,0,0,0,3,3,5,0,26,7,2011,3,21,26,0,4,3,SR-1,"WILKENS ROAD",20,38.8909,-75.38852778,0,12,6,0,2,2,0,1,2,1,0,1,0,0000000,21,32,21,48,21,55,0,0,0,1,0,1232
100056_2010,10,100056,1,1,NULL,1,NULL,NULL,1,5,0,1,8,2010,1,21,10,0,3,4,"COUNTY SEAT HIGHWAY","DUKES LUMBER ROAD",41,38.603725,-75.51546944,0,9,0,0,3,2,0,1,2,1,0,1,0,0000000,21,10,21,18,21,50,0,0,0,1,0,1233
100056_2011,10,100056,1,1,0,0,0,1,1,3,0,28,7,2011,5,0,49,1,11,1,I-95,NULL,83,39.77833056,-75.51057778,0,24,0,1,19,1,0,4,3,1,0,1,0,0000000,0,50,0,54,1,19,0,0,0,1,0,1234
100057_2010,10,100057,2,2,NULL,0,NULL,NULL,3,5,0,3,8,2010,3,12,21,0,6,4,CR525,NULL,13,38.669025,-75.54791389,0,12,6,0,8,1,0,1,1,1,0,1,0,0000000,12,18,12,25,99,99,0,0,0,1,0,1235
100057_2011,10,100057,1,1,0,0,0,2,2,1,0,29,7,2011,6,7,25,0,13,2,US-13,NULL,73,38.93514444,-75.56585278,0,35,0,0,1,1,0,4,1,10,0,10,0,0000000,7,28,7,33,99,99,0,0,0,1,0,1236
100058_2010,10,100058,2,2,NULL,0,NULL,NULL,2,3,0,5,8,2010,5,6,44,1,11,1,I-495,NULL,14,39.71781667,-75.54705556,0,12,6,1,18,1,0,1,1,1,0,1,0,0000000,6,43,6,50,7,10,0,0,0,1,0,1237
100058_2011,10,100058,2,2,0,0,0,2,2,3,0,8,8,2011,2,14,35,0,13,3,SR-896,"SO COLLEGE",49,39.64740278,-75.74721389,0,12,6,0,2,2,0,1,1,1,0,1,0,0000000,14,37,14,41,88,88,0,0,0,1,1,1238
100059_2010,10,100059,2,2,NULL,0,NULL,NULL,3,1,0,6,8,2010,6,20,55,0,4,4,"TARAILA ROAD",NULL,13,39.13165833,-75.73888889,0,12,6,0,4,1,0,1,2,10,0,10,0,0000000,21,1,21,9,21,43,0,0,0,1,2,1239
100059_2011,10,100059,1,1,0,0,0,1,1,5,0,9,8,2011,3,22,58,1,2,2,US-9,"PRETTYMAN ROAD",252,38.72388889,-75.29059444,0,42,0,0,3,3,0,6,2,1,0,1,0,0000000,23,3,23,15,88,88,0,0,0,1,1,1240
100060_2010,10,100060,2,2,NULL,0,NULL,NULL,2,1,130,15,8,2010,1,1,9,0,6,3,SR-8,NULL,51,39.14763611,-75.66481667,0,12,2,0,1,1,0,1,2,1,0,1,0,0000000,1,12,1,14,1,50,0,0,0,1,1,1241
100060_2011,10,100060,2,2,0,0,0,4,4,1,0,13,8,2011,7,16,45,1,2,3,SR-1,SR-9,141,39.28834167,-75.592675,0,12,7,0,1,1,0,1,1,2,0,2,0,0000000,16,50,17,9,17,14,0,0,0,1,0,1242
100061_2010,10,100061,1,1,NULL,0,NULL,NULL,1,5,320,18,8,2010,4,15,42,0,4,3,SR-30,NULL,73,38.887625,-75.3899,0,42,0,0,1,1,0,4,1,2,0,2,0,0000000,15,42,99,99,88,88,0,0,0,1,1,1243
100061_2011,10,100061,1,1,0,0,0,1,1,5,200,10,8,2011,4,23,0,1,2,2,US-13,NULL,201,38.64389167,-75.59409167,0,53,0,0,1,1,0,6,3,1,0,1,0,0000000,6,58,99,99,99,99,18,0,0,1,0,1244
100062_2010,10,100062,1,1,NULL,0,NULL,NULL,1,3,0,25,8,2010,4,23,56,0,6,4,"MAIN STREET",NULL,4,39.44149722,-75.64413056,0,21,0,0,1,1,0,4,2,1,0,1,0,0000000,23,56,0,4,88,88,0,0,0,1,0,1245
100062_2011,10,100062,1,1,0,0,0,1,1,1,0,16,8,2011,3,15,33,0,6,4,"PEARSON'S GROVE RD","DOWNS CHAPEL ROAD",1,39.22866389,-75.75390833,0,42,0,0,3,4,0,5,1,1,0,1,0,0000000,15,34,15,41,88,88,0,0,0,1,1,1246
100063_2010,10,100063,2,2,NULL,0,NULL,NULL,5,1,130,27,8,2010,6,16,34,0,14,3,SR-8,NULL,28,39.15575556,-75.58971389,0,12,2,0,1,1,0,1,1,1,0,1,0,0000000,16,43,16,45,17,15,0,0,0,3,0,1247
100063_2011,10,100063,1,1,0,1,1,1,1,3,0,16,8,2011,3,21,17,0,14,3,SR-9,NULL,19,39.68958611,-75.55593889,0,8,0,0,1,1,0,1,2,1,0,1,0,0000000,21,19,21,21,88,88,0,0,0,1,0,1248
100064_2010,10,100064,2,2,NULL,0,NULL,NULL,6,5,0,29,8,2010,1,16,12,0,4,4,CR40,CR42,54,38.75568889,-75.50079444,0,12,6,0,2,2,0,1,1,1,0,1,0,0000000,16,12,16,21,16,29,0,0,0,1,0,1249
100064_2011,10,100064,2,2,0,0,0,3,3,3,0,19,8,2011,6,1,46,0,3,2,US-13,"PADDOCK RD",6,39.30611111,-75.60696667,0,12,6,0,2,2,0,1,2,2,0,2,0,0000000,1,53,1,59,2,30,0,0,0,1,1,1250
100065_2010,10,100065,1,1,NULL,1,NULL,NULL,1,3,0,9,9,2010,5,5,5,1,13,2,US-13,NULL,1,39.654675,-75.61607222,0,8,0,0,1,1,0,1,2,1,0,1,0,0000000,5,7,5,13,5,30,0,0,0,1,0,1251
100065_2011,10,100065,1,1,0,1,1,3,3,3,310,1,9,2011,5,21,15,1,2,2,US-301,NULL,29,39.44785833,-75.72773056,0,8,0,0,1,1,0,1,3,1,0,1,0,0000000,21,15,21,20,99,99,0,0,0,1,0,1252
100066_2010,10,100066,1,1,NULL,0,NULL,NULL,1,3,0,9,9,2010,5,20,42,0,6,4,"BLACKBIRD STATION RD",NULL,40,39.37630833,-75.730475,0,34,0,0,1,1,0,4,2,1,0,1,0,0000000,20,42,20,48,21,36,0,0,0,1,0,1253
100066_2011,10,100066,1,1,0,1,1,1,1,1,0,6,9,2011,3,21,58,0,3,4,"STATE STREET",NULL,36,39.08966667,-75.49744722,0,8,0,0,1,1,0,1,2,10,0,10,0,0000000,22,6,22,15,22,22,0,0,0,1,0,1254
100067_2010,10,100067,2,2,NULL,0,NULL,NULL,6,3,0,15,9,2010,4,22,6,0,13,3,SR-48,"COURT DRIVE",70,39.75616389,-75.59769722,0,12,6,0,2,2,0,1,2,1,0,1,0,0000000,22,8,22,15,22,30,0,0,0,1,0,1255
100067_2011,10,100067,2,2,0,0,0,4,4,1,70,10,9,2011,7,19,15,0,15,5,"MAIN STREET","CAMDEN-WYOMING AVE",49,39.113425,-75.542725,0,33,0,0,2,2,0,4,5,10,0,10,0,0000000,19,17,19,19,99,99,0,0,0,1,0,1256
100068_2010,10,100068,1,1,NULL,0,NULL,NULL,2,5,0,12,9,2010,1,12,38,0,4,4,"PYLE CENTER RD","DAISEY ROAD",51,38.51479444,-75.18038611,0,42,0,0,2,3,0,4,1,2,0,2,0,0000000,12,42,12,50,13,43,0,0,0,2,0,1257
100068_2011,10,100068,3,3,0,0,0,3,3,5,0,1,9,2011,5,7,49,0,4,3,SR-20,HARDSCRABBLE,125,38.60273056,-75.35655833,0,12,1,0,1,1,0,1,1,1,0,1,0,0000000,7,50,7,59,8,43,0,0,0,1,0,1258
100069_2010,10,100069,1,1,NULL,0,NULL,NULL,1,1,0,29,9,2010,4,19,19,0,3,4,CR44,NULL,23,39.15841667,-75.65434444,0,34,0,0,1,1,0,4,1,1,0,1,0,0000000,19,29,99,99,19,51,0,0,0,1,1,1259
100069_2011,10,100069,3,3,0,0,0,3,3,3,0,16,9,2011,6,17,33,0,3,2,US-13,NULL,31,39.61005833,-75.64933889,0,12,2,0,1,1,0,1,1,1,0,1,0,0000000,17,34,17,41,18,4,0,0,0,1,1,1260
100070_2010,10,100070,2,2,NULL,0,NULL,NULL,2,3,0,4,10,2010,2,9,0,0,16,4,"STONEY BATTER ROAD",NULL,11,39.75081944,-75.67992222,0,12,6,0,1,1,0,1,1,2,0,2,0,0000000,9,0,99,99,99,99,0,0,0,1,0,1261
100070_2011,10,100070,1,1,0,1,1,1,1,5,0,24,9,2011,7,1,20,1,2,2,US-113,"FITZGERALD ROAD",31,38.86897222,-75.43906667,0,8,0,0,2,3,0,1,2,10,0,10,0,0000000,1,23,1,31,1,48,0,0,0,1,0,1262
100071_2010,10,100071,2,2,NULL,0,NULL,NULL,2,3,0,7,10,2010,5,1,37,1,2,2,US-13,"DENNY ROAD",79,39.57195556,-75.73923056,0,12,1,0,3,2,0,1,3,1,0,1,0,0000000,1,39,1,44,2,7,0,0,0,1,1,1263
100071_2011,10,100071,2,2,0,0,0,2,2,1,450,26,9,2011,2,0,1,0,14,2,US-13,NULL,11,39.30614722,-75.60685278,0,12,1,0,1,1,0,1,2,1,0,1,0,0000000,0,5,0,9,0,32,0,0,0,1,1,1264
100072_2010,10,100072,1,1,NULL,1,NULL,NULL,1,1,0,7,10,2010,5,22,39,0,3,2,US-13,NULL,34,39.22892778,-75.57915556,0,8,0,0,1,1,0,1,2,1,0,1,0,0000000,22,41,22,46,88,88,0,0,0,1,0,1265
100072_2011,10,100072,3,3,0,0,0,3,3,3,0,30,9,2011,6,3,26,1,11,1,I-495,NULL,79,39.75217778,-75.50173889,0,12,1,0,1,1,0,1,2,1,0,1,0,0000000,3,31,3,32,4,19,19,0,0,1,1,1266
100073_2010,10,100073,2,2,NULL,1,NULL,NULL,4,5,0,15,10,2010,6,21,33,0,4,3,SR-20,NULL,31,38.63832778,-75.55263611,0,8,0,0,1,1,0,1,2,1,0,1,0,0000000,21,37,21,42,21,58,0,0,0,1,0,1267