st_case_year,STATE,ST_CASE,VE_TOTAL,VE_FORMS,PVH_INVL,PEDS,PERNOTMVIT,PERMVIT,PERSONS,COUNTY,CITY,DAY,MONTH,YEAR,DAY_WEEK,HOUR,MINUTE,NHS,ROAD_FNC,ROUTE,TWAY_ID,TWAY_ID2,MILEPT,LATITUDE,LONGITUD,SP_JUR,HARM_EV,MAN_COLL,RELJCT1,RELJCT2,TYP_INT,WRK_ZONE,REL_ROAD,LGT_COND,WEATHER1,WEATHER2,WEATHER,SCH_BUS,RAIL,NOT_HOUR,NOT_MIN,ARR_HOUR,ARR_MIN,HOSP_HR,HOSP_MN,CF1,CF2,CF3,FATALS,DRUNK_DR,idno
100073_2011,10,100073,1,1,0,1,1,1,1,5,0,3,10,2011,2,19,14,0,5,4,"NORTH JERSEY ROAD",NULL,5,38.46638611,-75.61318056,0,8,0,0,1,1,0,1,2,2,0,2,0,0000000,19,18,19,25,20,3,0,0,0,1,0,1268
100074_2010,10,100074,1,1,NULL,0,NULL,NULL,2,3,0,28,10,2010,5,15,12,1,2,3,SR-1,NULL,51,39.57552778,-75.65769167,0,24,0,0,1,1,0,4,1,1,0,1,0,0000000,15,13,15,18,88,88,0,0,0,2,0,1269
100074_2011,10,100074,6,6,0,0,0,8,8,3,0,10,10,2011,2,21,54,0,3,4,"PAPERMILL RD","POLLYDRUMMOND RD",43,39.73942222,-75.72476111,0,12,1,0,3,2,0,1,2,1,0,1,0,0000000,21,55,22,2,22,43,0,0,0,1,4,1270
100075_2010,10,100075,3,3,NULL,0,NULL,NULL,4,1,0,31,10,2010,1,20,12,1,2,2,US-13,NULL,46,38.97836111,-75.56877222,0,12,6,0,1,1,0,1,2,1,0,1,0,0000000,20,15,20,17,88,88,0,0,0,2,0,1271
100075_2011,10,100075,1,1,0,0,0,1,1,3,0,15,10,2011,7,5,36,0,13,3,SR-273,NULL,11,39.68595,-75.7287,0,59,0,0,1,1,0,4,2,1,0,1,0,0000000,6,10,6,13,88,88,20,0,0,1,1,1272
100076_2010,10,100076,1,1,NULL,1,NULL,NULL,1,1,0,7,11,2010,1,9,0,0,6,4,"WILLOW GROVE RD",NULL,74,39.07297778,-75.61555,0,8,0,0,1,1,0,1,1,1,0,1,0,0000000,9,0,99,99,88,88,0,0,0,1,0,1273
100076_2011,10,100076,1,1,0,0,0,3,3,5,0,18,10,2011,3,11,20,0,6,4,"GORDY ROAD",NULL,19,38.52313889,-75.51739444,0,53,0,0,1,1,0,4,1,1,0,1,0,0000000,11,24,11,35,12,36,0,0,0,1,1,1274
100077_2010,10,100077,1,1,NULL,1,NULL,NULL,1,5,0,8,11,2010,2,17,47,0,6,4,CR546,NULL,27,38.70835278,-75.61331667,0,9,0,0,1,1,0,1,2,1,0,1,0,0000000,17,49,17,54,18,17,0,0,0,1,0,1275
100077_2011,10,100077,2,2,0,0,0,2,2,1,0,19,10,2011,4,14,55,0,14,3,SR-8,"ROSEVALLEY RD",24,39.15557778,-75.60246667,0,12,6,0,2,2,0,1,1,2,0,2,0,0000000,15,4,15,12,15,30,0,0,0,1,0,1276
100078_2010,10,100078,1,1,NULL,0,NULL,NULL,1,5,0,11,11,2010,5,8,49,0,6,4,CR265,NULL,2,38.74712222,-75.20725278,0,42,0,0,1,1,0,6,1,1,0,1,0,0000000,8,53,8,56,88,88,0,0,0,1,0,1277
100078_2011,10,100078,1,1,0,0,0,1,1,5,0,25,10,2011,3,22,1,0,6,4,"GORDY ROAD",NULL,1,38.49791667,-75.51790278,0,34,0,0,1,1,0,4,2,1,0,1,0,0000000,22,5,22,14,22,51,0,0,0,1,1,1278
100079_2010,10,100079,2,2,NULL,0,NULL,NULL,2,5,0,22,11,2010,2,0,1,1,2,3,SR-1,NULL,26,38.89049722,-75.38689722,0,12,2,0,1,1,0,1,2,1,0,1,0,0000000,0,19,0,19,88,88,0,0,0,2,1,1279
100079_2011,10,100079,2,2,0,0,0,3,3,3,0,27,10,2011,5,5,18,0,13,3,SR-2,NULL,92,39.69681111,-75.71274722,0,12,1,0,1,1,0,1,3,2,0,2,0,0000000,5,18,5,30,5,49,0,0,0,1,0,1280
100080_2010,10,100080,2,2,NULL,0,NULL,NULL,3,1,0,22,11,2010,2,15,40,0,4,4,"CANTERBURY ROAD",NULL,44,38.98870278,-75.51031944,0,12,2,0,1,1,0,1,1,1,0,1,0,0000000,15,44,15,54,16,23,0,0,0,1,0,1281
100080_2011,10,100080,1,1,0,0,0,1,1,3,0,4,11,2011,6,1,59,0,4,3,SR-7,NULL,13,39.597975,-75.66248889,0,25,0,0,1,1,0,5,2,1,0,1,0,0000000,1,59,2,6,88,88,0,0,0,1,1,1282
100081_2010,10,100081,2,2,NULL,0,NULL,NULL,6,5,0,26,11,2010,6,18,59,0,4,4,CR298,SR-24,318,38.62008889,-75.19841111,0,12,6,0,2,2,0,1,2,1,0,1,0,0000000,18,59,19,5,19,54,0,0,0,1,1,1283
100081_2011,10,100081,1,1,0,0,0,1,1,3,0,5,11,2011,7,16,39,1,2,2,US-301,NULL,11,39.57402778,-75.73876944,0,33,0,0,1,1,0,4,1,1,0,1,0,0000000,16,39,16,50,88,88,0,0,0,1,0,1284
100082_2010,10,100082,2,2,NULL,0,NULL,NULL,2,5,0,21,11,2010,1,9,21,0,4,3,SR-24,SR-23,55,38.63578056,-75.19455,0,12,6,0,2,2,0,1,1,1,0,1,0,0000000,9,22,9,25,10,1,0,0,0,1,0,1285
100082_2011,10,100082,1,1,0,1,1,1,1,3,490,5,11,2011,7,18,58,0,15,6,"SOUTH JACKSON STREET","LANCASTER AVENUE",9,39.74136389,-75.56261111,0,8,0,0,3,2,0,1,3,1,0,1,0,0000000,18,58,99,99,99,99,0,0,0,1,0,1286
100083_2010,10,100083,1,1,NULL,1,NULL,NULL,1,3,0,6,12,2010,2,7,6,0,14,4,"OLD BALTIMORE PIKE","WHITAKER ROAD",50,39.63035,-75.760775,0,8,0,0,2,3,0,4,1,1,0,1,0,0000000,7,7,7,13,99,99,0,0,0,1,0,1287
100083_2011,10,100083,2,2,0,0,0,2,2,5,0,27,10,2011,5,20,19,0,4,3,"SR-26 VINES CREEK ROAD","HOLTS LANDING ROAD",7,38.55445,-75.15379722,0,12,6,0,2,3,0,1,2,1,0,1,0,0000000,21,11,21,19,22,15,0,0,0,1,1,1288
100084_2010,10,100084,2,2,NULL,0,NULL,NULL,2,3,0,9,12,2010,5,19,52,0,3,2,US-13,"BOYD'S CORNER RD",17,39.50033333,-75.65013889,0,12,6,0,2,2,0,1,1,1,0,1,0,0000000,9,54,9,58,88,88,0,0,0,1,0,1289
100084_2011,10,100084,2,1,1,1,1,1,1,5,0,29,10,2011,7,15,3,1,2,2,"US-9 DUPONT BLVD",NULL,209,38.71202222,-75.40625278,0,32,0,0,1,1,0,4,1,2,0,2,0,0000000,15,4,15,8,15,45,15,0,0,1,0,1290
100085_2010,10,100085,1,1,NULL,0,NULL,NULL,1,1,320,11,12,2010,7,1,23,0,3,3,SR-14,NULL,6,38.91748333,-75.42047778,0,1,0,0,1,1,0,4,3,1,0,1,0,0000000,99,99,1,23,1,42,0,0,0,1,1,1291
100085_2011,10,100085,1,1,0,1,1,1,1,1,0,16,11,2011,4,20,30,0,14,3,SR-8,"FORREST AVE",24,39.15605,-75.60288611,0,8,0,0,1,1,0,1,2,2,0,2,0,0000000,7,10,7,20,88,88,18,0,0,1,0,1292
100086_2010,10,100086,1,1,NULL,0,NULL,NULL,1,3,0,11,12,2010,7,5,47,0,13,3,SR-4,NULL,52,39.72884167,-75.58563611,0,33,0,0,1,1,0,4,2,1,0,1,0,0000000,5,50,5,55,6,24,0,0,0,1,1,1293
100086_2011,10,100086,1,1,0,0,0,2,2,5,0,23,12,2011,6,0,53,0,2,3,SR-24,NULL,99999,38.68592222,-75.17953889,0,42,0,0,1,1,0,5,2,2,0,2,0,0000000,0,58,1,10,1,30,0,0,0,2,1,1294
100087_2010,10,100087,2,2,NULL,0,NULL,NULL,2,5,0,18,8,2010,4,5,17,0,4,3,SR-24,CR421,218,38.55944167,-75.34561111,0,12,6,0,2,2,0,1,2,2,0,2,0,0000000,5,22,5,26,5,55,0,0,0,1,1,1295
100087_2011,10,100087,2,2,0,0,0,2,2,5,0,23,11,2011,4,9,54,0,6,2,US-13,CR488,20,38.57110278,-75.56099722,0,12,6,0,2,2,0,1,1,10,0,10,0,0000000,9,56,10,3,10,25,0,0,0,1,0,1296
100088_2010,10,100088,1,1,NULL,1,NULL,NULL,1,1,130,15,12,2010,4,20,4,0,13,2,US-13,NULL,17,39.13914722,-75.524825,0,8,0,0,1,1,0,1,2,1,0,1,0,0000000,99,99,99,99,88,88,0,0,0,1,1,1297
100088_2011,10,100088,1,1,0,0,0,1,1,1,0,30,11,2011,4,17,0,0,6,4,"FARM LANE",NULL,26,39.07576667,-75.60552778,0,11,0,0,1,1,0,1,2,1,0,1,0,0000000,17,8,17,18,17,38,0,0,0,1,0,1298
100089_2010,10,100089,1,1,NULL,1,NULL,NULL,1,3,0,16,12,2010,5,2,7,0,13,2,US-13A,NULL,9,39.71999444,-75.55606944,0,8,0,0,1,1,0,1,2,1,0,1,0,0000000,2,9,2,12,88,88,0,0,0,1,0,1299
100089_2011,10,100089,1,1,0,0,0,1,1,5,0,12,12,2011,2,7,5,0,4,4,"WHITESVILLE ROAD",NULL,64,38.47311389,-75.45837222,0,42,0,0,1,1,0,4,4,1,0,1,0,0000000,7,12,7,17,88,88,0,0,0,1,0,1300
100090_2010,10,100090,2,2,NULL,0,NULL,NULL,2,1,0,18,12,2010,7,7,25,1,2,2,US-13,"PARADISE ALLEY RD",33,38.97175556,-75.56705556,0,12,6,0,2,3,0,1,1,1,0,1,0,0000000,7,27,7,56,99,99,0,0,0,1,1,1301
100090_2011,10,100090,1,1,0,0,0,2,2,5,0,13,12,2011,3,10,16,0,6,4,CR277,"ANGOLA ROAD",10,38.67556667,-75.17655278,0,34,0,0,1,1,0,4,1,1,0,1,0,0000000,10,18,10,27,10,56,0,0,0,1,0,1302
100091_2010,10,100091,1,1,NULL,0,NULL,NULL,4,1,0,24,12,2010,6,18,2,0,6,3,SR-15,NULL,13,39.08623611,-75.57778333,0,34,0,0,1,1,0,4,2,1,0,1,0,0000000,18,8,18,13,99,99,0,0,0,1,1,1303
100091_2011,10,100091,1,1,0,0,0,2,2,3,0,13,12,2011,3,13,16,0,4,4,"GREARS CORNER RD",NULL,37,39.40244722,-75.73566667,0,7,0,0,1,1,0,1,1,1,0,1,0,0000000,13,19,13,24,14,22,0,0,0,1,1,1304
100092_2010,10,100092,1,1,NULL,0,NULL,NULL,1,3,0,30,12,2010,5,1,2,1,2,2,US-301,NULL,18,39.46906389,-75.72112222,0,1,0,0,1,1,0,5,2,1,0,1,0,0000000,1,5,1,10,88,88,0,0,0,1,1,1305
100092_2011,10,100092,1,1,0,1,1,1,1,3,0,20,12,2011,3,19,41,0,13,3,SR-2,NULL,73,39.70930556,-75.68171944,0,8,0,0,1,1,0,1,3,10,0,10,0,0000000,19,42,99,99,20,4,0,0,0,1,0,1306
100093_2010,10,100093,1,1,NULL,0,NULL,NULL,1,3,0,23,12,2010,5,11,59,1,11,1,I-95,NULL,103,39.69767778,-75.61486111,0,42,0,0,1,1,0,3,1,1,0,1,0,0000000,11,59,12,4,12,36,0,0,0,1,0,1307
100093_2011,10,100093,1,1,0,0,0,2,2,5,0,28,12,2011,4,15,38,0,4,3,SR-5,"INDIAN MISSION RD",55,38.63606111,-75.19751111,0,34,0,0,1,1,0,6,1,1,0,1,0,0000000,15,40,15,44,16,25,0,0,0,1,0,1308
100094_2011,10,100094,1,1,0,1,1,1,1,3,0,30,12,2011,6,6,34,0,13,6,"NAAMAN'S ROAD",NULL,57,39.82893889,-75.54391389,0,8,0,0,1,1,0,1,2,10,0,10,0,0000000,6,36,6,40,7,10,0,0,0,1,0,1309
110001_2010,11,110001,1,1,NULL,0,NULL,NULL,1,1,10,3,1,2010,1,0,30,0,16,6,"ROCK CREEK PARKWAY",NULL,99999,38.90913611,-77.05063889,1,1,0,0,1,1,0,5,6,98,0,98,0,0000000,99,99,99,99,99,99,0,0,0,1,1,1310
110001_2011,11,110001,2,2,0,0,0,4,4,1,10,14,1,2011,6,4,54,0,16,6,"CANAL ROAD NW",NULL,0,38.91457778,-77.09818889,0,12,6,0,1,1,0,1,3,1,0,1,0,0000000,99,99,99,99,99,99,0,0,0,2,1,1311
110002_2010,11,110002,2,1,NULL,1,NULL,NULL,1,1,10,16,1,2010,7,2,7,1,11,1,"I-295 NORTHBOUND",NULL,0,38.89831389,-76.94923056,0,8,0,0,1,1,0,1,3,1,0,1,0,0000000,99,99,99,99,99,99,0,0,0,1,1,1312
110002_2011,11,110002,2,1,1,0,0,1,1,1,10,12,2,2011,7,3,4,0,16,6,"16TH ST N.W.",NULL,0,38.95496944,-77.03634722,0,14,0,0,1,1,0,7,3,1,0,1,0,0000000,99,99,99,99,99,99,0,0,0,1,1,1313
110003_2010,11,110003,1,1,NULL,0,NULL,NULL,2,1,10,20,2,2010,7,2,35,0,16,6,"HAWAII AVE N.E",NULL,0,38.94685278,-77.00848333,0,30,0,0,1,1,0,4,3,1,0,1,0,0000000,99,99,99,99,99,99,0,0,0,1,1,1314
110003_2011,11,110003,1,1,0,1,1,4,4,1,10,8,2,2011,3,18,40,0,16,6,"NORTH CAPITOL STREET","MASSACHUSETTS AVE",99999,38.89736111,-77.00886111,0,8,0,0,2,2,0,1,3,1,0,1,0,0000000,99,99,99,99,99,99,0,0,0,1,0,1315
110004_2010,11,110004,1,1,NULL,1,NULL,NULL,1,1,10,2,3,2010,3,4,20,0,16,6,"1800 9TH ST NE",NULL,0,38.91526111,-76.99358333,0,8,0,0,1,1,4,1,3,1,0,1,0,0000000,88,88,88,88,88,88,0,0,0,1,0,1316
110004_2011,11,110004,2,1,1,1,1,1,1,1,10,27,2,2011,1,22,35,0,16,6,"KEY BRIDGE",NULL,0,38.90295556,-77.06958611,0,8,0,0,1,1,0,1,3,2,0,2,0,0000000,99,99,99,99,99,99,23,0,0,1,1,1317
110005_2010,11,110005,1,1,NULL,1,NULL,NULL,1,1,10,6,3,2010,7,6,14,0,16,6,"CONSTITUTION AVE","14TH ST",0,38.89207778,-77.03194722,0,8,0,0,2,2,0,1,4,1,0,1,0,0000000,99,99,99,99,99,99,0,0,0,1,0,1318
110005_2011,11,110005,2,1,1,0,2,1,3,1,10,1,3,2011,3,0,5,1,11,1,"I-395 NW",NULL,0,38.89355556,-77.01425556,0,45,0,0,1,1,4,1,3,1,0,1,0,0000000,99,99,99,99,99,99,0,0,0,1,0,1319
110006_2010,11,110006,1,1,NULL,1,NULL,NULL,1,1,10,30,3,2010,3,21,30,0,16,6,"WISCONSIN AVE","M ST",99999,38.90521111,-77.06286944,0,8,0,0,2,2,0,1,1,1,0,1,0,0000000,99,99,99,99,99,99,0,0,0,1,0,1320
110006_2011,11,110006,2,2,0,0,0,6,6,1,10,9,3,2011,4,22,40,0,16,6,"SOUTH CAPITOL ST SW",NULL,0,38.84171389,-77.00875278,0,12,6,0,1,1,0,1,3,2,0,2,0,0000000,99,99,99,99,99,99,0,0,0,2,0,1321
110007_2010,11,110007,1,1,NULL,1,NULL,NULL,1,1,10,6,4,2010,3,10,55,0,16,6,"WASHINGTON CIRCLE NW",NULL,99999,38.90203056,-77.05012222,0,8,0,0,1,1,0,1,1,1,0,1,0,0000000,99,99,99,99,99,99,0,0,0,1,0,1322
110007_2011,11,110007,1,1,0,1,1,1,1,1,10,12,3,2011,7,3,46,0,16,6,"BENNING RD SE","H ST SE",0,38.87867222,-76.93163333,0,15,0,0,3,2,0,1,3,1,0,1,0,0000000,99,99,99,99,99,99,0,0,0,1,0,1323
110008_2010,11,110008,1,1,NULL,1,NULL,NULL,1,1,10,8,4,2010,5,21,30,0,16,6,"EASTERN AVENUE",NULL,99999,38.90435833,-76.924125,0,8,0,0,1,1,0,1,3,2,0,2,0,0000000,99,99,99,99,99,99,0,0,0,1,0,1324
110008_2011,11,110008,1,1,0,1,1,1,1,1,10,17,3,2011,5,6,15,0,16,6,"FIRTH STERLING AVE","SUITLAND PKWY",0,38.86233333,-76.99744444,0,8,0,0,2,2,0,1,3,1,0,1,0,0000000,99,99,99,99,99,99,0,0,0,1,0,1325
110009_2010,11,110009,2,2,NULL,0,NULL,NULL,2,1,10,10,4,2010,7,6,30,0,16,6,"EASTERN AVE","NEWTON ST",99999,38.93410833,-76.96214722,0,12,6,0,2,3,0,1,4,1,0,1,0,0000000,99,99,99,99,99,99,0,0,0,1,0,1326
110009_2011,11,110009,1,1,0,0,0,1,1,1,10,3,4,2011,1,23,43,1,11,1,I-395,NULL,0,38.88298333,-77.01222778,0,24,0,0,1,1,0,4,3,1,0,1,0,0000000,88,88,88,88,88,88,0,0,0,1,1,1327
110010_2010,11,110010,1,1,NULL,1,NULL,NULL,1,1,10,12,4,2010,2,18,4,0,16,6,"NEW YORK AVE NW","12TH STREET",99999,38.90065278,-77.02813889,0,9,0,0,2,2,0,1,1,1,0,1,0,0000000,88,88,88,88,88,88,0,0,0,1,0,1328
110010_2011,11,110010,1,1,0,1,1,1,1,1,10,8,5,2011,1,5,10,1,12,1,I-295,NULL,0,38.88809444,-76.96161111,0,8,0,0,1,1,0,1,3,1,0,1,0,0000000,88,88,88,88,88,88,0,0,0,1,1,1329
110011_2010,11,110011,2,2,NULL,0,NULL,NULL,7,1,10,19,4,2010,2,18,50,0,16,6,"3600 BLK ALABAMA AVE",NULL,99999,38.86366944,-76.95613889,0,12,2,0,98,1,0,1,1,1,0,1,0,0000000,99,99,99,99,99,99,0,0,0,1,0,1330
110011_2011,11,110011,2,2,0,0,0,2,2,1,10,24,5,2011,3,7,6,0,16,6,"SOUTHERN AVE",NULL,0,38.87117222,-76.93736389,0,12,1,0,1,1,0,1,1,1,0,1,0,0000000,99,99,99,99,99,99,0,0,0,1,1,1331
110012_2010,11,110012,1,1,NULL,1,NULL,NULL,1,1,10,29,4,2010,5,10,21,0,16,6,"M STREET SE","HALF STREET SE",99999,38.87648333,-77.00727222,0,8,0,0,2,2,0,1,1,1,0,1,0,0000000,88,88,88,88,88,88,0,0,0,1,0,1332
110012_2011,11,110012,1,1,0,1,1,2,2,1,10,31,5,2011,3,22,3,0,16,6,"EAST CAPITOL STREET",NULL,99999,38.89029722,-76.96978611,0,8,0,0,1,1,0,1,3,1,0,1,0,0000000,99,99,99,99,99,99,0,0,0,1,0,1333
110013_2010,11,110013,1,1,NULL,0,NULL,NULL,3,1,10,1,6,2010,3,18,12,0,16,6,"5200 FIRST STREET NE",NULL,99999,38.95331944,-77.00441944,0,42,0,0,1,1,0,5,1,1,0,1,0,0000000,99,99,99,99,99,99,0,0,0,1,0,1334
110013_2011,11,110013,1,1,0,1,1,1,1,1,10,4,6,2011,7,7,20,0,16,6,"BENNING RD","ANACOSTIA AVE",0,38.89704444,-76.96030278,0,9,0,0,2,2,0,1,1,1,0,1,0,0000000,99,99,99,99,99,99,0,0,0,1,0,1335
110014_2010,11,110014,1,1,NULL,1,NULL,NULL,1,1,10,3,6,2010,5,18,53,0,16,6,"MONTELLO AVE N.E.",NULL,99999,38.90868333,-76.98611389,0,8,0,0,1,1,0,1,1,1,0,1,0,0000000,99,99,99,99,99,99,0,0,0,1,0,1336
110014_2011,11,110014,3,1,2,0,0,1,1,1,10,17,6,2011,6,99,99,0,16,6,"NAYLOR ROAD SE",NULL,0,38.855475,-76.96622222,0,14,0,0,1,1,0,7,3,1,0,1,0,0000000,99,99,99,99,99,99,0,0,0,1,0,1337
110015_2010,11,110015,1,1,NULL,1,NULL,NULL,1,1,10,4,6,2010,6,22,50,0,16,6,"SOUTHERN AVE SE",NULL,99999,38.83806944,-76.97991389,0,9,0,0,1,1,0,1,3,1,0,1,0,0000000,99,99,99,99,99,99,0,0,0,1,1,1338
110015_2011,11,110015,1,1,0,0,0,4,4,1,10,2,7,2011,7,2,3,0,16,6,"MISSISSIPPI AVE SE",NULL,0,38.84021111,-76.98565556,0,33,0,0,1,1,0,4,3,1,0,1,0,0000000,99,99,99,99,99,99,0,0,0,3,1,1339
110016_2010,11,110016,1,1,NULL,1,NULL,NULL,2,1,10,11,7,2010,1,18,9,0,16,6,"WISCONSIN AVENUE","RESERVOIR ROAD",99999,38.912225,-77.06598056,0,8,0,0,3,3,0,1,1,1,0,1,0,0000000,99,99,99,99,99,99,0,0,0,1,0,1340
110016_2011,11,110016,2,2,0,0,0,4,4,1,10,17,7,2011,1,5,2,0,16,6,"FRANKLIN ST NE","LINCOLN RD NE",0,38.92556944,-77.00324167,0,12,6,0,2,4,0,1,3,1,0,1,0,0000000,99,99,99,99,99,99,0,0,0,1,0,1341
110017_2010,11,110017,3,3,NULL,0,NULL,NULL,3,1,10,26,7,2010,2,4,20,0,16,6,"100 NEW YORK AVE N.E",NULL,99999,38.90763333,-77.00836667,0,12,7,0,1,1,0,1,3,1,0,1,0,0000000,99,99,99,99,99,99,0,0,0,1,0,1342
110017_2011,11,110017,2,2,0,0,0,2,2,1,10,2,8,2011,3,4,54,0,16,6,"FLORIDA AVE NE","ECKINGTON PL NE",0,38.909275,-77.00520556,0,12,6,0,2,3,0,1,3,1,0,1,0,0000000,99,99,99,99,99,99,0,0,0,1,0,1343
110018_2010,11,110018,1,1,NULL,0,NULL,NULL,1,1,10,31,7,2010,7,2,1,1,11,1,"I-295 SB",NULL,99999,38.88221389,-77.01072778,0,24,0,0,1,1,0,3,3,1,0,1,0,0000000,88,88,88,88,88,88,0,0,0,1,1,1344
110018_2011,11,110018,1,1,0,0,0,2,2,1,10,12,8,2011,6,4,15,0,16,6,"SOUTHERN AVE SE",NULL,0,38.83554444,-76.98298333,0,33,0,0,1,1,0,4,3,1,0,1,0,0000000,99,99,99,99,99,99,0,0,0,2,1,1345
110019_2010,11,110019,1,1,NULL,2,NULL,NULL,1,1,10,8,9,2010,4,20,38,0,16,6,"18TH STREET NW","FLORIDA AVE NW",0,38.91693333,-77.04158333,0,33,0,0,2,2,0,3,3,1,0,1,0,0000000,99,99,99,99,99,99,0,0,0,1,1,1346
110019_2011,11,110019,1,1,0,1,1,1,1,1,10,19,8,2011,6,19,30,0,16,6,"8TH ST SE","VIRGINIA AVE SE",99999,38.87835,-76.99501389,0,8,0,0,2,2,0,1,3,2,0,2,0,0000000,99,99,99,99,99,99,0,0,0,1,0,1347
110020_2010,11,110020,1,1,NULL,0,NULL,NULL,2,1,10,30,10,2010,7,1,33,0,16,6,"2400 MLK AVE S.E.",NULL,0,38.86233333,-76.99341111,0,33,0,0,1,1,0,4,3,1,0,1,0,0000000,99,99,99,99,99,99,0,0,0,1,0,1348
110020_2011,11,110020,1,1,0,1,1,1,1,1,10,29,9,2011,5,6,35,0,16,6,"CALVERT ST NW",NULL,0,38.92333333,-77.05528889,0,8,0,0,1,1,0,1,3,1,0,1,0,0000000,99,99,99,99,99,99,0,0,0,1,0,1349
110021_2010,11,110021,3,1,NULL,1,NULL,NULL,1,1,10,7,10,2010,5,1,34,0,16,6,"CONNECTICUT AVE N.W.",NULL,99999,38.9082,-77.04231389,0,8,0,0,1,1,0,1,3,1,0,1,0,0000000,99,99,99,99,99,99,0,0,0,1,1,1350
110021_2011,11,110021,1,1,0,1,1,1,1,1,10,6,10,2011,5,10,59,0,16,6,"CONN AVE NW","DEVONSHIRE PL NW",99999,38.93169722,-77.05627222,0,8,0,0,2,3,0,1,1,1,0,1,0,0000000,99,99,99,99,99,99,0,0,0,1,0,1351
110022_2010,11,110022,1,1,NULL,0,NULL,NULL,1,1,10,5,11,2010,6,17,50,0,16,6,"21ST ST NE","MARYLAND AVE NE",0,38.903925,-76.9741,0,33,0,0,2,2,0,4,1,1,0,1,0,0000000,99,99,99,99,99,99,0,0,0,1,1,1352
110022_2011,11,110022,3,3,0,0,0,3,3,1,10,17,10,2011,2,17,11,0,16,6,"KENILWORTH AVE NE",NULL,0,38.90358056,-76.9421,0,12,1,0,1,1,0,1,1,1,0,1,0,0000000,99,99,99,99,99,99,0,0,0,1,0,1353
110023_2010,11,110023,1,1,NULL,1,NULL,NULL,1,1,10,8,11,2010,2,0,45,0,16,6,"2900 BLOCK S CAPITOL",NULL,0,38.84681111,-77.00810833,0,8,0,0,1,1,0,1,3,1,0,1,0,0000000,99,99,99,99,99,99,0,0,0,1,0,1354
110024_2010,11,110024,1,1,NULL,1,NULL,NULL,2,1,10,12,12,2010,1,2,35,1,11,1,"I-295 SOUTHBOUND",NULL,0,38.85758889,-77.00398889,0,8,0,0,1,1,0,1,3,2,0,2,0,0000000,99,99,99,99,99,99,0,0,0,1,1,1355
240001_2010,24,240001,1,1,NULL,1,NULL,NULL,1,47,1230,2,1,2010,7,19,46,1,2,2,US-13,SR-756,54,38.07512222,-75.5583,0,9,0,0,3,2,0,1,2,1,0,1,0,0000000,99,99,99,99,99,99,0,0,0,1,0,1356
240001_2011,24,240001,1,1,0,0,0,1,1,33,0,1,1,2011,7,8,6,1,11,1,I-95,NULL,285,39.05778333,-76.92652778,0,30,0,0,1,1,0,3,1,2,0,2,0,0000000,99,99,99,99,88,88,0,0,0,1,1,1357
240002_2010,24,240002,1,1,NULL,1,NULL,NULL,3,3,0,1,1,2010,6,1,59,0,14,4,CO-2930,NULL,0,38.94728611,-76.48718056,0,8,0,0,1,1,0,1,2,5,0,5,0,0000000,99,99,99,99,88,88,0,0,0,1,0,1358
240002_2011,24,240002,2,2,0,0,0,2,2,23,0,1,1,2011,7,18,35,0,4,3,SR-135,NULL,31,39.4109,-79.34815278,0,12,2,0,1,1,0,1,2,2,0,2,0,0000000,99,99,99,99,99,99,0,0,0,1,1,1359
240003_2010,24,240003,3,3,NULL,0,NULL,NULL,3,35,0,5,1,2010,3,17,42,1,2,2,US-301,SR-304,205,39.02758611,-76.02641944,0,12,6,0,2,2,0,1,3,1,0,1,0,0000000,17,42,17,51,18,43,0,0,0,1,0,1360
240003_2011,24,240003,2,1,1,0,0,1,1,5,0,4,1,2011,3,4,36,1,11,1,I-95,NULL,223,39.40728333,-76.57685278,0,14,0,0,1,1,0,2,2,1,0,1,0,0000000,99,99,99,99,88,88,0,0,0,1,0,1361
240004_2010,24,240004,2,1,NULL,1,NULL,NULL,1,5,0,11,1,2010,2,10,0,1,11,1,I-695,NULL,57,39.28708056,-76.739675,0,8,0,1,19,1,0,2,1,1,0,1,0,0000000,99,99,99,99,88,88,0,0,0,1,0,1362
240004_2011,24,240004,3,3,0,0,0,3,3,13,0,4,1,2011,3,18,6,1,2,3,SR-30,NULL,105,39.70685556,-76.91528333,0,54,11,0,1,1,0,1,2,1,0,1,0,0000000,99,99,99,99,99,99,14,0,0,1,0,1363
240005_2010,24,240005,1,1,NULL,1,NULL,NULL,1,5,0,13,1,2010,4,18,24,0,13,2,US-40,NULL,191,39.35401111,-76.45308611,0,8,0,0,1,1,4,1,3,1,0,1,0,0000000,99,99,99,99,88,88,0,0,0,1,0,1364
240005_2011,24,240005,1,1,0,0,0,2,2,3,0,3,1,2011,2,21,5,1,12,2,US-50,I-97,86,38.98443333,-76.57908333,0,25,0,1,3,1,0,6,3,1,0,1,0,0000000,99,99,99,99,99,99,0,0,0,1,1,1365
240006_2010,24,240006,1,1,NULL,0,NULL,NULL,1,31,0,19,1,2010,3,22,49,0,4,3,SR-107,NULL,35,39.12566667,-77.35628056,0,42,0,0,1,1,0,6,2,1,0,1,0,0000000,99,99,99,99,88,88,0,0,0,1,1,1366