st_case_year,STATE,ST_CASE,VE_TOTAL,VE_FORMS,PVH_INVL,PEDS,PERNOTMVIT,PERMVIT,PERSONS,COUNTY,CITY,DAY,MONTH,YEAR,DAY_WEEK,HOUR,MINUTE,NHS,ROAD_FNC,ROUTE,TWAY_ID,TWAY_ID2,MILEPT,LATITUDE,LONGITUD,SP_JUR,HARM_EV,MAN_COLL,RELJCT1,RELJCT2,TYP_INT,WRK_ZONE,REL_ROAD,LGT_COND,WEATHER1,WEATHER2,WEATHER,SCH_BUS,RAIL,NOT_HOUR,NOT_MIN,ARR_HOUR,ARR_MIN,HOSP_HR,HOSP_MN,CF1,CF2,CF3,FATALS,DRUNK_DR,idno
240006_2011,24,240006,2,2,0,0,0,3,3,33,0,7,1,2011,6,21,29,1,12,2,US-50,NULL,80,38.95526944,-76.70465556,0,12,1,0,1,1,0,1,2,1,0,1,0,0000000,99,99,99,99,99,99,0,0,0,1,0,1367
240007_2010,24,240007,1,1,NULL,0,NULL,NULL,1,31,0,20,1,2010,4,0,50,0,14,3,SR-191,"PEMBROKE RD",53,38.97819444,-77.10921667,0,43,0,0,2,4,0,6,3,1,0,1,0,0000000,99,99,99,99,99,99,0,0,0,1,1,1368
240007_2011,24,240007,1,1,0,0,0,1,1,13,0,7,1,2011,6,22,23,1,1,1,I-70,NULL,3,39.36058056,-77.17569444,0,1,0,0,1,1,0,1,2,1,0,1,0,0000000,99,99,99,99,88,88,0,0,0,1,0,1369
240008_2010,24,240008,2,2,NULL,0,NULL,NULL,2,17,0,21,1,2010,5,19,7,1,2,2,US-301,CO-117,174,38.56615278,-76.98351944,0,12,6,0,2,3,0,1,2,4,0,4,0,0000000,99,99,99,99,99,99,0,0,0,1,0,1370
240008_2011,24,240008,1,1,0,1,1,1,1,3,0,8,1,2011,7,22,21,1,13,3,SR-2,NULL,0,39.08195556,-76.54971944,0,8,0,0,1,1,0,1,3,1,0,1,0,0000000,99,99,99,99,99,99,0,0,0,1,0,1371
240009_2010,24,240009,1,1,NULL,1,NULL,NULL,1,31,0,23,1,2010,7,18,5,0,13,3,SR-97,NULL,42,39.05290278,-77.05096944,0,8,0,0,1,1,0,1,3,1,0,1,0,0000000,99,99,99,99,99,99,0,0,0,1,1,1372
240009_2011,24,240009,2,2,0,0,0,8,8,17,0,5,1,2011,4,0,30,1,2,2,US-301,NULL,155,38.54036944,-76.98415278,0,12,1,0,1,1,0,1,2,1,0,1,0,0000000,99,99,99,99,88,88,0,0,0,1,1,1373
240010_2010,24,240010,1,1,NULL,1,NULL,NULL,1,31,0,26,1,2010,3,9,51,0,16,6,"FIRSTFIELD RD",NULL,9,39.14492222,-77.21926389,0,8,0,0,1,1,0,1,1,1,0,1,0,0000000,99,99,99,99,99,99,0,0,0,1,0,1374
240010_2011,24,240010,2,2,0,0,0,2,2,37,0,11,1,2011,3,17,46,0,5,4,CO-4,NULL,12,38.49068056,-76.75679722,0,12,6,0,1,1,0,1,2,2,0,2,0,0000000,99,99,99,99,99,99,0,0,0,1,0,1375
240011_2010,24,240011,1,1,NULL,0,NULL,NULL,2,37,0,29,1,2010,6,13,31,9,99,9,"FERGUSON RD",NULL,0,38.36336389,-76.56304444,0,42,0,0,1,1,0,6,1,1,0,1,0,0000000,13,36,13,47,14,2,0,0,0,1,0,1376
240011_2011,24,240011,1,1,0,0,0,1,1,25,0,13,1,2011,5,12,0,0,3,3,SR-165,NULL,182,39.703225,-76.36425,0,42,0,0,1,1,0,6,1,1,0,1,0,0000000,99,99,99,99,88,88,0,0,0,1,0,1377
240012_2010,24,240012,1,1,NULL,1,NULL,NULL,1,43,0,30,1,2010,7,12,22,0,13,2,US-40,NULL,379,39.62566111,-77.69821944,0,8,0,0,1,1,0,1,1,2,0,2,0,0000000,99,99,99,99,88,88,0,0,0,1,0,1378
240012_2011,24,240012,2,2,0,0,0,2,2,15,0,15,1,2011,7,6,43,0,3,2,US-40,"OLD ELK NECK RD",130,39.607475,-75.86093889,0,12,6,0,2,3,0,1,4,1,0,1,0,0000000,99,99,99,99,88,88,0,0,0,1,1,1379
240013_2010,24,240013,1,1,NULL,1,NULL,NULL,1,25,0,1,2,2010,2,23,47,0,14,3,SR-7,NULL,106,39.49073611,-76.20914444,0,8,0,0,1,1,0,1,2,1,0,1,0,0000000,99,99,99,99,88,88,0,0,0,1,0,1380
240013_2011,24,240013,1,1,0,0,0,3,3,5,0,13,1,2011,5,3,59,0,4,3,SR-130,NULL,44,39.42522222,-76.68873333,0,31,0,0,1,1,0,6,2,1,0,1,0,0000000,99,99,99,99,99,99,0,0,0,1,1,1381
240014_2010,24,240014,1,1,NULL,1,NULL,NULL,1,5,0,1,2,2010,2,23,54,0,13,2,US-40,NULL,38,39.29173889,-76.71155278,0,8,0,0,1,1,0,1,2,1,0,1,0,0000000,99,99,99,99,99,99,0,0,0,1,0,1382
240015_2010,24,240015,1,1,NULL,0,NULL,NULL,5,43,0,12,2,2010,6,3,58,1,11,1,I-81,NULL,49,39.63245556,-77.77186389,0,24,0,0,1,1,0,3,2,1,0,1,0,0000000,99,99,99,99,99,99,0,0,0,1,1,1383
240015_2011,24,240015,1,1,0,1,1,1,1,37,0,19,1,2011,4,19,1,0,6,3,SR-944,NULL,17,38.33558889,-76.55947222,0,8,0,0,1,1,0,1,2,1,0,1,0,0000000,99,99,99,99,88,88,0,0,0,1,0,1384
240016_2010,24,240016,2,2,NULL,0,NULL,NULL,5,15,0,17,2,2010,4,1,45,0,13,2,US-40,CO-214,164,39.60228333,-75.80047222,0,12,6,0,2,2,0,1,6,1,0,1,0,0000000,99,99,99,99,99,99,0,0,0,2,1,1385
240016_2011,24,240016,1,1,0,1,1,1,1,33,879,18,1,2011,3,18,56,0,13,3,SR-202,CO-3290,114,38.92708333,-76.88298889,0,8,0,0,3,3,0,1,2,1,0,1,0,0000000,99,99,99,99,99,99,0,0,0,1,0,1386
240017_2010,24,240017,1,1,NULL,0,NULL,NULL,1,13,0,24,2,2010,4,99,99,0,5,4,CO-12,NULL,0,39.62056667,-77.24770556,0,42,0,0,1,1,0,6,2,1,0,1,0,0000000,21,40,22,3,22,36,0,0,0,1,1,1387
240017_2011,24,240017,2,2,0,0,0,2,2,25,10,19,1,2011,4,15,30,1,12,3,SR-22,"POST RD",7,39.51059722,-76.15581111,0,12,98,0,2,2,0,1,1,1,0,1,0,0000000,99,99,99,99,88,88,0,0,0,1,0,1388
240018_2010,24,240018,2,2,NULL,2,NULL,NULL,1,25,0,24,2,2010,4,23,20,1,11,1,I-95,NULL,24,39.44799167,-76.32777222,0,12,1,0,1,1,0,1,2,1,0,1,0,0000000,99,99,99,99,99,99,19,0,0,1,0,1389
240018_2011,24,240018,1,1,0,0,0,3,3,43,0,21,1,2011,6,19,24,0,5,2,US-40,NULL,294,39.653525,-77.82231111,0,42,0,0,1,1,0,6,2,1,0,1,0,0000000,99,99,99,99,99,99,0,0,0,1,1,1390
240019_2010,24,240019,1,1,NULL,1,NULL,NULL,1,37,0,14,2,2010,1,18,44,0,6,4,CO-828,NULL,4,38.50988333,-76.76775,0,8,0,0,1,1,0,1,2,1,0,1,0,0000000,99,99,99,99,99,99,0,0,0,1,0,1391
240019_2011,24,240019,2,2,0,0,0,2,2,43,0,21,1,2011,6,23,41,0,4,2,US-40,NULL,442,39.55985556,-77.62588611,0,12,2,0,1,1,0,1,2,1,0,1,0,0000000,99,99,99,99,99,99,0,0,0,1,1,1392
240020_2010,24,240020,1,1,NULL,1,NULL,NULL,1,33,0,17,2,2010,4,2,48,0,13,2,US-1,NULL,119,39.07969167,-76.86531111,0,8,0,0,1,1,0,1,3,1,0,1,0,0000000,99,99,99,99,99,99,0,0,0,1,0,1393
240020_2011,24,240020,2,2,0,0,0,2,2,5,0,12,1,2011,4,8,40,0,5,4,CO-3887,NULL,7,39.43586111,-76.52385278,0,12,6,0,1,1,0,1,1,1,0,1,0,0000000,99,99,99,99,99,99,0,0,0,1,0,1394
240021_2010,24,240021,2,2,NULL,0,NULL,NULL,3,31,0,11,2,2010,5,20,1,0,13,3,SR-28,"HURLEY AVE",207,39.08916944,-77.17818333,0,12,6,0,2,2,0,1,3,1,0,1,0,0000000,99,99,99,99,99,99,0,0,0,1,1,1395
240021_2011,24,240021,1,1,0,1,1,1,1,510,50,4,1,2011,3,15,4,0,13,6,"MLK BLVD",NULL,0,39.30118056,-76.62107778,0,8,0,0,1,1,0,1,1,1,0,1,0,0000000,99,99,99,99,99,99,0,0,0,1,0,1396
240022_2010,24,240022,1,1,NULL,0,NULL,NULL,2,31,0,20,2,2010,7,23,20,0,16,4,CO-1302,NULL,5,39.01187222,-76.98041667,0,42,0,0,1,1,0,6,3,1,0,1,0,0000000,99,99,99,99,99,99,0,0,0,1,1,1397
240022_2011,24,240022,2,2,0,0,0,2,2,510,50,8,1,2011,7,1,54,0,13,6,"EDIDSON HWY","FEDERAL ST",0,39.30936389,-76.57294722,0,12,6,0,2,2,0,1,3,1,0,1,0,0000000,99,99,99,99,99,99,0,0,0,1,2,1398
240023_2010,24,240023,1,1,NULL,0,NULL,NULL,2,3,0,27,2,2010,7,6,19,1,12,3,SR-100,NULL,39,39.14783611,-76.69753056,0,24,0,0,1,1,0,3,2,4,0,4,0,0000000,99,99,99,99,99,99,0,0,0,1,0,1399
240023_2011,24,240023,1,1,0,0,0,1,1,5,0,24,1,2011,2,5,22,0,12,3,SR-702,NULL,4,39.323725,-76.47806111,0,21,0,0,1,1,0,3,2,1,0,1,0,0000000,99,99,99,99,88,88,0,0,0,1,0,1400
240024_2010,24,240024,2,2,NULL,0,NULL,NULL,3,13,0,6,3,2010,7,8,5,1,2,3,SR-140,"BETHEL RD",50,39.53883333,-76.931075,0,12,6,0,2,2,0,1,1,1,0,1,0,0000000,99,99,99,99,99,99,0,0,0,1,0,1401
240024_2011,24,240024,2,2,0,1,1,2,2,33,0,22,1,2011,7,0,9,1,11,1,I-495,NULL,165,38.91172222,-76.84985833,0,12,1,0,1,1,0,1,2,1,0,1,0,0000000,99,99,99,99,99,99,23,0,0,1,0,1402
240025_2010,24,240025,1,1,NULL,1,NULL,NULL,1,510,50,3,1,2010,1,1,14,0,13,6,"WABASH AVE",NULL,0,39.34297778,-76.6897,0,8,0,0,1,1,0,1,3,1,0,1,0,0000000,99,99,99,99,99,99,0,0,0,1,1,1403
240025_2011,24,240025,2,2,0,0,0,1,1,27,0,18,1,2011,3,22,20,1,12,3,SR-32,NULL,30,39.16281111,-76.83357222,0,12,2,0,1,1,0,1,2,1,0,1,0,0000000,99,99,99,99,88,88,23,0,0,1,1,1404
240026_2010,24,240026,1,1,NULL,0,NULL,NULL,1,43,0,1,1,2010,6,17,9,1,11,1,I-81,NULL,82,39.67079444,-77.73548056,0,1,0,0,1,1,0,3,2,1,0,1,0,0000000,99,99,99,99,88,88,0,0,0,1,1,1405
240026_2011,24,240026,2,2,0,0,0,3,3,33,365,21,1,2011,6,22,16,0,14,4,CO-558,NULL,6,38.78393889,-76.88644444,0,12,2,0,1,1,0,1,3,1,0,1,0,0000000,99,99,99,99,99,99,0,0,0,1,1,1406
240027_2010,24,240027,1,1,NULL,1,NULL,NULL,1,31,0,17,1,2010,1,7,5,0,13,3,SR-97,NULL,20,39.0221,-77.04501667,0,8,0,0,1,1,0,1,1,2,0,2,0,0000000,99,99,99,99,99,99,0,0,0,1,0,1407
240027_2011,24,240027,2,2,0,0,0,2,2,5,0,27,1,2011,5,10,55,1,11,1,I-695,NULL,254,39.39037222,-76.53539722,0,12,9,0,1,1,0,1,1,4,0,4,0,0000000,99,99,99,99,99,99,0,0,0,1,0,1408
240028_2010,24,240028,1,1,NULL,0,NULL,NULL,2,17,890,23,1,2010,7,20,12,0,3,3,SR-225,"RIPELY PARK DR",8,38.54719167,-77.06215,0,31,0,0,3,1,0,6,1,1,0,1,0,0000000,99,99,99,99,99,99,0,0,0,1,0,1409
240028_2011,24,240028,1,1,0,1,1,1,1,3,673,27,1,2011,5,22,17,0,16,4,CO-1383,NULL,0,39.13554444,-76.61503611,0,8,0,0,1,1,0,1,3,1,0,1,0,0000000,99,99,99,99,88,88,0,0,0,1,0,1410
240029_2010,24,240029,1,1,NULL,0,NULL,NULL,1,5,0,6,3,2010,7,12,29,0,4,4,CO-298,NULL,16,39.53926389,-76.55058889,0,42,0,0,1,1,0,6,1,1,0,1,0,0000000,12,31,12,36,99,99,0,0,0,1,0,1411
240029_2011,24,240029,1,1,0,1,1,4,4,3,1192,27,1,2011,5,2,36,0,16,3,SR-177,NULL,42,39.12351944,-76.52156111,0,8,0,0,1,1,0,1,3,1,0,1,0,0000000,99,99,99,99,88,88,0,0,0,1,1,1412
240030_2010,24,240030,2,2,NULL,0,NULL,NULL,4,17,0,7,3,2010,1,14,42,1,2,3,SR-5,"BILLINGSLEY RD",74,38.57501111,-76.86206944,0,12,6,1,2,3,0,1,1,1,0,1,0,0000000,99,99,99,99,99,99,0,0,0,1,0,1413
240030_2011,24,240030,2,2,0,0,0,2,2,31,0,25,1,2011,3,10,20,0,6,3,SR-108,CO-59,95,39.19414444,-77.12474167,0,12,11,0,2,3,0,1,1,1,0,1,0,0000000,99,99,99,99,99,99,0,0,0,1,0,1414
240031_2010,24,240031,1,1,NULL,0,NULL,NULL,1,5,0,12,3,2010,6,11,57,0,15,4,CO-3140,NULL,0,39.230125,-76.68650278,0,33,0,0,1,1,0,4,1,2,0,2,0,0000000,99,99,99,99,88,88,0,0,0,1,0,1415
240031_2011,24,240031,1,1,0,1,1,1,1,33,22,15,1,2011,7,21,39,0,15,4,CO-230,NULL,0,39.00397778,-76.97622222,0,8,0,0,1,1,0,1,3,1,0,1,0,0000000,99,99,99,99,88,88,0,0,0,1,0,1416
240032_2010,24,240032,2,2,NULL,0,NULL,NULL,3,31,0,14,3,2010,1,4,18,0,3,3,SR-28,NULL,98,39.12932778,-77.34535833,0,12,2,0,1,1,0,1,2,2,0,2,0,0000000,99,99,99,99,99,99,0,0,0,1,1,1417
240032_2011,24,240032,2,2,0,0,0,4,4,15,0,4,2,2011,6,17,19,0,3,3,SR-222,NULL,34,39.59877778,-76.08259722,0,12,2,0,1,1,0,1,5,1,0,1,0,0000000,99,99,99,99,99,99,0,0,0,1,0,1418
240033_2010,24,240033,2,2,NULL,0,NULL,NULL,3,510,50,21,1,2010,5,13,32,0,14,6,"DUNDALK AVE","KANE STREET",0,39.28341111,-76.53694167,0,12,6,0,2,4,0,1,1,1,0,1,0,0000000,99,99,99,99,99,99,0,0,0,1,1,1419
240033_2011,24,240033,1,1,0,0,0,1,1,5,1698,4,2,2011,6,10,40,1,11,1,I-70,NULL,28,39.30800278,-76.75683889,0,1,0,0,1,1,0,2,1,1,0,1,0,0000000,99,99,99,99,99,99,0,0,0,1,0,1420
240034_2010,24,240034,2,1,NULL,0,NULL,NULL,5,25,0,5,2,2010,6,15,9,0,14,3,SR-462,NULL,23,39.54879444,-76.167525,0,14,0,0,1,1,0,2,1,1,0,1,0,0000000,15,19,15,25,16,22,0,0,0,1,0,1421
240034_2011,24,240034,1,1,0,0,0,4,4,13,0,5,2,2011,7,21,59,0,6,4,CO-446,NULL,3,39.56940833,-76.90009167,0,42,0,0,1,1,0,6,2,1,0,1,0,0000000,99,99,99,99,99,99,0,0,0,1,1,1422
240035_2010,24,240035,3,3,NULL,0,NULL,NULL,3,3,0,6,4,2010,3,0,33,0,13,3,SR-170,NULL,75,39.18443611,-76.69066389,0,12,2,0,1,1,0,1,3,1,0,1,0,0000000,99,99,99,99,99,99,0,0,0,1,0,1423
240035_2011,24,240035,2,2,0,0,0,2,2,5,0,7,2,2011,2,18,14,0,15,4,CO-4779,NULL,7,39.28856667,-76.44339722,0,12,6,0,1,1,0,1,3,1,0,1,0,0000000,99,99,99,99,99,99,0,0,0,2,0,1424
240036_2010,24,240036,1,1,NULL,1,NULL,NULL,1,33,710,6,3,2010,7,5,37,0,13,3,SR-193,NULL,68,38.99470556,-76.88052222,0,8,0,0,1,1,0,1,3,1,0,1,0,0000000,99,99,99,99,88,88,0,0,0,1,0,1425
240036_2011,24,240036,2,2,0,0,0,2,2,27,0,12,1,2011,4,9,49,1,2,3,SR-32,SR-144A,190,39.302425,-76.95287778,0,12,6,0,2,2,0,1,1,1,0,1,0,0000000,99,99,99,99,99,99,0,0,0,1,1,1426
240037_2010,24,240037,1,1,NULL,0,NULL,NULL,1,3,0,14,3,2010,1,7,20,1,12,3,SR-100,NULL,19,39.12183611,-76.56281944,0,42,0,0,1,1,0,6,4,2,0,2,0,0000000,99,99,99,99,88,88,0,0,0,1,0,1427
240037_2011,24,240037,1,1,0,0,0,2,2,15,0,20,2,2011,1,16,28,0,14,3,SR-545,NULL,0,39.63365556,-75.86128333,0,42,0,0,1,1,0,6,1,1,0,1,0,0000000,99,99,99,99,99,99,0,0,0,1,0,1428
240038_2010,24,240038,2,2,NULL,0,NULL,NULL,3,5,0,7,1,2010,5,20,12,0,13,2,US-1,"METROPOLITAN BLVD",3,39.22009444,-76.702875,0,12,2,1,2,3,0,1,1,1,0,1,0,0000000,15,0,15,5,15,43,0,0,0,1,0,1429
240038_2011,24,240038,2,2,0,1,1,2,2,25,0,18,2,2011,6,4,15,1,11,1,I-95,NULL,44,39.44921667,-76.32481111,0,8,0,0,1,1,0,1,3,1,0,1,0,0000000,99,99,99,99,88,88,23,0,0,1,0,1430
240039_2010,24,240039,2,2,NULL,0,NULL,NULL,3,510,50,27,2,2010,7,2,40,0,15,6,"LINWOOD AVE","MCELDERRY ST",0,39.29800833,-76.57668056,0,12,6,0,2,2,0,1,3,4,0,4,0,0000000,99,99,99,99,99,99,0,0,0,1,1,1431
240039_2011,24,240039,2,1,1,0,18,1,19,43,0,28,2,2011,2,10,11,1,11,1,I-70,NULL,110,39.63676111,-78.025675,0,14,0,0,1,1,0,2,1,2,0,2,0,0000000,99,99,99,99,99,99,23,0,0,1,0,1432
240040_2010,24,240040,2,2,NULL,0,NULL,NULL,7,21,0,14,3,2010,1,13,27,1,2,2,US-15,C0-287,52,39.33851389,-77.508675,0,12,1,0,3,2,0,1,1,2,0,2,0,0000000,99,99,99,99,99,99,0,0,0,1,0,1433
240040_2011,24,240040,1,1,0,1,1,1,1,5,0,13,2,2011,1,2,4,0,14,4,CO-4356,NULL,1,39.34190556,-76.52730833,0,8,0,0,1,1,0,1,3,1,0,1,0,0000000,99,99,99,99,99,99,0,0,0,1,0,1434
240041_2011,24,240041,1,1,0,1,1,2,2,5,0,12,2,2011,7,17,32,0,14,3,SR-129,"SLADE AVE",4,39.37226111,-76.71177778,0,8,0,0,2,2,0,1,1,1,0,1,0,0000000,99,99,99,99,99,99,0,0,0,1,0,1435
240042_2010,24,240042,1,1,NULL,0,NULL,NULL,2,33,1558,4,2,2010,5,18,3,0,14,4,CO-123,NULL,17,38.78210556,-76.92406944,0,42,0,0,1,1,0,6,1,1,0,1,0,0000000,99,99,99,99,99,99,0,0,0,1,0,1436
240042_2011,24,240042,1,1,0,1,1,1,1,5,0,22,2,2011,3,22,34,0,14,4,CO-2000,NULL,18,39.29246111,-76.75259167,0,8,0,0,1,1,0,1,3,1,0,1,0,0000000,99,99,99,99,99,99,0,0,0,1,0,1437
240043_2010,24,240043,1,1,NULL,0,NULL,NULL,1,33,0,19,3,2010,6,3,39,1,2,2,US-301,NULL,226,38.93521111,-76.71759444,0,34,0,0,1,1,0,3,2,1,0,1,0,0000000,99,99,99,99,88,88,0,0,0,1,1,1438
240043_2011,24,240043,2,2,0,0,0,3,3,15,0,11,3,2011,6,18,18,0,4,3,SR-274,NULL,53,39.656325,-75.98221667,0,12,2,0,1,1,0,1,1,1,0,1,0,0000000,99,99,99,99,99,99,0,0,0,2,1,1439
240044_2010,24,240044,1,1,NULL,1,NULL,NULL,1,33,805,18,2,2010,5,5,52,1,12,3,SR-5,NULL,150,38.85311111,-76.95661111,0,8,0,0,1,1,0,1,2,1,0,1,0,0000000,99,99,99,99,88,88,0,0,0,1,0,1440
240044_2011,24,240044,1,1,0,0,0,1,1,21,0,14,3,2011,2,11,11,1,11,1,I-70,NULL,239,39.38148333,-77.26778889,0,1,0,0,1,1,0,1,1,1,0,1,0,0000000,99,99,99,99,99,99,0,0,0,1,0,1441
240045_2010,24,240045,1,1,NULL,1,NULL,NULL,1,510,50,17,2,2010,4,6,53,0,13,2,US-1,NULL,0,39.32981667,-76.56352778,0,39,0,0,1,1,0,4,1,1,0,1,0,0000000,99,99,99,99,99,99,0,0,0,1,0,1442
240045_2011,24,240045,1,1,0,0,0,1,1,45,0,19,3,2011,7,0,58,1,13,2,US-50,"MILL ST",31,38.36605556,-75.60336111,0,30,0,0,2,2,0,4,3,1,0,1,0,0000000,99,99,99,99,99,99,0,0,0,1,1,1443
240046_2010,24,240046,3,3,NULL,0,NULL,NULL,6,31,0,6,3,2010,7,16,42,0,13,4,CO-5221,CO-7011,3,39.14750278,-77.16934167,0,12,6,0,2,2,0,1,1,1,0,1,0,0000000,99,99,99,99,99,99,0,0,0,1,0,1444
240046_2011,24,240046,1,1,0,0,0,1,1,11,0,19,3,2011,7,22,5,0,5,4,CO-46,NULL,0,38.99570556,-75.78094444,0,35,0,0,1,1,0,6,2,1,0,1,0,0000000,99,99,99,99,88,88,0,0,0,1,1,1445
240047_2010,24,240047,1,1,NULL,1,NULL,NULL,1,17,0,19,3,2010,6,22,44,1,2,2,US-301,NULL,257,38.65277222,-76.87987778,0,8,0,0,1,1,0,1,3,1,0,1,0,0000000,99,99,99,99,99,99,0,0,0,1,0,1446
240047_2011,24,240047,2,2,0,0,0,3,3,17,0,6,2,2011,1,22,46,1,13,3,SR-228,CO-1130,20,38.65257222,-76.972575,0,12,6,0,2,3,0,1,3,1,0,1,0,0000000,99,99,99,99,99,99,0,0,0,1,0,1447
240048_2010,24,240048,3,3,NULL,0,NULL,NULL,5,17,0,27,3,2010,7,17,44,1,2,2,US-301,NULL,233,38.62806944,-76.90918889,0,12,7,0,1,1,0,1,1,1,0,1,0,0000000,17,49,18,2,18,38,0,0,0,1,0,1448
240048_2011,24,240048,1,1,0,1,1,1,1,13,0,16,2,2011,4,18,30,0,16,4,CO-725,NULL,12,39.46939722,-77.09462778,0,8,0,0,1,1,0,2,2,1,0,1,0,0000000,99,99,99,99,99,99,0,0,0,1,1,1449
240049_2010,24,240049,1,1,NULL,0,NULL,NULL,1,35,0,29,3,2010,2,19,10,0,4,3,SR-309,NULL,71,38.99177222,-76.03491667,0,34,0,0,1,1,0,6,2,1,0,1,0,0000000,19,9,19,21,19,47,0,0,0,1,0,1450
240049_2011,24,240049,2,2,0,0,0,2,2,3,0,22,2,2011,3,6,5,1,11,1,I-97,NULL,138,39.16128056,-76.64457222,0,12,1,0,1,1,0,1,3,4,0,4,0,0000000,99,99,99,99,99,99,0,0,0,1,0,1451
240050_2010,24,240050,2,2,NULL,0,NULL,NULL,2,13,0,31,3,2010,4,16,40,0,3,3,SR-31,"MEDFORD RD",61,39.54965556,-77.05595833,0,12,6,0,2,2,0,1,1,1,0,1,0,0000000,16,44,16,52,17,13,0,0,0,1,0,1452
240050_2011,24,240050,2,2,0,0,0,2,2,31,0,7,3,2011,2,4,59,0,3,3,SR-27,NULL,5,39.21276944,-77.23938056,0,12,6,0,1,1,0,1,2,1,0,1,0,0000000,99,99,99,99,99,99,0,0,0,1,1,1453
240051_2010,24,240051,1,1,NULL,0,NULL,NULL,1,5,0,22,3,2010,2,7,1,0,14,4,CO-6781,NULL,4,39.44325278,-76.82001111,0,1,0,0,1,1,0,1,1,2,0,2,0,0000000,7,1,7,4,7,40,0,0,0,1,0,1454
240051_2011,24,240051,1,1,0,0,0,1,1,17,0,9,2,2011,4,22,42,0,5,4,CO-1148,NULL,18,38.511975,-76.85786111,0,35,0,0,1,1,0,6,2,4,0,4,0,0000000,99,99,99,99,88,88,0,0,0,1,0,1455
240052_2010,24,240052,1,1,NULL,1,NULL,NULL,1,25,0,2,4,2010,6,21,50,0,13,2,US-40,"CAROL AVE",122,39.49913889,-76.172075,0,8,0,0,2,9,0,1,3,1,0,1,0,0000000,99,99,99,99,99,99,0,0,0,1,0,1456
240052_2011,24,240052,1,1,0,0,0,2,2,19,0,26,2,2011,7,4,12,0,5,3,SR-313,NULL,19,38.56674444,-75.74156389,0,34,0,0,1,1,0,4,1,1,0,1,0,0000000,99,99,99,99,99,99,0,0,0,1,1,1457
240053_2010,24,240053,1,1,NULL,0,NULL,NULL,1,45,0,3,4,2010,7,0,17,1,2,2,US-13,NULL,8,38.40156944,-75.57020833,0,1,0,0,1,1,0,3,2,1,0,1,0,0000000,0,12,0,16,0,40,0,0,0,1,1,1458
240053_2011,24,240053,1,1,0,0,0,1,1,19,0,25,3,2011,6,22,42,0,5,3,SR-343,NULL,4,38.60131944,-76.24448333,0,42,0,0,1,1,0,6,2,1,0,1,0,0000000,99,99,99,99,99,99,0,0,0,1,0,1459
240054_2010,24,240054,2,2,NULL,0,NULL,NULL,2,21,0,5,4,2010,2,10,37,0,14,3,SR-75,"OLD NEW MARKET RD",88,39.39143333,-77.26178056,0,12,6,0,2,3,0,1,1,1,0,1,0,0000000,99,99,99,99,88,88,0,0,0,1,0,1460
240054_2011,24,240054,3,3,0,0,0,9,9,33,0,26,2,2011,7,1,26,1,2,3,SR-5,CO-130,65,38.75040278,-76.87975,0,12,1,0,2,2,0,1,3,1,0,1,0,0000000,99,99,99,99,99,99,0,0,0,1,1,1461
240055_2010,24,240055,1,1,NULL,0,NULL,NULL,1,510,50,4,4,2010,1,17,25,1,11,1,I-83,NULL,0,39.30558056,-76.61213056,0,39,0,0,1,1,0,4,1,1,0,1,0,0000000,99,99,99,99,88,88,0,0,0,1,1,1462
240055_2011,24,240055,1,1,0,0,0,1,1,45,0,22,3,2011,3,0,2,0,5,4,CO-23,NULL,31,38.47724444,-75.70223889,0,1,0,0,1,1,0,6,2,1,0,1,0,0000000,99,99,99,99,99,99,0,0,0,1,1,1463
240056_2010,24,240056,2,2,NULL,0,NULL,NULL,2,33,0,8,4,2010,5,9,56,0,13,3,SR-214,SR-193,67,38.90008333,-76.792375,0,12,6,0,2,2,0,1,1,1,0,1,0,0000000,99,99,99,99,99,99,0,0,0,1,0,1464
240056_2011,24,240056,1,1,0,1,1,3,3,33,830,9,1,2011,1,8,50,0,14,3,SR-500,NULL,16,38.95594722,-76.961975,0,8,0,0,1,1,0,1,1,1,0,1,0,0000000,99,99,99,99,99,99,0,0,0,1,0,1465
240057_2010,24,240057,1,1,NULL,0,NULL,NULL,1,15,0,11,4,2010,1,8,23,0,3,3,SR-272,NULL,85,39.57690833,-75.94396944,0,1,0,0,1,1,0,5,1,1,0,1,0,0000000,99,99,99,99,88,88,0,0,0,1,0,1466
240057_2011,24,240057,1,1,0,0,0,4,4,33,0,30,1,2011,1,9,19,1,11,1,I-95,NULL,131,38.8766,-76.84395833,0,30,0,0,1,1,0,4,1,1,0,1,0,0000000,99,99,99,99,99,99,0,0,0,1,0,1467
240058_2010,24,240058,3,1,NULL,2,NULL,NULL,1,33,100,1,2,2010,2,20,10,0,14,3,SR-212,NULL,53,39.02344444,-76.96693056,0,14,0,0,1,1,0,2,3,1,0,1,0,0000000,99,99,99,99,88,88,0,0,0,2,1,1468
240058_2011,24,240058,2,2,0,0,0,3,3,33,885,12,2,2011,7,1,39,0,14,3,SR-704,CO-4224,58,38.9524,-76.83490278,0,12,6,0,2,2,0,1,3,1,0,1,0,0000000,99,99,99,99,99,99,0,0,0,1,0,1469
240059_2010,24,240059,1,1,NULL,0,NULL,NULL,1,33,0,15,2,2010,2,0,0,1,13,2,US-301,NULL,14,38.81403056,-76.74276389,0,48,0,0,1,1,0,3,3,1,0,1,0,0000000,99,99,99,99,99,99,0,0,0,1,0,1470