st_case_year,STATE,ST_CASE,VE_TOTAL,VE_FORMS,PVH_INVL,PEDS,PERNOTMVIT,PERMVIT,PERSONS,COUNTY,CITY,DAY,MONTH,YEAR,DAY_WEEK,HOUR,MINUTE,NHS,ROAD_FNC,ROUTE,TWAY_ID,TWAY_ID2,MILEPT,LATITUDE,LONGITUD,SP_JUR,HARM_EV,MAN_COLL,RELJCT1,RELJCT2,TYP_INT,WRK_ZONE,REL_ROAD,LGT_COND,WEATHER1,WEATHER2,WEATHER,SCH_BUS,RAIL,NOT_HOUR,NOT_MIN,ARR_HOUR,ARR_MIN,HOSP_HR,HOSP_MN,CF1,CF2,CF3,FATALS,DRUNK_DR,idno
240059_2011,24,240059,2,2,0,0,0,3,3,25,0,14,2,2011,2,13,30,0,6,4,CO-87,NULL,27,39.64039722,-76.38064444,0,12,2,0,1,1,0,1,1,1,0,1,0,0000000,99,99,99,99,99,99,0,0,0,1,0,1471
240060_2010,24,240060,3,3,NULL,0,NULL,NULL,4,33,1175,4,2,2010,5,14,59,0,13,3,SR-414,"JOHN HANSON LANE",13,38.80529444,-76.97515,0,12,6,0,2,2,0,1,1,1,0,1,0,0000000,99,99,99,99,99,99,0,0,0,1,0,1472
240060_2011,24,240060,1,1,0,0,0,2,2,33,175,4,2,2011,6,21,52,0,4,3,SR-381,NULL,111,38.68189167,-76.81348889,0,42,0,0,1,1,0,6,2,1,0,1,0,0000000,99,99,99,99,99,99,0,0,0,1,1,1473
240061_2010,24,240061,1,1,NULL,0,NULL,NULL,1,33,370,27,2,2010,7,6,55,0,13,2,US-1,NULL,52,39.000975,-76.93124722,0,33,0,0,1,1,0,5,4,1,0,1,0,0000000,99,99,99,99,99,99,0,0,0,1,0,1474
240061_2011,24,240061,3,2,1,0,0,2,2,33,0,15,2,2011,3,23,5,1,11,1,I-95,NULL,122,38.85717222,-76.85233611,0,14,0,0,1,1,0,2,2,1,0,1,0,0000000,99,99,99,99,99,99,0,0,0,1,1,1475
240062_2010,24,240062,2,2,NULL,0,NULL,NULL,3,510,50,20,1,2010,4,23,36,0,13,6,"E. MONUMENT STREET","N. KRESSON STREET",0,39.29971667,-76.56045833,0,12,6,0,2,2,0,1,3,1,0,1,0,0000000,99,99,99,99,99,99,0,0,0,2,2,1476
240062_2011,24,240062,1,1,0,1,1,1,1,33,569,4,3,2011,6,21,46,1,12,3,SR-4,NULL,107,38.84722778,-76.89601389,0,8,0,0,1,1,0,1,2,1,0,1,0,0000000,99,99,99,99,99,99,0,0,0,1,0,1477
240063_2010,24,240063,2,2,NULL,0,NULL,NULL,3,37,0,4,5,2010,3,18,24,1,2,3,SR-235,"MERVELL DEAN RD",204,38.31283889,-76.53490278,0,12,6,0,2,2,0,1,1,1,0,1,0,0000000,18,25,18,32,18,45,0,0,0,1,0,1478
240063_2011,24,240063,2,2,0,1,1,4,4,3,0,27,2,2011,1,18,33,0,13,3,SR-198,NULL,6,39.10048889,-76.81672222,0,8,0,0,1,1,0,1,2,1,0,1,0,0000000,99,99,99,99,88,88,0,0,0,1,0,1479
240064_2010,24,240064,2,2,NULL,0,NULL,NULL,2,33,900,25,3,2010,5,2,21,0,13,2,US-1,"CHERRY LANE",129,39.09163333,-76.85769167,0,12,6,0,2,2,0,1,3,2,0,2,0,0000000,99,99,99,99,99,99,0,0,0,1,0,1480
240064_2011,24,240064,2,2,0,0,0,5,5,33,21,5,3,2011,7,0,14,0,13,3,SR-223,"FLORAL PARK RD",6,38.70279444,-76.96686667,0,12,6,0,2,2,0,1,3,1,0,1,0,0000000,99,99,99,99,99,99,0,0,0,1,0,1481
240065_2010,24,240065,1,1,NULL,0,NULL,NULL,5,33,1400,25,3,2010,5,23,55,0,14,4,CO-366,"JAMES FARMER WAY",0,38.8958,-76.90603611,0,33,0,0,2,3,0,4,3,2,0,2,0,0000000,99,99,99,99,99,99,0,0,0,2,0,1482
240065_2011,24,240065,3,3,0,0,0,3,3,25,0,9,3,2011,4,12,45,0,3,3,SR-165,CO-1520,135,39.62720833,-76.47471389,0,12,6,0,2,2,0,1,1,1,0,1,0,0000000,99,99,99,99,99,99,0,0,0,1,0,1483
240066_2010,24,240066,1,1,NULL,0,NULL,NULL,2,33,900,6,3,2010,7,8,57,0,13,3,SR-197,NULL,109,39.04855278,-76.83069722,0,42,0,0,1,1,0,6,1,1,0,1,0,0000000,99,99,99,99,99,99,0,0,0,1,0,1484
240066_2011,24,240066,1,1,0,0,0,1,1,33,100,5,2,2011,7,4,59,0,14,4,CO-14,NULL,19,39.03538611,-76.94502222,0,33,0,0,1,1,0,4,3,2,0,2,0,0000000,99,99,99,99,99,99,0,0,0,1,1,1485
240067_2010,24,240067,2,2,NULL,0,NULL,NULL,2,33,1400,17,3,2010,4,17,11,0,14,3,SR-704,"ADDISON RD",2,38.89631111,-76.90635556,0,12,6,0,2,2,0,1,1,1,0,1,0,0000000,99,99,99,99,99,99,0,0,0,1,0,1486
240067_2011,24,240067,2,2,0,0,0,3,3,33,175,7,2,2011,2,21,56,0,6,4,CO-172,NULL,0,38.69629444,-76.82086944,0,12,6,0,1,1,0,1,2,1,0,1,0,0000000,99,99,99,99,99,99,0,0,0,1,1,1487
240068_2010,24,240068,1,1,NULL,2,NULL,NULL,1,5,0,6,4,2010,3,16,37,0,4,3,SR-128,NULL,52,39.52149722,-76.76638333,0,9,0,0,1,1,0,1,1,1,0,1,0,0000000,16,37,16,57,17,56,0,0,0,1,0,1488
240068_2011,24,240068,2,2,0,0,0,3,3,5,0,7,3,2011,2,18,59,1,11,1,I-83,NULL,276,39.71948889,-76.65341389,0,1,0,0,1,1,0,3,2,1,0,1,0,0000000,99,99,99,99,99,99,0,0,0,1,0,1489
240069_2010,24,240069,1,1,NULL,1,NULL,NULL,1,5,0,6,4,2010,3,19,5,0,14,2,US-40,NULL,36,39.29139722,-76.71645556,0,8,0,0,1,1,0,1,1,1,0,1,0,0000000,99,99,99,99,88,88,0,0,0,1,0,1490
240069_2011,24,240069,1,1,0,0,0,1,1,43,0,11,3,2011,6,9,50,1,11,1,I-81,NULL,119,39.71042222,-77.74269167,0,42,0,0,1,1,0,3,1,1,0,1,0,0000000,99,99,99,99,88,88,0,0,0,1,0,1491
240070_2010,24,240070,2,2,NULL,0,NULL,NULL,4,25,0,4,4,2010,1,10,15,0,15,4,CO-246,"ATKISSON RD",17,39.47459722,-76.33910278,0,1,0,0,2,3,0,1,1,1,0,1,0,0000000,10,9,10,16,10,39,0,0,0,1,1,1492
240070_2011,24,240070,1,1,0,0,0,1,1,15,1260,13,3,2011,1,22,31,0,3,3,SR-276,NULL,59,39.60552222,-76.11641389,0,31,0,0,1,1,0,4,9,1,0,1,0,0000000,99,99,99,99,88,88,0,0,0,1,1,1493
240071_2010,24,240071,2,2,NULL,0,NULL,NULL,2,5,0,8,4,2010,5,22,56,0,13,3,SR-45,NULL,97,39.50092778,-76.65071111,0,12,6,0,1,1,0,1,2,2,0,2,0,0000000,22,58,23,1,99,99,0,0,0,1,0,1494
240071_2011,24,240071,3,3,0,0,0,4,4,5,0,25,3,2011,6,19,23,0,13,2,US-40,CO-5081,149,39.31716667,-76.516,0,24,0,0,2,2,0,4,3,1,0,1,0,0000000,99,99,99,99,99,99,0,0,0,1,1,1495
240072_2010,24,240072,1,1,NULL,0,NULL,NULL,3,23,0,11,4,2010,1,13,52,1,11,1,I-68,NULL,138,39.68228889,-79.23915,0,1,0,0,1,1,0,5,1,1,0,1,0,0000000,99,99,99,99,99,99,0,0,0,2,0,1496
240072_2011,24,240072,2,2,0,0,0,3,3,5,0,20,3,2011,1,16,18,0,4,3,SR-439,NULL,41,39.67178611,-76.59625,0,30,0,0,1,1,0,4,1,1,0,1,0,0000000,99,99,99,99,99,99,14,0,0,1,0,1497
240073_2010,24,240073,4,4,NULL,0,NULL,NULL,9,33,0,10,4,2010,7,13,22,0,14,3,SR-202,"TECHNOLOGY WAY",83,38.90833333,-76.83491389,0,12,6,0,2,3,0,1,1,1,0,1,0,0000000,99,99,99,99,99,99,0,0,0,1,0,1498
240073_2011,24,240073,2,2,0,0,0,2,2,5,0,30,3,2011,4,11,42,0,15,4,CO-4461,NULL,16,39.36405833,-76.46346111,0,12,6,0,1,1,0,1,1,1,0,1,0,0000000,99,99,99,99,99,99,0,0,0,1,0,1499
240074_2010,24,240074,1,1,NULL,0,NULL,NULL,3,5,0,5,4,2010,2,14,10,0,13,3,SR-140,NULL,73,39.43998889,-76.80545278,0,33,0,0,1,1,0,4,1,1,0,1,0,0000000,14,10,14,14,15,0,0,0,0,1,0,1500
240074_2011,24,240074,1,1,0,1,1,1,1,17,0,25,3,2011,6,11,4,0,13,3,SR-6,NULL,321,38.48198056,-76.89472778,0,8,0,0,1,1,0,2,1,1,0,1,0,0000000,99,99,99,99,88,88,0,0,0,1,0,1501
240075_2010,24,240075,1,1,NULL,0,NULL,NULL,1,5,0,16,4,2010,6,13,14,0,13,3,SR-144,NULL,5,39.26269722,-76.78649444,0,1,0,0,1,1,0,5,1,1,0,1,0,0000000,13,15,13,28,14,11,0,0,0,1,0,1502
240075_2011,24,240075,2,2,0,0,0,3,3,27,0,6,4,2011,4,23,2,0,13,2,US-1,NULL,47,39.16512222,-76.79134444,0,12,6,0,8,1,0,1,2,1,0,1,0,0000000,99,99,99,99,99,99,0,0,0,1,0,1503
240076_2010,24,240076,1,1,NULL,0,NULL,NULL,1,33,0,16,4,2010,6,14,18,1,2,2,US-301,NULL,226,38.9282,-76.71658611,0,42,0,0,1,1,0,3,1,1,0,1,0,0000000,99,99,99,99,88,88,0,0,0,1,1,1504
240076_2011,24,240076,1,1,0,0,0,1,1,27,0,11,4,2011,2,20,43,0,6,4,CO-45,NULL,4,39.26379167,-77.01789444,0,38,0,0,1,1,0,6,2,1,0,1,0,0000000,99,99,99,99,88,88,0,0,0,1,1,1505
240077_2010,24,240077,3,3,NULL,0,NULL,NULL,3,25,0,16,4,2010,6,14,1,0,3,3,SR-165,CO-77,83,39.62711111,-76.47484167,0,12,6,0,2,2,0,1,1,1,0,1,0,0000000,99,99,99,99,99,99,0,0,0,1,0,1506
240077_2011,24,240077,2,2,0,0,0,2,2,510,50,6,1,2011,5,1,20,0,14,6,"WINSOR MILL RD",NULL,0,39.31162222,-76.67626667,0,12,2,0,1,1,0,1,3,1,0,1,0,0000000,99,99,99,99,99,99,0,0,0,1,2,1507
240078_2010,24,240078,1,1,NULL,0,NULL,NULL,1,3,0,15,4,2010,5,10,46,1,11,1,"I-895 SPUR",NULL,0,39.20209722,-76.61547778,0,24,0,0,1,1,0,4,1,1,0,1,0,0000000,99,99,99,99,88,88,0,0,0,1,0,1508
240078_2011,24,240078,1,1,0,1,1,1,1,33,175,22,3,2011,3,5,45,0,4,3,SR-381,NULL,91,38.66725,-76.788725,0,8,0,0,1,1,0,1,2,1,0,1,0,0000000,99,99,99,99,88,88,0,0,0,1,0,1509
240079_2010,24,240079,1,1,NULL,0,NULL,NULL,1,13,0,17,4,2010,7,16,0,0,5,4,CO-283,NULL,23,39.52734444,-77.05510556,0,42,0,0,1,1,0,5,1,1,0,1,0,0000000,15,56,16,3,16,32,0,0,0,1,1,1510
240079_2011,24,240079,2,2,0,0,0,2,2,11,0,12,4,2011,3,19,53,1,2,3,SR-404,SR-16,141,38.82830833,-75.76575278,0,12,2,0,2,3,0,1,5,2,0,2,0,0000000,99,99,99,99,99,99,0,0,0,1,0,1511
240080_2010,24,240080,1,1,NULL,0,NULL,NULL,1,33,0,22,4,2010,5,19,54,0,13,3,"SR-214 RAMP",NULL,39,38.8916,-76.84485833,0,24,0,1,5,1,0,4,1,1,0,1,0,0000000,99,99,99,99,88,88,0,0,0,1,0,1512
240080_2011,24,240080,1,1,0,0,0,1,1,47,0,21,4,2011,5,2,43,0,5,3,SR-367,NULL,17,38.44275,-75.19403333,0,11,0,0,1,1,0,1,2,1,0,1,0,0000000,99,99,99,99,88,88,0,0,0,1,1,1513
240081_2010,24,240081,1,1,NULL,0,NULL,NULL,1,5,0,18,4,2010,1,4,1,0,13,3,SR-45,NULL,110,39.52738056,-76.644875,0,24,0,0,1,1,0,4,2,1,0,1,0,0000000,99,99,99,99,88,88,0,0,0,1,1,1514
240081_2011,24,240081,1,1,0,0,0,1,1,25,0,2,4,2011,7,14,9,1,13,2,"US-1 BYPASS",NULL,65,39.56021111,-76.36214722,0,31,0,0,1,1,0,4,1,1,0,1,0,0000000,99,99,99,99,88,88,0,0,0,1,0,1515
240082_2010,24,240082,2,2,NULL,0,NULL,NULL,3,15,0,24,4,2010,7,21,41,0,3,3,SR-213,NULL,138,39.53386944,-75.81137222,0,12,6,0,1,1,0,1,2,2,0,2,0,0000000,21,40,21,52,22,34,0,0,0,1,0,1516
240082_2011,24,240082,1,1,0,0,0,1,1,25,0,12,4,2011,3,1,9,1,2,2,US-1,NULL,130,39.62916111,-76.27846111,0,30,0,0,1,1,0,4,3,1,0,1,0,0000000,99,99,99,99,88,88,0,0,0,1,1,1517
240083_2010,24,240083,2,2,NULL,0,NULL,NULL,2,25,0,30,4,2010,6,18,33,0,13,2,US-40,NULL,71,39.46157778,-76.25288611,0,12,7,0,1,1,0,1,1,1,0,1,0,0000000,18,42,18,50,19,19,0,0,0,1,0,1518
240083_2011,24,240083,3,3,0,0,0,4,4,9,0,13,4,2011,4,16,30,1,2,3,SR-2,SR-264,146,38.49995278,-76.53762778,0,12,6,0,2,2,0,1,1,1,0,1,0,0000000,99,99,99,99,99,99,0,0,0,2,0,1519
240084_2010,24,240084,2,2,NULL,0,NULL,NULL,2,9,0,3,5,2010,2,18,19,0,4,3,SR-264,NULL,0,38.41935,-76.54441944,0,12,6,0,4,1,0,1,1,1,0,1,0,0000000,18,19,18,30,19,11,0,0,0,1,0,1520
240084_2011,24,240084,2,2,0,1,1,1,1,3,0,18,4,2011,2,10,25,1,12,2,US-50,NULL,184,39.01258056,-76.40643611,0,12,1,0,1,1,0,1,1,1,0,1,0,0000000,99,99,99,99,99,99,23,0,0,1,0,1521
240085_2010,24,240085,1,1,NULL,0,NULL,NULL,4,1,0,4,5,2010,3,8,16,1,11,1,I-68,NULL,211,39.71220556,-78.60571944,0,24,0,0,1,1,0,4,9,1,0,1,0,0000000,99,99,99,99,99,99,18,0,0,3,1,1522
240085_2011,24,240085,1,1,0,0,0,2,2,15,0,24,4,2011,1,17,21,0,3,2,US-40,NULL,91,39.60978889,-75.94488056,0,24,0,0,1,1,0,4,1,2,0,2,0,0000000,99,99,99,99,99,99,0,0,0,1,0,1523
240086_2010,24,240086,2,2,NULL,4,NULL,NULL,4,510,50,16,1,2010,7,12,14,0,14,6,"EUTAW ST",NULL,0,39.29159722,-76.62114167,0,33,0,0,1,1,0,5,1,1,0,1,0,0000000,99,99,99,99,99,99,0,0,0,2,0,1524
240086_2011,24,240086,1,1,0,0,0,1,1,21,580,28,4,2011,5,20,39,1,12,2,US-15,NULL,119,39.40448333,-77.43581389,0,24,0,0,1,1,0,4,3,1,0,1,0,0000000,99,99,99,99,99,99,0,0,0,1,1,1525
240087_2010,24,240087,3,2,NULL,0,NULL,NULL,3,27,0,19,4,2010,2,16,44,1,11,1,I-95,NULL,33,39.15262778,-76.83837778,0,14,0,0,1,1,0,2,1,1,0,1,0,0000000,99,99,99,99,88,88,0,0,0,1,0,1526
240087_2011,24,240087,1,1,0,0,0,2,2,5,0,18,3,2011,6,1,48,0,14,4,CO-6539,NULL,21,39.39355556,-76.45398611,0,33,0,0,1,1,0,4,3,1,0,1,0,0000000,99,99,99,99,99,99,0,0,0,1,1,1527
240088_2010,24,240088,2,2,NULL,0,NULL,NULL,3,17,0,6,5,2010,5,11,28,1,13,2,US-301,SR-234,57,38.40739722,-76.95347778,0,12,6,0,2,3,0,1,1,1,0,1,0,0000000,11,26,11,31,12,15,0,0,0,1,0,1528
240088_2011,24,240088,2,2,0,0,0,2,2,5,0,18,4,2011,2,20,15,0,13,2,US-40,NULL,191,39.35039444,-76.45746111,0,12,1,0,1,1,0,1,3,1,0,1,0,0000000,99,99,99,99,99,99,0,0,0,1,0,1529
240089_2010,24,240089,2,2,NULL,0,NULL,NULL,3,3,0,7,4,2010,4,22,36,0,14,3,SR-174,NULL,0,39.13614444,-76.66528056,0,12,2,0,1,1,0,1,3,1,0,1,0,0000000,99,99,99,99,99,99,0,0,0,3,1,1530
240089_2011,24,240089,1,1,0,1,1,1,1,13,0,18,4,2011,2,6,11,1,2,3,SR-140,NULL,80,39.56596667,-76.97669444,0,8,0,0,1,1,0,1,4,1,0,1,0,0000000,99,99,99,99,99,99,0,0,0,1,0,1531
240090_2010,24,240090,2,2,NULL,0,NULL,NULL,2,5,0,14,4,2010,4,8,30,0,5,4,"RAPHEL ROAD",NULL,0,39.43135278,-76.40905278,0,12,2,0,1,1,0,1,1,1,0,1,0,0000000,8,35,8,41,99,99,0,0,0,1,0,1532
240090_2011,24,240090,1,1,0,0,0,1,1,11,0,29,4,2011,6,22,43,0,5,3,SR-306,NULL,32,38.74022778,-75.72309444,0,42,0,0,1,1,0,6,2,1,0,1,0,0000000,99,99,99,99,88,88,0,0,0,1,1,1533
240091_2010,24,240091,1,1,NULL,1,NULL,NULL,1,15,0,26,4,2010,2,21,27,1,11,1,I-95,NULL,74,39.62635,-75.981275,0,8,0,0,1,1,0,1,2,2,0,2,0,0000000,21,43,21,49,22,30,0,0,0,1,0,1534
240091_2011,24,240091,1,1,0,1,1,1,1,19,0,29,4,2011,6,21,7,1,2,2,US-50,NULL,35,38.55101944,-76.03109722,0,8,0,0,1,1,0,1,2,1,0,1,0,0000000,99,99,99,99,99,99,0,0,0,1,0,1535
240092_2010,24,240092,2,2,NULL,0,NULL,NULL,2,5,0,27,4,2010,3,10,30,0,16,4,CO-6382,NULL,5,39.34292778,-76.74978056,0,12,2,0,1,1,0,1,1,1,0,1,0,0000000,10,30,10,37,99,99,0,0,0,1,0,1536
240092_2011,24,240092,1,1,0,0,0,1,1,5,0,4,4,2011,2,18,45,1,11,1,I-695,NULL,45,39.27352778,-76.72416944,0,25,0,0,1,1,0,4,1,1,0,1,0,0000000,99,99,99,99,88,88,0,0,0,1,1,1537
240093_2010,24,240093,2,2,NULL,0,NULL,NULL,4,17,0,2,5,2010,1,20,25,0,4,3,SR-224,"BICKNELL RD",211,38.57299722,-77.15706944,0,12,6,0,2,2,0,1,1,1,0,1,0,0000000,20,24,20,37,21,5,0,0,0,1,1,1538
240093_2011,24,240093,2,2,0,0,0,6,6,33,0,19,2,2011,7,13,55,1,11,1,I-95,NULL,99,38.83288889,-76.87253889,0,12,6,0,1,1,0,1,1,1,0,1,0,0000000,99,99,99,99,99,99,0,0,0,1,0,1539
240094_2010,24,240094,2,2,NULL,0,NULL,NULL,3,45,0,5,5,2010,4,3,10,1,2,2,US-50,NULL,284,38.38446667,-75.3731,0,12,2,0,1,1,0,1,3,1,0,1,0,0000000,3,19,3,27,3,54,0,0,0,2,1,1540
240094_2011,24,240094,2,2,0,0,0,2,2,3,0,16,4,2011,7,12,43,0,3,3,SR-214,NULL,0,38.90496944,-76.52225278,0,12,6,0,1,1,0,1,1,2,0,2,0,0000000,99,99,99,99,99,99,0,0,0,1,1,1541
240095_2010,24,240095,3,3,NULL,0,NULL,NULL,5,25,0,4,5,2010,3,20,54,1,2,2,US-1,"WHITEFORD RD",143,39.63709167,-76.26764722,0,12,2,0,2,2,0,1,3,1,0,1,0,0000000,99,99,99,99,99,99,0,0,0,1,1,1542
240095_2011,24,240095,1,1,0,1,1,1,1,33,370,20,4,2011,4,9,45,0,13,3,SR-650,"METZEROTT RD",29,39.00431111,-76.98077222,0,8,0,0,2,3,0,1,1,1,0,1,0,0000000,99,99,99,99,99,99,0,0,0,1,0,1543
240096_2010,24,240096,1,1,NULL,0,NULL,NULL,1,510,50,6,3,2010,7,3,9,1,11,1,I-895,NULL,0,39.30713889,-76.54312222,0,24,0,0,1,1,4,4,3,1,0,1,0,0000000,99,99,99,99,99,99,0,0,0,1,1,1544
240096_2011,24,240096,1,1,0,0,0,1,1,23,0,7,4,2011,5,17,23,0,5,3,SR-560,NULL,87,39.392925,-79.36261667,0,5,0,0,1,1,0,1,1,1,0,1,0,0000000,99,99,99,99,99,99,0,0,0,1,0,1545
240097_2010,24,240097,2,2,NULL,0,NULL,NULL,2,510,50,20,2,2010,7,21,35,0,14,6,"O'DONNELL ST",NULL,0,39.28035278,-76.57131667,0,12,2,0,1,1,0,1,3,1,0,1,0,0000000,99,99,99,99,99,99,0,0,0,1,1,1546
240097_2011,24,240097,1,1,0,0,0,1,1,510,50,4,4,2011,2,16,18,1,11,1,I-395,NULL,0,39.27056944,-76.62277222,0,39,0,0,1,1,0,3,1,1,0,1,0,0000000,99,99,99,99,88,88,0,0,0,1,1,1547
240098_2010,24,240098,1,1,NULL,0,NULL,NULL,1,27,0,27,3,2010,7,11,30,0,14,4,CO-1140,NULL,11,39.17869722,-76.82885278,0,42,0,0,1,1,0,6,1,1,0,1,0,0000000,99,99,99,99,88,88,0,0,0,1,0,1548
240098_2011,24,240098,2,2,0,0,0,2,2,13,0,18,4,2011,2,16,40,0,3,3,SR-27,NULL,45,39.40536111,-77.13046111,0,12,1,0,1,1,0,1,1,1,0,1,0,0000000,99,99,99,99,99,99,0,0,0,1,0,1549
240099_2010,24,240099,2,2,NULL,0,NULL,NULL,4,27,0,3,3,2010,4,14,52,1,12,2,US-29,"I-70 RAMP",0,39.29314167,-76.82548333,0,12,6,1,2,3,0,1,1,1,0,1,0,0000000,14,52,15,11,15,41,0,0,0,2,0,1550
240099_2011,24,240099,1,1,0,1,1,1,1,3,0,29,4,2011,6,14,3,0,14,9,"HAMMONDS LN","UPTON RD",0,39.21554722,-76.61860833,0,9,0,0,2,2,0,1,1,1,0,1,0,0000000,99,99,99,99,99,99,0,0,0,1,0,1551
240100_2010,24,240100,1,1,NULL,0,NULL,NULL,4,510,50,22,3,2010,2,2,10,1,13,2,US-40,NULL,0,39.29254444,-76.70390278,0,30,0,0,1,1,0,6,3,1,0,1,0,0000000,99,99,99,99,99,99,0,0,0,1,0,1552
240100_2011,24,240100,2,2,0,0,0,2,2,33,100,28,4,2011,5,11,8,0,15,4,CO-9,NULL,19,39.07665833,-76.88465278,0,12,2,0,1,1,0,1,1,1,0,1,0,0000000,99,99,99,99,99,99,0,0,0,1,0,1553
240101_2010,24,240101,1,1,NULL,0,NULL,NULL,3,510,50,2,1,2010,7,2,14,0,13,6,"W. PATAPSCO AVE",NULL,0,39.24322222,-76.63023889,0,43,0,0,1,1,0,3,3,1,0,1,0,0000000,99,99,99,99,99,99,0,0,0,1,1,1554
240101_2011,24,240101,1,1,0,0,0,1,1,25,0,26,4,2011,3,19,35,9,99,4,"W.JARRETSVILLE RD",NULL,40,39.59325556,-76.43677778,0,43,0,0,1,1,0,4,2,1,0,1,0,0000000,99,99,99,99,88,88,0,0,0,1,1,1555
240102_2010,24,240102,1,1,NULL,0,NULL,NULL,1,31,0,4,4,2010,1,2,21,0,13,4,CO-1659,NULL,31,39.05955,-77.06125,0,31,0,0,1,1,0,4,3,1,0,1,0,0000000,99,99,99,99,99,99,0,0,0,1,0,1556
240102_2011,24,240102,1,1,0,0,0,3,3,23,0,1,5,2011,1,4,50,1,11,1,I-68,NULL,168,39.68803611,-79.19237222,0,1,0,0,1,1,0,4,2,2,0,2,0,0000000,99,99,99,99,99,99,0,0,0,1,1,1557
240103_2010,24,240103,1,1,NULL,1,NULL,NULL,1,31,0,2,4,2010,6,5,54,0,3,3,SR-586,NULL,38,39.05625,-77.08315833,0,33,0,0,1,1,0,4,1,1,0,1,0,0000000,99,99,99,99,88,88,0,0,0,1,0,1558
240103_2011,24,240103,2,2,0,0,0,2,2,41,0,6,5,2011,6,14,18,0,3,3,SR-33,NULL,186,38.76616389,-76.14263611,0,12,2,0,1,1,0,1,1,1,0,1,0,0000000,99,99,99,99,99,99,0,0,0,2,0,1559
240104_2010,24,240104,1,1,NULL,0,NULL,NULL,1,31,0,11,4,2010,1,11,59,0,4,3,SR-121,NULL,36,39.23241944,-77.28422778,0,1,0,0,1,1,0,6,1,1,0,1,0,0000000,99,99,99,99,88,88,0,0,0,1,0,1560
240104_2011,24,240104,2,2,0,0,0,2,2,43,0,6,5,2011,6,2,34,0,13,2,US-40,"LOCUST ST",360,39.64079444,-77.71801389,0,12,6,0,2,2,1,1,3,1,0,1,0,0000000,99,99,99,99,99,99,0,0,0,1,0,1561
240105_2010,24,240105,2,2,NULL,0,NULL,NULL,2,13,0,2,4,2010,6,8,47,0,3,3,SR-27,NULL,105,39.481025,-77.06553056,0,12,2,0,1,1,0,1,1,1,0,1,0,0000000,99,99,99,99,99,99,0,0,0,1,0,1562
240105_2011,24,240105,1,1,0,0,0,1,1,13,0,8,5,2011,1,19,2,0,4,4,CO-402,NULL,12,39.59213056,-76.92558333,0,24,0,0,1,1,0,4,1,1,0,1,0,0000000,99,99,99,99,99,99,0,0,0,1,1,1563
240106_2010,24,240106,3,3,NULL,0,NULL,NULL,4,37,0,26,4,2010,2,17,26,0,3,3,SR-234,"CHAPTICO HILL LN",31,38.37269167,-76.79658889,0,12,1,0,2,3,0,1,1,2,0,2,0,0000000,17,27,17,40,18,27,0,0,0,1,0,1564
240106_2011,24,240106,1,1,0,1,1,1,1,31,0,14,4,2011,5,14,30,0,13,3,SR-190,NULL,154,38.95985,-77.09621389,0,8,0,0,1,1,0,1,1,1,0,1,0,0000000,99,99,99,99,99,99,0,0,0,1,0,1565
240107_2010,24,240107,2,2,NULL,0,NULL,NULL,4,510,50,28,4,2010,4,11,40,0,14,6,"GWYNN OAK AVE","BELLE AVE",0,39.33469444,-76.69401111,0,12,6,0,2,2,0,1,1,1,0,1,0,0000000,99,99,99,99,99,99,0,0,0,1,0,1566
240107_2011,24,240107,3,3,0,0,0,3,3,13,0,21,4,2011,5,12,0,0,16,4,"LONDONTOWN BLVD",NULL,1,39.40726944,-76.94646111,0,12,6,0,4,1,0,1,1,1,0,1,0,0000000,99,99,99,99,99,99,14,0,0,1,0,1567
240108_2010,24,240108,1,1,NULL,0,NULL,NULL,1,3,0,1,5,2010,7,0,46,0,15,3,SR-648,NULL,0,39.21661111,-76.64476667,0,39,0,0,1,1,0,5,3,1,0,1,0,0000000,99,99,99,99,88,88,0,0,0,1,1,1568
240108_2011,24,240108,1,1,0,0,0,5,5,31,0,15,5,2011,1,3,11,0,3,3,SR-108,NULL,116,39.16943889,-77.09034444,0,30,0,0,1,1,0,4,2,2,0,2,0,0000000,99,99,99,99,99,99,0,0,0,3,1,1569
240109_2010,24,240109,2,2,NULL,1,NULL,NULL,2,43,0,6,5,2010,5,1,20,0,3,3,SR-65,NULL,9,39.47227778,-77.74754167,0,8,0,0,1,1,0,1,2,1,0,1,0,0000000,99,99,99,99,99,99,23,0,0,1,1,1570
240109_2011,24,240109,1,1,0,0,0,1,1,45,0,16,5,2011,2,10,33,0,6,4,CO-393,NULL,26,38.4232,-75.54383889,0,31,0,0,1,1,0,6,1,1,0,1,0,0000000,99,99,99,99,88,88,0,0,0,1,0,1571
240110_2010,24,240110,2,2,NULL,0,NULL,NULL,2,21,0,6,5,2010,5,18,18,0,4,2,US-40,CO-692,6,39.53310833,-77.59514722,0,12,6,0,2,3,0,1,1,1,0,1,0,0000000,99,99,99,99,99,99,0,0,0,1,1,1572
240110_2011,24,240110,1,1,0,1,1,2,2,37,0,12,5,2011,5,1,8,0,14,3,SR-237,NULL,21,38.27995833,-76.49507778,0,15,0,0,1,1,0,1,2,1,0,1,0,0000000,99,99,99,99,99,99,0,0,0,1,0,1573