st_case_year,STATE,ST_CASE,VE_TOTAL,VE_FORMS,PVH_INVL,PEDS,PERNOTMVIT,PERMVIT,PERSONS,COUNTY,CITY,DAY,MONTH,YEAR,DAY_WEEK,HOUR,MINUTE,NHS,ROAD_FNC,ROUTE,TWAY_ID,TWAY_ID2,MILEPT,LATITUDE,LONGITUD,SP_JUR,HARM_EV,MAN_COLL,RELJCT1,RELJCT2,TYP_INT,WRK_ZONE,REL_ROAD,LGT_COND,WEATHER1,WEATHER2,WEATHER,SCH_BUS,RAIL,NOT_HOUR,NOT_MIN,ARR_HOUR,ARR_MIN,HOSP_HR,HOSP_MN,CF1,CF2,CF3,FATALS,DRUNK_DR,idno
240214_2011,24,240214,2,2,0,0,0,5,5,37,0,19,6,2011,1,2,26,0,4,3,SR-5,"MEDLEY'S NECK RD",247,38.27592222,-76.61187222,0,12,6,0,2,2,0,1,3,1,0,1,0,0000000,99,99,99,99,99,99,0,0,0,1,1,1780
240215_2010,24,240215,1,1,NULL,0,NULL,NULL,1,17,0,3,7,2010,7,23,58,0,15,4,CO-873,"PLAZA DR",3,38.62527778,-76.92202222,0,1,0,0,2,2,0,1,2,1,0,1,0,0000000,23,59,0,6,0,25,0,0,0,1,1,1781
240215_2011,24,240215,3,3,0,0,0,4,4,33,21,31,7,2011,1,13,8,0,13,3,SR-223,CO-225,6,38.70316111,-76.966825,0,12,6,0,2,2,0,1,1,1,0,1,0,0000000,99,99,99,99,99,99,0,0,0,1,0,1782
240216_2010,24,240216,1,1,NULL,0,NULL,NULL,1,31,0,15,5,2010,7,1,45,1,13,4,CO-141,NULL,5,39.17851389,-77.26830556,0,33,0,0,1,1,0,4,3,1,0,1,0,0000000,99,99,99,99,88,88,0,0,0,1,1,1783
240216_2011,24,240216,1,1,0,0,0,2,2,33,896,13,6,2011,2,23,1,0,15,4,CO-3465,NULL,6,38.87522222,-76.82663056,0,42,0,0,1,1,0,6,3,1,0,1,0,0000000,99,99,99,99,99,99,0,0,0,1,0,1784
240217_2010,24,240217,2,2,NULL,0,NULL,NULL,4,510,50,19,6,2010,7,18,34,0,13,6,"N. CALVERT ST","E. 28TH ST",0,39.32208056,-76.61466111,0,12,6,0,2,2,0,1,1,1,0,1,0,0000000,99,99,99,99,99,99,0,0,0,1,0,1785
240217_2011,24,240217,3,3,0,0,0,4,4,37,0,4,8,2011,5,18,50,0,4,3,SR-5,NULL,198,38.23881111,-76.543175,0,12,1,0,1,1,0,1,5,1,0,1,0,0000000,99,99,99,99,99,99,0,0,0,2,0,1786
240218_2010,24,240218,2,2,NULL,0,NULL,NULL,5,5,0,6,7,2010,3,15,21,0,13,3,SR-45,CO-1034,34,39.41739722,-76.614875,0,12,6,0,2,2,0,1,1,1,0,1,0,0000000,15,33,15,43,16,10,0,0,0,1,0,1787
240218_2011,24,240218,1,1,0,0,0,1,1,27,0,5,8,2011,6,11,38,1,11,1,I-95,NULL,59,39.17571944,-76.79529167,0,42,0,0,1,1,0,6,1,1,0,1,0,0000000,99,99,99,99,88,88,0,0,0,1,0,1788
240219_2010,24,240219,3,3,NULL,0,NULL,NULL,3,1,0,22,5,2010,7,20,49,1,11,1,I-68,NULL,246,39.70474444,-78.56640833,0,12,1,0,1,1,0,1,2,2,0,2,0,0000000,99,99,99,99,88,88,0,0,0,1,0,1789
240219_2011,24,240219,2,2,0,0,0,2,2,11,0,6,7,2011,4,21,13,0,4,3,SR-480,"SUNSET BLVD",27,38.938675,-75.88868333,0,12,2,0,2,3,0,1,3,1,0,1,0,0000000,99,99,99,99,88,88,0,0,0,1,1,1790
240220_2010,24,240220,3,2,NULL,0,NULL,NULL,2,5,0,31,7,2010,7,22,52,0,13,2,US-40,"CONTRACTORS RD",162,39.327625,-76.49514167,0,12,1,0,2,3,0,1,3,1,0,1,0,0000000,22,52,22,55,99,99,0,0,0,1,0,1791
240220_2011,24,240220,2,2,0,0,0,4,4,25,0,21,7,2011,5,10,12,0,14,3,SR-543,NULL,62,39.53416667,-76.29781667,0,12,6,0,1,1,0,1,1,1,0,1,0,0000000,99,99,99,99,99,99,0,0,0,1,0,1792
240221_2010,24,240221,2,2,NULL,0,NULL,NULL,2,23,0,13,8,2010,6,23,9,1,2,2,US-219,NULL,269,39.68010833,-79.26309722,0,12,2,0,1,1,0,1,2,1,0,1,0,0000000,99,99,99,99,88,88,0,0,0,1,1,1793
240221_2011,24,240221,2,2,0,0,0,3,3,3,0,23,7,2011,7,3,29,1,11,1,I-595,NULL,52,38.95620556,-76.69495556,0,12,6,0,1,1,0,1,2,1,0,1,0,0000000,99,99,99,99,99,99,0,0,0,1,2,1794
240222_2010,24,240222,1,1,NULL,1,NULL,NULL,1,31,0,25,6,2010,6,19,5,0,3,3,SR-27,NULL,11,39.22364167,-77.23719167,0,9,0,0,1,1,0,2,1,1,0,1,0,0000000,99,99,99,99,99,99,0,0,0,1,1,1795
240222_2011,24,240222,2,2,0,0,0,6,6,11,0,13,7,2011,4,13,47,1,2,3,SR-404,"HILLSBORO RD",19,38.91838333,-75.91415278,0,12,1,0,3,3,0,1,1,1,0,1,0,0000000,99,99,99,99,99,99,0,0,0,1,0,1796
240223_2010,24,240223,1,1,NULL,0,NULL,NULL,1,31,0,17,6,2010,5,6,37,0,16,4,CO-3235,NULL,3,39.05745,-77.11301667,0,1,0,0,1,1,0,1,1,1,0,1,0,0000000,99,99,99,99,88,88,0,0,0,1,0,1797
240223_2011,24,240223,2,2,0,0,0,5,5,15,0,25,7,2011,2,20,53,1,2,2,US-1,NULL,25,39.68516111,-76.13993056,0,12,6,0,1,1,0,1,2,2,0,2,0,0000000,99,99,99,99,99,99,0,0,0,2,1,1798
240224_2010,24,240224,3,1,NULL,0,NULL,NULL,1,29,0,30,6,2010,4,16,43,0,4,3,SR-292,NULL,44,39.36869444,-76.06271667,0,14,0,0,1,1,0,4,1,1,0,1,0,0000000,16,34,16,43,17,36,14,0,0,1,1,1799
240224_2011,24,240224,2,2,0,0,0,2,2,25,0,26,7,2011,3,0,37,0,3,3,SR-136,NULL,71,39.57319167,-76.25545,0,12,6,0,1,1,0,1,3,1,0,1,0,0000000,99,99,99,99,88,88,0,0,0,1,1,1800
240225_2010,24,240225,1,1,NULL,0,NULL,NULL,1,31,130,1,5,2010,7,10,47,0,16,4,"OLD GEORGETOWN RD",NULL,0,99.9999,999.9999,0,18,0,0,8,1,0,6,1,1,0,1,0,0000000,99,99,99,99,99,99,0,0,0,1,0,1801
240225_2011,24,240225,2,2,0,0,0,2,2,11,0,31,7,2011,1,12,11,0,4,3,SR-304,NULL,2,39.03290278,-75.88111944,0,12,6,0,1,1,0,1,1,1,0,1,0,0000000,99,99,99,99,99,99,0,0,0,1,0,1802
240226_2010,24,240226,1,1,NULL,1,NULL,NULL,1,13,0,24,8,2010,3,14,52,0,4,3,SR-75,CO-1553,20,39.56844722,-77.15359167,0,9,0,0,3,2,0,1,1,1,0,1,0,0000000,99,99,99,99,88,88,0,0,0,1,0,1803
240226_2011,24,240226,2,2,0,0,0,3,3,15,0,15,7,2011,6,4,40,1,11,1,I-95,NULL,9,39.58578056,-76.09341111,0,24,0,0,1,1,0,3,3,1,0,1,0,0000000,99,99,99,99,99,99,0,0,0,2,0,1804
240227_2010,24,240227,2,2,NULL,0,NULL,NULL,4,5,0,4,7,2010,1,12,3,1,11,1,I-83,NULL,175,39.59676111,-76.66585833,0,12,1,0,1,1,0,1,1,1,0,1,0,0000000,99,99,99,99,99,99,0,0,0,1,0,1805
240227_2011,24,240227,1,1,0,1,1,1,1,25,1287,28,7,2011,5,15,37,0,4,3,SR-136,NULL,276,39.70184167,-76.48909167,0,8,0,0,1,1,0,1,1,1,0,1,0,0000000,99,99,99,99,99,99,0,0,0,1,0,1806
240228_2010,24,240228,2,2,NULL,0,NULL,NULL,4,5,0,18,7,2010,1,0,39,0,14,4,CO-3482,NULL,28,39.38606111,-76.53740278,0,1,0,0,1,1,0,1,3,1,0,1,0,0000000,99,99,99,99,99,99,0,0,0,1,1,1807
240228_2011,24,240228,1,1,0,1,1,1,1,5,0,8,7,2011,6,21,27,0,13,2,US-40,NULL,0,39.29016944,-76.72388056,0,8,0,0,1,1,0,1,2,1,0,1,0,0000000,99,99,99,99,99,99,0,0,0,1,0,1808
240229_2010,24,240229,2,2,NULL,0,NULL,NULL,2,31,0,29,7,2010,5,21,3,1,12,2,US-29,"BLACKBURN RD",100,39.10418889,-76.93311389,0,12,1,0,2,2,0,1,3,1,0,1,0,0000000,99,99,99,99,99,99,0,0,0,1,0,1809
240229_2011,24,240229,1,1,0,0,0,1,1,3,0,14,7,2011,5,23,12,0,12,3,SR-702,NULL,5,39.32254722,-76.46595833,0,1,0,0,1,1,0,3,2,1,0,1,0,0000000,99,99,99,99,99,99,0,0,0,1,1,1810
240230_2010,24,240230,1,1,NULL,0,NULL,NULL,1,5,0,9,8,2010,2,2,14,0,15,4,CO-8007,NULL,9,39.27959722,-76.49043333,0,30,0,0,1,1,0,6,3,1,0,1,0,0000000,99,99,99,99,88,88,0,0,0,1,1,1811
240230_2011,24,240230,1,1,0,0,0,1,1,3,952,19,7,2011,3,3,46,0,6,4,"MULLEN LN",NULL,0,38.79776944,-76.5947,0,42,0,0,1,1,0,6,3,1,0,1,0,0000000,99,99,99,99,88,88,0,0,0,1,1,1812
240231_2010,24,240231,2,1,NULL,0,NULL,NULL,2,21,0,5,7,2010,2,21,27,0,6,4,CO-1253,NULL,8,39.64793056,-77.39928333,0,31,0,0,1,1,0,6,2,1,0,1,0,0000000,99,99,99,99,99,99,0,0,0,1,1,1813
240231_2011,24,240231,2,2,0,0,0,2,2,3,0,23,7,2011,7,18,44,0,16,4,CO-1582,NULL,0,39.1583,-76.55034722,0,1,0,0,1,1,0,6,1,1,0,1,0,0000000,99,99,99,99,99,99,0,0,0,1,2,1814
240232_2010,24,240232,2,2,NULL,0,NULL,NULL,4,35,0,1,8,2010,1,8,16,0,5,3,SR-8,NULL,59,38.95824167,-76.34029167,0,12,6,0,1,1,0,1,1,1,0,1,0,0000000,8,27,8,39,9,12,0,0,0,2,1,1815
240232_2011,24,240232,6,6,0,0,0,6,6,33,240,2,8,2011,3,6,31,1,11,1,I-95,NULL,131,38.86397222,-76.84756389,0,12,7,0,1,1,0,1,1,1,0,1,0,0000000,99,99,99,99,99,99,14,0,0,2,1,1816
240233_2010,24,240233,2,2,NULL,0,NULL,NULL,2,31,0,7,8,2010,7,8,50,0,14,3,SR-187,NULL,26,39.01660833,-77.11958056,0,33,0,0,1,1,0,4,1,1,0,1,0,0000000,99,99,99,99,88,88,0,0,0,2,1,1817
240233_2011,24,240233,1,1,0,2,2,1,1,510,50,13,8,2011,7,12,49,0,14,6,"E. FAYETTE ST","N. MILTON ST",0,39.29437222,-76.58208889,0,8,0,0,2,2,0,1,1,2,0,2,0,0000000,99,99,99,99,99,99,0,0,0,1,0,1818
240234_2010,24,240234,2,2,NULL,0,NULL,NULL,2,5,0,13,8,2010,6,9,20,0,13,4,CO-5212,NULL,3,39.27156667,-76.50912222,0,33,0,0,1,1,0,4,1,1,0,1,0,0000000,99,99,99,99,88,88,0,0,0,1,1,1819
240234_2011,24,240234,1,1,0,1,1,1,1,31,0,11,7,2011,2,0,50,0,14,3,SR-118,NULL,58,39.18200556,-77.26,0,8,0,0,1,1,0,1,3,1,0,1,0,0000000,99,99,99,99,99,99,0,0,0,1,0,1820
240235_2010,24,240235,2,1,NULL,0,NULL,NULL,1,13,0,13,8,2010,6,21,8,0,3,3,SR-27,NULL,90,39.46465833,-77.07973611,0,14,0,0,1,1,0,2,1,1,0,1,0,0000000,5,26,5,49,6,25,0,0,0,1,1,1821
240235_2011,24,240235,1,1,0,1,1,1,1,37,0,10,7,2011,1,20,3,0,4,3,SR-5,"HOLLYWOOD RD",267,38.29708611,-76.63518889,0,8,0,0,3,2,0,1,5,1,0,1,0,0000000,99,99,99,99,99,99,0,0,0,1,0,1822
240236_2010,24,240236,2,2,NULL,1,NULL,NULL,5,43,0,14,8,2010,7,22,57,1,11,1,I-70,NULL,290,39.60575556,-77.72685556,0,8,0,0,1,1,0,1,2,1,0,1,0,0000000,99,99,99,99,88,88,14,0,0,1,0,1823
240236_2011,24,240236,1,1,0,0,0,1,1,37,0,21,7,2011,5,0,51,0,4,4,CO-4,NULL,36,38.49098333,-76.72379444,0,30,0,0,1,1,0,4,2,1,0,1,0,0000000,99,99,99,99,88,88,0,0,0,1,1,1824
240237_2010,24,240237,2,2,NULL,0,NULL,NULL,3,45,0,13,8,2010,6,15,3,1,2,2,US-50,US-13,60,38.399225,-75.57280556,0,12,6,0,2,2,0,1,1,1,0,1,0,0000000,99,99,99,99,99,99,0,0,0,1,0,1825
240237_2011,24,240237,1,1,0,0,0,3,3,21,0,27,7,2011,4,23,55,0,6,4,CO-521,NULL,16,39.55031667,-77.28010556,0,42,0,0,1,1,0,6,2,1,0,1,0,0000000,99,99,99,99,99,99,0,0,0,1,0,1826
240238_2010,24,240238,2,2,NULL,0,NULL,NULL,5,33,0,22,8,2010,1,6,23,1,11,1,I-595,NULL,66,38.95323611,-76.73808611,0,12,1,0,1,1,0,1,1,1,0,1,0,0000000,99,99,99,99,88,88,0,0,0,1,1,1827
240239_2010,24,240239,2,2,NULL,0,NULL,NULL,2,15,0,23,8,2010,2,5,3,0,4,3,SR-274,NULL,37,39.66451667,-76.01483333,0,12,2,0,1,1,0,1,2,1,0,1,0,0000000,5,26,5,49,6,25,0,0,0,1,0,1828
240239_2011,24,240239,1,1,0,0,0,1,1,15,0,29,7,2011,6,20,50,0,6,4,CO-312,"GROVE NECK RD",30,39.39959167,-75.96882778,0,31,0,0,3,2,0,5,3,1,0,1,0,0000000,99,99,99,99,88,88,0,0,0,1,1,1829
240240_2011,24,240240,2,2,0,1,1,2,2,33,240,2,7,2011,7,23,53,0,13,3,SR-214,"NORAIR AVE",29,38.89006389,-76.85975,0,8,0,0,2,3,0,1,3,1,0,1,0,0000000,99,99,99,99,88,88,0,0,0,1,0,1830
240241_2010,24,240241,1,1,NULL,1,NULL,NULL,1,31,0,13,6,2010,1,21,58,0,13,3,SR-586,NULL,33,39.05636667,-77.082675,0,8,0,0,1,1,0,1,3,1,0,1,0,0000000,99,99,99,99,99,99,0,0,0,1,0,1831
240241_2011,24,240241,2,2,0,0,0,5,5,3,401,31,7,2011,1,1,40,1,13,3,SR-3,"DAVIDSONVILLE RD",21,39.01951667,-76.69615833,0,12,6,0,2,2,0,1,3,1,0,1,0,0000000,99,99,99,99,99,99,0,0,0,1,0,1832
240242_2010,24,240242,1,1,NULL,0,NULL,NULL,1,15,0,22,6,2010,3,13,42,0,4,3,SR-7,NULL,52,39.60156667,-75.936725,0,30,0,0,1,1,0,6,1,1,0,1,0,0000000,99,99,99,99,88,88,0,0,0,1,0,1833
240242_2011,24,240242,2,2,0,0,0,2,2,31,0,28,7,2011,5,7,15,0,13,3,SR-650,NULL,121,39.13488611,-76.99454722,0,12,8,0,1,1,0,1,1,1,0,1,0,0000000,99,99,99,99,88,88,0,0,0,1,1,1834
240243_2010,24,240243,2,2,NULL,0,NULL,NULL,3,27,0,10,7,2010,7,20,9,0,13,2,US-40,NULL,74,39.29569167,-76.90190556,0,12,1,0,1,1,0,1,5,1,0,1,0,0000000,20,2,20,19,21,14,0,0,0,1,1,1835
240243_2011,24,240243,3,3,0,0,0,6,6,5,0,6,8,2011,7,16,21,0,14,4,CO-3482,NULL,36,39.38066944,-76.52678056,0,12,2,0,1,1,0,1,1,1,0,1,0,0000000,99,99,99,99,99,99,0,0,0,2,0,1836
240244_2010,24,240244,1,1,NULL,0,NULL,NULL,1,33,240,8,7,2010,5,1,6,0,13,3,SR-214,NULL,3,38.88871944,-76.90774167,0,31,0,0,1,1,0,6,2,1,0,1,0,0000000,99,99,99,99,88,88,0,0,0,1,1,1837
240244_2011,24,240244,1,1,0,0,0,2,2,21,0,23,8,2011,3,11,7,0,5,4,CO-0511,NULL,0,39.57853611,-77.261225,0,1,0,0,1,1,0,4,1,1,0,1,0,0000000,99,99,99,99,99,99,0,0,0,1,0,1838
240245_2010,24,240245,2,2,NULL,0,NULL,NULL,2,33,100,7,7,2010,4,11,50,0,14,4,CO-14,NULL,24,39.04477778,-76.95157778,0,12,6,0,8,1,0,1,1,1,0,1,0,0000000,99,99,99,99,99,99,0,0,0,1,1,1839
240245_2011,24,240245,1,1,0,0,0,1,1,15,0,12,8,2011,6,4,15,0,6,4,CO-411,NULL,31,39.67271111,-75.91071944,0,42,0,0,1,1,0,6,2,1,0,1,0,0000000,99,99,99,99,99,99,0,0,0,1,1,1840
240246_2010,24,240246,2,2,NULL,0,NULL,NULL,2,33,175,12,7,2010,2,17,34,0,4,3,SR-381,NULL,119,38.6904,-76.820525,0,12,2,0,1,1,0,1,1,2,0,2,0,0000000,99,99,99,99,99,99,0,0,0,1,1,1841
240246_2011,24,240246,2,1,1,1,2,1,2,43,0,8,8,2011,2,14,23,1,11,1,I-70,NULL,375,39.56328611,-77.61540278,0,14,0,0,1,1,0,2,1,1,0,1,0,0000000,99,99,99,99,99,99,23,0,0,1,0,1842
240247_2010,24,240247,2,2,NULL,0,NULL,NULL,4,33,370,1,7,2010,5,1,36,0,14,4,CO-14,NULL,8,39.01971667,-76.93905833,0,12,2,0,1,1,0,1,3,1,0,1,0,0000000,99,99,99,99,99,99,0,0,0,1,1,1843
240247_2011,24,240247,2,2,0,0,0,3,3,25,0,9,8,2011,3,11,16,1,2,2,US-1,NULL,5,39.52119167,-76.36000278,0,12,6,0,4,1,0,4,1,2,0,2,0,0000000,99,99,99,99,99,99,0,0,0,1,0,1844
240248_2010,24,240248,2,2,NULL,0,NULL,NULL,2,25,0,11,7,2010,1,13,9,0,3,3,SR-165,"NELSON MILL RD",80,39.62246667,-76.47628056,0,12,1,0,3,3,0,1,1,1,0,1,0,0000000,13,6,13,12,99,99,0,0,0,1,0,1845
240248_2011,24,240248,2,2,0,0,0,3,3,5,0,4,8,2011,5,23,53,1,11,1,I-95,NULL,27,39.25782778,-76.67517222,0,12,1,0,1,1,0,1,2,1,0,1,0,0000000,99,99,99,99,99,99,0,0,0,1,0,1846
240249_2010,24,240249,3,1,NULL,0,NULL,NULL,1,33,1175,15,7,2010,5,17,5,0,16,4,CO-1442,NULL,4,38.80838056,-76.979325,0,14,0,0,1,1,0,7,1,1,0,1,0,0000000,99,99,99,99,99,99,0,0,0,1,0,1847
240249_2011,24,240249,1,1,0,1,1,1,1,5,0,13,8,2011,7,13,24,0,12,3,SR-43,CO-6195,29,39.379625,-76.47175278,0,8,0,0,2,2,0,1,1,1,0,1,0,0000000,99,99,99,99,99,99,0,0,0,1,0,1848
240250_2010,24,240250,1,1,NULL,0,NULL,NULL,1,33,1520,19,7,2010,2,1,5,0,16,3,SR-248,NULL,8,38.85270833,-76.93412222,0,42,0,0,1,1,0,6,3,1,0,1,0,0000000,99,99,99,99,88,88,0,0,0,1,1,1849
240250_2011,24,240250,2,2,0,0,0,2,2,3,0,18,8,2011,5,17,53,0,4,3,SR-2,NULL,2,38.83168333,-76.6123,0,12,2,0,1,1,0,1,1,1,0,1,0,0000000,99,99,99,99,99,99,0,0,0,2,1,1850
240251_2010,24,240251,2,2,NULL,0,NULL,NULL,9,47,0,24,7,2010,7,11,32,1,2,2,US-113,CO-87,64,38.11571944,-75.46227778,0,12,6,0,2,2,0,1,1,1,0,1,0,0000000,99,99,99,99,99,99,0,0,0,1,0,1851
240251_2011,24,240251,2,1,1,1,1,1,1,3,0,24,8,2011,4,8,4,1,12,3,SR-100,NULL,0,39.14224444,-76.62740833,0,8,0,0,1,1,0,2,1,1,0,1,0,0000000,99,99,99,99,88,88,0,0,0,1,0,1852
240252_2010,24,240252,1,1,NULL,0,NULL,NULL,4,33,1620,22,7,2010,5,23,33,0,16,4,CO-4279,NULL,3,38.81133889,-76.80961389,0,30,0,0,1,1,0,6,2,1,0,1,0,0000000,99,99,99,99,99,99,0,0,0,1,0,1853
240252_2011,24,240252,1,1,0,1,1,1,1,33,565,13,8,2011,7,0,13,1,12,3,SR-210,NULL,115,38.77349167,-76.99673611,0,8,0,0,1,1,0,1,2,1,0,1,0,0000000,99,99,99,99,88,88,0,0,0,1,0,1854
240253_2010,24,240253,1,1,NULL,1,NULL,NULL,1,33,830,17,7,2010,7,0,49,0,13,3,SR-193,NULL,9,38.98388056,-76.97896944,0,8,0,0,1,1,0,1,3,2,0,2,0,0000000,99,99,99,99,99,99,0,0,0,1,0,1855
240253_2011,24,240253,1,1,0,0,0,1,1,3,575,22,8,2011,2,20,11,1,2,3,SR-32,NULL,0,39.10285833,-76.76975833,0,24,0,0,1,1,0,4,3,1,0,1,0,0000000,99,99,99,99,99,99,0,0,0,1,0,1856
240254_2010,24,240254,2,2,NULL,0,NULL,NULL,4,1,0,28,7,2010,4,15,10,0,13,3,SR-35,NULL,9,39.70631111,-78.78203611,0,12,2,0,1,1,0,1,1,1,0,1,0,0000000,15,12,15,17,15,47,0,0,0,1,1,1857
240254_2011,24,240254,3,2,1,0,0,2,2,3,0,8,8,2011,2,16,32,1,11,1,I-695,NULL,2,39.29976667,-76.74362222,0,14,0,0,1,1,0,2,1,1,0,1,0,0000000,99,99,99,99,88,88,0,0,0,1,0,1858
240255_2010,24,240255,2,2,NULL,0,NULL,NULL,8,510,50,14,7,2010,4,2,41,1,11,1,I-95,NULL,12,39.27143333,-76.65294167,0,12,1,0,1,1,0,1,3,2,0,2,0,0000000,99,99,99,99,99,99,23,0,0,1,1,1859
240255_2011,24,240255,2,2,0,0,0,2,2,5,0,28,8,2011,1,23,52,1,11,1,I-70,NULL,23,39.30720556,-76.77091667,0,12,1,0,1,1,0,1,2,1,0,1,0,0000000,99,99,99,99,88,88,0,0,0,1,1,1860
240256_2010,24,240256,2,2,NULL,0,NULL,NULL,2,5,0,25,7,2010,1,2,58,1,11,1,I-695,NULL,211,39.41394167,-76.60215278,0,12,1,1,5,1,0,1,2,1,0,1,0,0000000,99,99,99,99,88,88,0,0,0,1,0,1861
240256_2011,24,240256,1,1,0,1,1,2,2,31,0,2,6,2011,5,22,38,0,13,3,SR-97,NULL,60,39.07394444,-77.06623889,0,8,0,0,1,1,0,1,3,1,0,1,0,0000000,99,99,99,99,99,99,0,0,0,1,0,1862
240257_2010,24,240257,2,2,NULL,0,NULL,NULL,2,21,0,28,8,2010,7,6,45,1,2,2,US-340,NULL,21,39.34398889,-77.63445833,0,12,2,0,1,1,0,1,1,1,0,1,0,0000000,99,99,99,99,99,99,0,0,0,1,1,1863
240257_2011,24,240257,2,2,0,0,0,6,6,9,0,18,7,2011,2,8,48,1,2,3,SR-2,"SHECKELS LN",0,38.63563611,-76.60511389,0,12,7,0,2,3,0,1,1,1,0,1,0,0000000,99,99,99,99,99,99,0,0,0,1,0,1864
240258_2010,24,240258,2,2,NULL,0,NULL,NULL,2,41,0,9,9,2010,5,9,58,1,13,2,US-50,"LONGWOODS RD",46,38.81554444,-76.06000278,0,12,6,0,2,3,0,1,1,1,0,1,0,0000000,9,54,10,5,10,29,0,0,0,1,0,1865
240258_2011,24,240258,2,2,0,0,0,2,2,17,0,23,8,2011,3,19,52,1,2,2,US-301,"DEMAR RD",203,38.59128056,-76.94111944,0,12,6,0,2,2,0,1,1,1,0,1,0,0000000,99,99,99,99,88,88,0,0,0,1,2,1866
240259_2010,24,240259,2,2,NULL,0,NULL,NULL,2,5,0,10,9,2010,6,2,55,1,11,1,I-795,NULL,39,39.41796111,-76.79735278,0,12,2,0,1,1,0,1,3,1,0,1,0,0000000,2,58,3,7,3,20,0,0,0,1,2,1867
240259_2011,24,240259,3,2,1,0,0,3,3,510,50,27,4,2011,4,7,41,0,14,6,"GWYNN OAK AVE",NULL,0,39.33063056,-76.70057778,0,12,2,0,1,1,0,1,1,1,0,1,0,0000000,99,99,99,99,99,99,0,0,0,1,1,1868
240260_2010,24,240260,2,2,NULL,0,NULL,NULL,2,25,0,13,9,2010,2,8,23,0,2,3,SR-22,NULL,55,39.55918333,-76.252575,0,1,0,0,1,1,0,1,3,1,0,1,0,0000000,8,21,8,27,8,53,0,0,0,1,0,1869
240260_2011,24,240260,1,1,0,0,0,1,1,3,0,6,8,2011,7,4,37,0,5,4,CO-1040,NULL,0,39.03451944,-76.71401111,0,42,0,0,1,1,0,6,2,1,0,1,0,0000000,99,99,99,99,99,99,0,0,0,1,1,1870
240261_2010,24,240261,2,2,NULL,0,NULL,NULL,2,21,0,24,7,2010,7,12,2,0,16,4,CO-397,"MOLESWORTH ENTRANCE",15,39.35201944,-77.22736389,0,12,2,0,2,3,0,1,1,1,0,1,0,0000000,99,99,99,99,99,99,0,0,0,1,0,1871
240261_2011,24,240261,1,1,0,0,0,1,1,43,0,24,8,2011,4,2,0,0,6,4,CO-175,NULL,12,39.71524167,-77.68973333,0,53,0,0,1,1,0,6,2,1,0,1,0,0000000,99,99,99,99,88,88,0,0,0,1,1,1872
240262_2010,24,240262,1,1,NULL,1,NULL,NULL,1,35,0,22,8,2010,1,20,50,0,9,3,SR-835,NULL,7,38.977125,-76.31525278,0,9,0,0,1,1,0,2,2,1,0,1,0,0000000,99,99,99,99,99,99,0,0,0,1,0,1873
240262_2011,24,240262,1,1,0,0,0,2,2,31,0,13,8,2011,7,0,22,0,16,4,CO-74,NULL,0,39.11564444,-77.00845278,0,42,0,0,1,1,0,6,3,1,0,1,0,0000000,99,99,99,99,88,88,0,0,0,2,1,1874
240263_2010,24,240263,2,2,NULL,0,NULL,NULL,4,21,0,22,8,2010,1,2,2,1,11,1,I-70,NULL,218,39.38566111,-77.29637222,0,12,2,0,1,1,0,1,2,1,0,1,0,0000000,99,99,99,99,99,99,0,0,0,1,1,1875
240263_2011,24,240263,3,3,0,0,0,7,7,45,0,26,8,2011,6,12,53,1,2,2,US-50,"SALISBURY BYPASS",194,38.39771111,-75.57160278,0,12,6,0,2,2,0,1,1,1,0,1,0,0000000,99,99,99,99,99,99,0,0,0,1,0,1876
240264_2010,24,240264,1,1,NULL,0,NULL,NULL,4,21,0,22,8,2010,1,2,17,1,11,1,I-70,NULL,17,39.50768333,-77.59025556,0,1,0,0,1,1,0,3,2,1,0,1,0,0000000,99,99,99,99,99,99,0,0,0,1,1,1877
240264_2011,24,240264,1,1,0,1,1,2,2,41,0,12,8,2011,6,21,11,0,13,3,SR-322,"MARBORO RD",32,38.78141944,-76.08306944,0,8,0,0,3,4,0,1,3,1,0,1,0,0000000,99,99,99,99,99,99,0,0,0,1,0,1878
240265_2010,24,240265,1,1,NULL,0,NULL,NULL,1,3,0,27,8,2010,6,20,6,0,14,3,SR-177,NULL,56,39.11471111,-76.50179444,0,30,0,0,1,1,0,6,3,1,0,1,0,0000000,99,99,99,99,99,99,0,0,0,1,1,1879
240265_2011,24,240265,1,1,0,0,0,1,1,17,0,16,9,2011,6,23,40,0,5,4,CO-133,NULL,53,38.53611389,-77.12041944,0,41,0,0,1,1,0,4,2,1,0,1,0,0000000,99,99,99,99,88,88,0,0,0,1,1,1880
240266_2010,24,240266,1,1,NULL,0,NULL,NULL,8,510,50,30,5,2010,1,18,20,0,13,3,SR-41,NULL,0,39.36915833,-76.57283889,0,43,0,0,1,1,0,3,1,1,0,1,0,0000000,99,99,99,99,99,99,0,0,0,1,1,1881
240266_2011,24,240266,1,1,0,1,1,1,1,33,0,9,9,2011,6,21,21,1,13,3,SR-3,NULL,15,38.97786111,-76.71340833,0,9,0,0,1,1,0,2,2,1,0,1,0,0000000,99,99,99,99,99,99,0,0,0,1,0,1882