st_case_year,STATE,ST_CASE,VE_TOTAL,VE_FORMS,PVH_INVL,PEDS,PERNOTMVIT,PERMVIT,PERSONS,COUNTY,CITY,DAY,MONTH,YEAR,DAY_WEEK,HOUR,MINUTE,NHS,ROAD_FNC,ROUTE,TWAY_ID,TWAY_ID2,MILEPT,LATITUDE,LONGITUD,SP_JUR,HARM_EV,MAN_COLL,RELJCT1,RELJCT2,TYP_INT,WRK_ZONE,REL_ROAD,LGT_COND,WEATHER1,WEATHER2,WEATHER,SCH_BUS,RAIL,NOT_HOUR,NOT_MIN,ARR_HOUR,ARR_MIN,HOSP_HR,HOSP_MN,CF1,CF2,CF3,FATALS,DRUNK_DR,idno
240267_2010,24,240267,2,2,NULL,0,NULL,NULL,6,31,0,27,6,2010,1,17,49,0,6,4,CO-2603,NULL,59,39.07820833,-77.3386,0,12,2,0,1,1,0,1,1,2,0,2,0,0000000,99,99,99,99,99,99,0,0,0,1,0,1883
240267_2011,24,240267,2,2,0,0,0,2,2,17,0,17,10,2011,2,18,13,1,2,3,SR-5,"IDLEWOOD PARK RD",133,38.63559444,-76.87379444,0,12,6,0,3,3,0,1,1,1,0,1,0,0000000,99,99,99,99,99,99,0,0,0,1,0,1884
240268_2010,24,240268,2,2,NULL,0,NULL,NULL,4,29,0,19,7,2010,2,20,32,0,4,3,SR-290,NULL,108,39.35513889,-75.83544722,0,12,6,0,1,1,0,1,5,2,0,2,0,0000000,20,19,20,45,21,17,0,0,0,1,0,1885
240268_2011,24,240268,4,4,0,0,0,8,8,17,0,9,9,2011,6,11,35,1,2,3,SR-231,"DICANDA DORSEY PL",99,38.515975,-76.67905833,0,12,1,0,3,3,0,1,1,1,0,1,0,0000000,99,99,99,99,99,99,0,0,0,2,0,1886
240269_2010,24,240269,1,1,NULL,0,NULL,NULL,2,33,175,7,8,2010,7,3,17,0,6,4,CO-172,NULL,18,38.71853333,-76.7704,0,42,0,0,1,1,0,6,2,1,0,1,0,0000000,99,99,99,99,99,99,0,0,0,2,1,1887
240269_2011,24,240269,1,1,0,1,1,1,1,35,1509,2,9,2011,6,21,1,0,6,4,"SHOPING CENTER RD",NULL,1,38.97491111,-76.29839444,0,8,0,0,5,1,0,1,3,1,0,1,0,0000000,99,99,99,99,88,88,0,0,0,1,0,1888
240270_2010,24,240270,2,2,NULL,1,NULL,NULL,2,33,830,22,8,2010,1,20,49,0,13,3,SR-193,NULL,13,38.9841,-76.97268333,0,8,0,0,1,1,0,1,3,1,0,1,0,0000000,99,99,99,99,99,99,0,0,0,1,0,1889
240270_2011,24,240270,2,2,0,0,0,4,4,35,270,16,9,2011,6,7,10,1,2,2,US-301,SR-304,205,39.02763889,-76.02651389,0,12,6,0,2,2,0,1,1,1,0,1,0,0000000,99,99,99,99,99,99,0,0,0,1,0,1890
240271_2010,24,240271,1,1,NULL,0,NULL,NULL,1,15,0,28,8,2010,7,2,14,0,6,4,CO-9,NULL,19,39.69939444,-76.14362222,0,53,0,0,1,1,0,6,2,1,0,1,0,0000000,99,99,99,99,88,88,0,0,0,1,1,1891
240271_2011,24,240271,1,1,0,0,0,1,1,5,0,17,9,2011,7,8,38,1,11,1,I-83,NULL,5,39.39623056,-76.66645556,0,35,0,0,1,1,0,3,1,1,0,1,0,0000000,99,99,99,99,88,88,0,0,0,1,0,1892
240272_2010,24,240272,1,1,NULL,0,NULL,NULL,1,21,1080,29,8,2010,1,1,45,0,5,4,CO-692,NULL,19,39.55755556,-77.58042222,0,31,0,0,1,1,0,6,2,1,0,1,0,0000000,99,99,99,99,88,88,0,0,0,1,1,1893
240272_2011,24,240272,2,1,1,0,1,1,2,31,0,16,9,2011,6,12,47,1,11,1,I-270,NULL,55,39.07662222,-77.16806944,0,14,0,0,1,1,0,2,1,1,0,1,0,0000000,99,99,99,99,99,99,0,0,0,1,0,1894
240273_2010,24,240273,1,1,NULL,0,NULL,NULL,2,47,0,28,8,2010,7,17,10,0,4,4,CO-28,NULL,23,38.15116111,-75.46174167,0,42,0,0,1,1,0,4,1,1,0,1,0,0000000,99,99,99,99,99,99,0,0,0,1,1,1895
240273_2011,24,240273,1,1,0,0,0,1,1,3,0,20,9,2011,3,10,41,1,11,1,I-97,NULL,71,39.06274722,-76.64031667,0,1,0,0,1,1,0,4,1,2,0,2,0,0000000,99,99,99,99,99,99,0,0,0,1,0,1896
240274_2010,24,240274,1,1,NULL,0,NULL,NULL,1,33,885,26,8,2010,5,8,2,0,14,3,SR-704,NULL,51,38.94716111,-76.8437,0,33,0,0,1,1,0,3,1,1,0,1,0,0000000,99,99,99,99,88,88,0,0,0,1,0,1897
240274_2011,24,240274,1,1,0,1,1,1,1,17,0,27,9,2011,3,99,99,0,5,3,SR-210,NULL,2,38.62922222,-77.068975,0,8,0,0,1,1,0,1,2,1,0,1,0,0000000,99,99,99,99,99,99,0,0,0,1,0,1898
240275_2010,24,240275,2,2,NULL,0,NULL,NULL,3,33,240,6,8,2010,6,8,6,0,16,4,CO-367,"SHADY GLEN DR",19,38.87416111,-76.88090833,0,12,6,0,2,2,0,1,3,1,0,1,0,0000000,99,99,99,99,99,99,0,0,0,1,0,1899
240275_2011,24,240275,1,1,0,1,1,1,1,17,0,22,9,2011,5,19,58,1,13,2,US-301,NULL,257,38.65805556,-76.87429722,0,8,0,0,1,1,0,1,3,1,0,1,0,0000000,99,99,99,99,99,99,0,0,0,1,0,1900
240276_2010,24,240276,2,2,NULL,0,NULL,NULL,4,9,0,22,7,2010,5,16,35,0,5,4,CO-133,NULL,19,38.70085,-76.61800833,0,12,6,0,1,1,0,1,1,1,0,1,0,0000000,16,35,16,52,99,99,0,0,0,1,1,1901
240276_2011,24,240276,2,2,0,0,0,3,3,25,90,6,9,2011,3,12,24,1,2,2,US-1,NULL,104,39.60403889,-76.31227778,0,12,1,0,8,1,0,1,1,2,0,2,0,0000000,99,99,99,99,99,99,0,0,0,1,0,1902
240277_2010,24,240277,1,1,NULL,3,NULL,NULL,1,3,0,8,8,2010,1,10,16,0,16,4,CO-5584,NULL,4,39.10348056,-76.80677222,0,30,0,0,1,1,0,6,1,1,0,1,0,0000000,99,99,99,99,99,99,0,0,0,1,0,1903
240277_2011,24,240277,2,2,0,0,0,2,2,47,1673,1,9,2011,5,11,29,1,2,2,US-50,NULL,17,38.38080556,-75.29385833,0,12,1,0,1,1,4,2,1,1,0,1,0,0000000,99,99,99,99,99,99,0,0,0,1,0,1904
240278_2010,24,240278,2,2,NULL,0,NULL,NULL,3,1,0,12,8,2010,5,18,39,1,11,1,I-68,NULL,221,39.71408611,-78.60900278,0,24,0,0,1,1,0,4,1,2,0,2,0,0000000,99,99,99,99,99,99,0,0,0,1,0,1905
240278_2011,24,240278,1,1,0,0,0,1,1,3,0,5,10,2011,4,16,37,1,12,3,SR-100,NULL,119,39.12202222,-76.55953889,0,24,0,0,1,1,0,4,1,1,0,1,0,0000000,99,99,99,99,88,88,0,0,0,1,1,1906
240279_2010,24,240279,3,1,NULL,3,NULL,NULL,1,21,540,8,8,2010,1,11,20,0,4,2,US-15BU,NULL,10,39.705775,-77.32625,0,14,0,0,1,1,0,4,1,1,0,1,0,0000000,99,99,99,99,99,99,0,0,0,3,0,1907
240279_2011,24,240279,2,2,0,0,0,2,2,5,0,1,10,2011,7,11,46,1,11,1,I-83,NULL,105,39.49213889,-76.66639722,0,12,11,0,1,1,0,1,1,1,0,1,0,0000000,99,99,99,99,88,88,0,0,0,1,0,1908
240280_2010,24,240280,2,2,NULL,0,NULL,NULL,3,33,1400,26,1,2010,3,16,46,0,13,3,SR-214,"OLD CENTRAL AVE",8,38.88688333,-76.90168889,0,12,6,0,2,3,0,1,5,1,0,1,0,0000000,99,99,99,99,99,99,0,0,0,1,0,1909
240280_2011,24,240280,1,1,0,0,0,1,1,11,1560,31,10,2011,2,7,3,0,6,4,CO-3,NULL,16,39.11397222,-75.76762222,0,42,0,0,1,1,0,6,2,1,0,1,0,0000000,99,99,99,99,88,88,0,0,0,1,1,1910
240281_2010,24,240281,2,2,NULL,0,NULL,NULL,2,33,565,10,4,2010,7,2,58,1,12,3,SR-210,NULL,68,38.71398611,-76.99013889,0,12,1,0,1,1,0,1,2,1,0,1,0,0000000,99,99,99,99,99,99,0,0,0,1,1,1911
240281_2011,24,240281,2,2,0,0,0,2,2,25,355,5,11,2011,7,15,54,0,2,3,SR-22,NULL,2,39.54973889,-76.23731389,0,12,2,0,1,1,0,1,1,1,0,1,0,0000000,99,99,99,99,99,99,0,0,0,1,0,1912
240282_2010,24,240282,2,2,NULL,0,NULL,NULL,3,5,0,8,9,2010,4,18,12,0,3,3,SR-146,NULL,87,39.51039722,-76.56221944,0,12,8,0,1,1,0,1,1,1,0,1,0,0000000,18,13,18,17,99,99,0,0,0,1,1,1913
240282_2011,24,240282,3,3,0,0,0,4,4,17,890,23,10,2011,1,1,27,1,2,2,US-301,NULL,124,38.50356944,-76.98533889,0,12,7,0,1,1,0,1,2,1,0,1,0,0000000,99,99,99,99,99,99,0,0,0,1,1,1914
240283_2010,24,240283,2,2,NULL,0,NULL,NULL,5,39,0,30,9,2010,5,19,19,1,2,2,US-13,"CAMP RD",88,38.13254722,-75.69873056,0,12,6,0,2,2,0,1,3,2,0,2,0,0000000,99,99,99,99,99,99,0,0,0,1,1,1915
240283_2011,24,240283,2,1,1,0,0,1,1,27,515,1,10,2011,7,12,45,0,16,4,"BROOKDALE DR",NULL,0,39.178125,-76.76585833,0,14,0,0,1,1,0,7,1,1,0,1,0,0000000,99,99,99,99,99,99,0,0,0,1,0,1916
240284_2010,24,240284,2,2,NULL,0,NULL,NULL,2,33,0,30,9,2010,5,14,49,1,13,2,US-301,"HEATHERMORE BLVD",96,38.77617778,-76.80004444,0,12,1,0,3,8,0,1,1,2,0,2,0,0000000,99,99,99,99,99,99,0,0,0,1,0,1917
240284_2011,24,240284,2,2,0,0,0,2,2,31,1450,4,11,2011,6,1,45,1,11,1,I-495,NULL,104,39.01396944,-77.04647778,0,12,1,0,1,1,1,1,3,1,0,1,0,0000000,99,99,99,99,99,99,0,0,0,1,0,1918
240285_2010,24,240285,2,2,NULL,0,NULL,NULL,2,31,0,18,10,2010,2,4,37,1,11,1,I-495,NULL,56,39.01358056,-77.13144722,0,12,1,0,1,1,0,1,2,1,0,1,0,0000000,99,99,99,99,99,99,0,0,0,1,2,1919
240285_2011,24,240285,2,2,0,0,0,4,4,43,0,15,11,2011,3,17,39,0,4,3,SR-66,NULL,98,39.63833333,-77.59146389,0,12,2,0,1,1,0,1,3,2,0,2,0,0000000,99,99,99,99,99,99,0,0,0,1,0,1920
240286_2010,24,240286,3,1,NULL,0,NULL,NULL,1,13,0,6,10,2010,4,20,36,1,13,3,SR-140,NULL,75,39.56024444,-76.96669444,0,33,0,0,1,1,0,6,3,2,0,2,0,0000000,20,33,20,39,20,54,0,0,0,1,1,1921
240286_2011,24,240286,2,1,1,0,2,1,3,5,0,14,11,2011,2,7,5,0,15,4,CO-4553,NULL,0,39.33110556,-76.44602222,0,14,0,0,1,1,0,7,1,1,0,1,0,0000000,99,99,99,99,99,99,0,0,0,1,0,1922
240287_2010,24,240287,3,3,NULL,0,NULL,NULL,3,21,0,11,10,2010,2,16,6,0,4,2,US-40,NULL,26,39.51672222,-77.5697,0,12,1,0,4,1,0,1,1,1,0,1,0,0000000,99,99,99,99,88,88,0,0,0,1,1,1923
240287_2011,24,240287,1,1,0,0,0,1,1,21,0,23,11,2011,4,20,59,1,11,1,I-270,NULL,49,39.33313889,-77.37511111,0,42,0,0,1,1,0,6,2,1,0,1,0,0000000,99,99,99,99,99,99,0,0,0,1,0,1924
240288_2010,24,240288,4,4,NULL,0,NULL,NULL,4,39,0,27,4,2010,3,11,39,1,2,2,US-12,"MANOKIN AVE",134,38.20373889,-75.69853611,0,12,6,0,2,2,0,1,1,1,0,1,0,0000000,99,99,99,99,99,99,0,0,0,1,0,1925
240288_2011,24,240288,2,2,0,0,0,3,3,43,0,24,11,2011,5,14,39,1,2,2,US-340,"KEEPTRYST RD",18,39.33024444,-77.7029,0,12,6,0,2,2,0,1,1,1,0,1,0,0000000,99,99,99,99,99,99,0,0,0,1,1,1926
240289_2010,24,240289,1,1,NULL,1,NULL,NULL,1,33,1022,4,5,2010,3,20,33,0,14,3,SR-193,NULL,175,38.89758056,-76.79031389,0,8,0,0,1,1,0,1,3,1,0,1,0,0000000,99,99,99,99,88,88,0,0,0,1,0,1927
240289_2011,24,240289,2,2,0,0,0,3,3,25,0,4,12,2011,1,4,57,0,3,3,SR-23,NULL,164,39.67562222,-76.538075,0,12,2,0,1,1,0,1,2,1,0,1,0,0000000,99,99,99,99,99,99,0,0,0,1,1,1928
240290_2010,24,240290,2,2,NULL,0,NULL,NULL,4,33,882,9,5,2010,1,3,30,0,13,3,SR-650,NULL,27,39.00117778,-76.98210278,0,12,1,0,1,1,0,1,3,1,0,1,0,0000000,99,99,99,99,99,99,0,0,0,3,1,1929
240290_2011,24,240290,1,1,0,1,1,1,1,15,1260,3,10,2011,2,19,30,0,3,3,SR-276,NULL,14,39.62453611,-76.08935833,0,15,0,0,1,1,0,1,2,1,0,1,0,0000000,99,99,99,99,88,88,0,0,0,1,0,1930
240291_2010,24,240291,1,1,NULL,1,NULL,NULL,1,33,0,5,6,2010,7,15,53,0,15,4,CO-126,NULL,52,38.79552778,-76.915475,0,8,0,0,1,1,0,1,1,1,0,1,0,0000000,99,99,99,99,99,99,0,0,0,1,0,1931
240291_2011,24,240291,2,2,0,0,0,3,3,15,0,8,10,2011,7,2,25,0,3,3,SR-273,NULL,88,39.70045833,-75.92984444,0,12,1,0,1,1,0,2,3,1,0,1,0,0000000,99,99,99,99,99,99,0,0,0,1,2,1932
240292_2010,24,240292,1,1,NULL,0,NULL,NULL,2,33,0,6,6,2010,1,0,31,0,14,4,CO-232,NULL,9,38.99417222,-76.95980278,0,1,0,0,1,1,0,5,3,1,0,1,0,0000000,99,99,99,99,99,99,0,0,0,1,1,1933
240292_2011,24,240292,1,1,0,0,0,2,2,13,0,8,10,2011,7,10,33,0,3,3,SR-194,NULL,102,39.70974444,-77.126475,0,1,0,0,1,1,0,1,1,1,0,1,0,0000000,99,99,99,99,99,99,0,0,0,1,0,1934
240293_2010,24,240293,1,1,NULL,0,NULL,NULL,2,21,580,5,9,2010,1,2,21,0,15,4,CO-719,NULL,12,39.43824722,-77.43799167,0,30,0,0,1,1,0,6,2,1,0,1,0,0000000,99,99,99,99,99,99,0,0,0,1,1,1935
240293_2011,24,240293,1,1,0,1,1,1,1,17,0,16,10,2011,1,19,53,1,2,2,US-301,NULL,152,38.53361944,-76.98349167,0,8,0,0,1,1,0,1,2,1,0,1,0,0000000,99,99,99,99,99,99,0,0,0,1,0,1936
240294_2010,24,240294,4,4,NULL,0,NULL,NULL,7,33,0,2,11,2010,3,20,10,1,12,3,SR-5,CO-599,31,38.70225833,-76.87640278,0,12,1,0,3,3,0,1,3,1,0,1,0,0000000,99,99,99,99,88,88,0,0,0,1,0,1937
240294_2011,24,240294,2,2,0,0,0,1,1,33,0,18,10,2011,3,22,16,1,11,1,I-495,NULL,199,38.97449444,-76.87068056,0,12,1,0,1,1,0,1,3,1,0,1,0,0000000,99,99,99,99,88,88,0,0,0,1,0,1938
240295_2010,24,240295,1,1,NULL,0,NULL,NULL,1,33,0,3,11,2010,4,4,37,0,13,3,SR-214,NULL,94,38.90071944,-76.73400833,0,42,0,0,1,1,0,6,2,1,0,1,0,0000000,99,99,99,99,88,88,0,0,0,1,0,1939
240295_2011,24,240295,1,1,0,1,1,1,1,17,0,20,10,2011,5,5,23,1,2,2,US-301,NULL,252,38.64819444,-76.88723889,0,8,0,0,1,1,0,1,2,1,0,1,0,0000000,99,99,99,99,99,99,0,0,0,1,0,1940
240296_2010,24,240296,1,1,NULL,1,NULL,NULL,1,33,983,4,11,2010,5,1,56,1,12,3,SR-5,NULL,127,38.82937778,-76.931075,0,8,0,0,1,1,0,1,2,2,0,2,0,0000000,99,99,99,99,99,99,0,0,0,1,0,1941
240296_2011,24,240296,1,1,0,1,1,1,1,15,520,21,10,2011,6,12,56,1,11,1,I-95,NULL,174,39.64044167,-75.80493889,0,8,0,1,5,1,0,1,1,1,0,1,0,0000000,99,99,99,99,99,99,0,0,0,1,0,1942
240297_2010,24,240297,1,1,NULL,0,NULL,NULL,2,5,0,5,12,2010,1,18,37,0,5,4,CO-447,NULL,14,39.47155,-76.7792,0,42,0,0,1,1,0,6,2,1,0,1,0,0000000,18,41,18,46,99,99,0,0,0,1,0,1943
240297_2011,24,240297,2,2,0,0,0,3,3,29,310,28,10,2011,6,8,18,0,3,3,SR-213,NULL,73,39.28852222,-76.015275,0,12,2,0,1,1,0,1,1,1,0,1,0,0000000,99,99,99,99,99,99,0,0,0,1,0,1944
240298_2010,24,240298,3,3,NULL,0,NULL,NULL,3,5,0,7,12,2010,3,14,36,0,13,3,SR-150,CO-4728,46,39.31998889,-76.45514444,0,12,6,0,2,2,0,1,1,1,0,1,0,0000000,14,36,14,39,99,99,0,0,0,1,0,1945
240298_2011,24,240298,2,2,0,2,2,1,1,5,0,30,10,2011,1,5,52,1,11,1,I-70,NULL,46,39.30508333,-76.79593611,0,25,0,0,1,1,0,3,2,3,0,3,0,0000000,99,99,99,99,99,99,19,0,0,1,0,1946
240299_2010,24,240299,4,4,NULL,0,NULL,NULL,4,33,0,2,11,2010,3,15,31,1,2,2,US-301,"BRANDYWINE RD",29,38.699175,-76.86901944,0,12,1,0,3,1,0,1,1,1,0,1,0,0000000,99,99,99,99,99,99,0,0,0,1,0,1947
240299_2011,24,240299,1,1,0,0,0,1,1,5,0,18,10,2011,3,9,41,1,11,1,I-95,NULL,209,39.35827222,-76.48337222,0,25,0,0,1,1,0,3,1,1,0,1,0,0000000,99,99,99,99,99,99,0,0,0,1,0,1948
240300_2010,24,240300,1,1,NULL,1,NULL,NULL,3,37,0,22,10,2010,6,22,28,0,3,3,SR-234,NULL,8,38.39939167,-76.83108333,0,8,0,0,1,1,0,1,2,1,0,1,0,0000000,99,99,99,99,99,99,0,0,0,1,0,1949
240300_2011,24,240300,2,2,0,0,0,2,2,5,0,22,10,2011,7,2,17,1,11,1,I-70,NULL,0,39.30647778,-76.79044444,0,12,1,1,7,1,0,1,2,1,0,1,0,0000000,99,99,99,99,88,88,0,0,0,1,1,1950
240301_2010,24,240301,2,2,NULL,0,NULL,NULL,5,510,50,20,10,2010,4,9,56,1,13,2,US-40,NULL,0,39.29368889,-76.64149444,0,12,1,0,1,1,0,1,1,1,0,1,0,0000000,99,99,99,99,99,99,0,0,0,1,1,1951
240301_2011,24,240301,1,1,0,1,1,1,1,33,450,5,9,2011,2,20,16,0,14,4,"MARLBORO PIKE",NULL,99999,38.85032778,-76.88741389,0,8,0,0,1,1,0,1,2,2,0,2,0,0000000,99,99,99,99,99,99,0,0,0,1,0,1952
240302_2010,24,240302,1,1,NULL,1,NULL,NULL,1,510,50,19,8,2010,5,16,20,0,14,6,"WINDSOR MILL RD","LYNHURST AVE",0,39.31326667,-76.68343333,0,9,0,0,2,2,0,1,1,1,0,1,0,0000000,99,99,99,99,99,99,0,0,0,1,0,1953
240302_2011,24,240302,1,1,0,0,0,4,4,33,235,3,9,2011,7,22,0,0,15,4,CO-122,NULL,32,38.80270833,-76.91786944,0,43,0,0,1,1,0,6,3,1,0,1,0,0000000,99,99,99,99,99,99,0,0,0,1,0,1954
240303_2010,24,240303,2,2,NULL,0,NULL,NULL,4,33,0,20,7,2010,3,10,3,0,14,4,CO-76,NULL,32,38.89637778,-76.85159722,0,12,1,0,4,1,0,1,1,1,0,1,0,0000000,99,99,99,99,99,99,0,0,0,1,0,1955
240303_2011,24,240303,1,1,0,0,0,1,1,33,1520,3,9,2011,7,2,46,0,14,4,CO-81,NULL,22,38.84029167,-76.91463056,0,42,0,0,1,1,0,6,3,1,0,1,0,0000000,99,99,99,99,88,88,0,0,0,1,1,1956
240304_2010,24,240304,1,1,NULL,1,NULL,NULL,1,33,450,11,8,2010,4,21,44,0,14,4,CO-3074,NULL,14,38.86236667,-76.91268611,0,8,0,0,1,1,0,1,1,1,0,1,0,0000000,99,99,99,99,99,99,0,0,0,1,0,1957
240304_2011,24,240304,1,1,0,1,1,1,1,17,0,2,9,2011,6,3,17,0,6,4,CO-180,NULL,14,38.49235833,-77.01651111,0,9,0,0,1,1,0,1,2,1,0,1,0,0000000,99,99,99,99,99,99,0,0,0,1,0,1958
240305_2010,24,240305,4,4,NULL,0,NULL,NULL,10,47,0,1,11,2010,2,16,50,1,2,2,US-113,NULL,209,38.24566389,-75.29565833,0,12,2,0,1,1,0,1,1,1,0,1,0,0000000,99,99,99,99,99,99,0,0,0,4,0,1959
240305_2011,24,240305,1,1,0,0,0,1,1,5,0,21,9,2011,4,14,4,1,11,1,I-695,NULL,65,39.28060278,-76.47887222,0,1,0,0,1,1,0,3,1,1,0,1,0,0000000,99,99,99,99,99,99,0,0,0,1,1,1960
240306_2010,24,240306,1,1,NULL,0,NULL,NULL,3,21,0,18,7,2010,1,2,3,0,16,6,MU-200,NULL,2,39.41081667,-77.41338056,0,19,0,0,1,1,0,5,3,1,0,1,0,0000000,99,99,99,99,99,99,0,0,0,1,1,1961
240306_2011,24,240306,1,1,0,0,0,1,1,13,0,22,9,2011,5,23,57,0,4,4,CO-4,NULL,70,39.67509167,-77.18130278,0,24,0,0,1,1,0,4,2,1,0,1,0,0000000,99,99,99,99,99,99,20,0,0,1,1,1962
240307_2010,24,240307,1,1,NULL,0,NULL,NULL,1,510,50,6,8,2010,6,20,30,0,13,6,"NORTHERN PKWY",NULL,0,39.36210833,-76.63412222,0,1,0,0,1,1,0,1,5,1,0,1,0,0000000,99,99,99,99,99,99,0,0,0,1,0,1963
240307_2011,24,240307,2,2,0,0,0,2,2,1,0,24,9,2011,7,21,8,1,2,2,US-220,NULL,131,39.58895556,-78.8387,0,12,2,0,1,1,0,1,2,1,0,1,0,0000000,99,99,99,99,99,99,0,0,0,1,0,1964
240308_2010,24,240308,2,2,NULL,0,NULL,NULL,2,1,0,9,8,2010,2,15,28,1,2,2,US-220,NULL,128,39.58047222,-78.84724722,0,12,6,0,8,1,0,1,1,1,0,1,0,0000000,15,25,15,36,16,4,0,0,0,1,0,1965
240308_2011,24,240308,2,2,0,0,0,3,3,31,0,25,9,2011,1,4,36,1,13,2,US-29,"TECH RD",63,39.05774722,-76.96843056,0,12,6,0,2,2,0,1,3,1,0,1,0,0000000,99,99,99,99,99,99,0,0,0,1,1,1966
240309_2010,24,240309,1,1,NULL,0,NULL,NULL,1,33,570,17,8,2010,3,23,35,0,14,3,SR-210,NULL,139,38.81249167,-76.99845278,0,41,0,0,1,1,0,3,2,1,0,1,0,0000000,99,99,99,99,99,99,0,0,0,1,0,1967
240309_2011,24,240309,2,2,0,0,0,2,2,31,1360,22,9,2011,5,1,26,1,13,3,SR-355,"EDMONSTON DR",84,39.07450556,-77.13566389,0,12,1,0,3,2,0,1,3,1,0,1,0,0000000,99,99,99,99,99,99,0,0,0,1,1,1968
240310_2010,24,240310,1,1,NULL,0,NULL,NULL,2,5,0,3,9,2010,6,16,28,0,13,8,"1403 MERRITT BLVD",NULL,0,39.271525,-76.50265278,0,33,0,0,1,1,0,5,1,1,0,1,0,0000000,16,32,16,38,17,7,0,0,0,1,0,1969
240310_2011,24,240310,1,1,0,1,1,1,1,31,0,10,9,2011,7,7,25,0,13,3,SR-97,NULL,27,39.03204444,-77.04835,0,8,0,0,1,1,0,1,1,1,0,1,0,0000000,99,99,99,99,99,99,0,0,0,1,0,1970
240311_2010,24,240311,1,1,NULL,0,NULL,NULL,2,33,370,8,8,2010,1,3,53,0,13,3,SR-193,NULL,41,39.00160556,-76.93075556,0,25,0,0,1,1,0,4,2,1,0,1,0,0000000,99,99,99,99,99,99,0,0,0,1,1,1971
240311_2011,24,240311,1,1,0,1,1,1,1,33,170,1,9,2011,5,14,11,0,14,3,SR-450,NULL,0,38.98225556,-76.7283,0,8,0,0,1,1,0,5,1,1,0,1,0,0000000,99,99,99,99,99,99,0,0,0,1,0,1972
240312_2010,24,240312,1,1,NULL,0,NULL,NULL,1,1,0,17,9,2010,6,20,54,0,3,3,SR-51,"BRICE HOLLOW RD",84,39.56818333,-78.707,0,32,0,0,2,3,0,6,2,1,0,1,0,0000000,99,99,99,99,88,88,0,0,0,1,0,1973
240312_2011,24,240312,1,1,0,1,1,1,1,5,0,25,9,2011,1,22,38,0,14,3,SR-151,NULL,63,39.29184444,-76.511875,0,8,0,0,1,1,0,1,3,1,0,1,0,0000000,99,99,99,99,88,88,0,0,0,1,0,1974
240313_2010,24,240313,2,2,NULL,0,NULL,NULL,5,33,450,16,9,2010,5,0,4,0,14,4,CO-3074,NULL,16,38.86006111,-76.90944722,0,12,8,0,1,1,0,1,3,1,0,1,0,0000000,99,99,99,99,99,99,0,0,0,3,0,1975
240313_2011,24,240313,1,1,0,1,1,1,1,37,0,27,9,2011,3,20,56,0,13,3,SR-5,NULL,141,38.22211111,-76.44463333,0,8,0,0,1,1,0,1,2,1,0,1,0,0000000,99,99,99,99,88,88,0,0,0,1,0,1976
240314_2010,24,240314,1,1,NULL,1,NULL,NULL,1,33,0,19,9,2010,1,5,30,0,13,3,SR-202,NULL,70,38.89049722,-76.82421667,0,9,0,0,1,1,0,1,2,1,0,1,0,0000000,99,99,99,99,99,99,0,0,0,1,0,1977
240314_2011,24,240314,2,2,0,0,0,2,2,5,0,30,9,2011,6,10,2,1,13,2,US-1,"SHERADALE RD",231,39.43350278,-76.43446111,0,12,6,0,2,3,0,1,1,1,0,1,0,0000000,99,99,99,99,99,99,0,0,0,1,0,1978
240315_2010,24,240315,1,1,NULL,0,NULL,NULL,1,19,0,21,9,2010,3,13,52,0,4,3,SR-14,NULL,84,38.57575,-75.82901111,0,31,0,0,1,1,0,6,1,1,0,1,0,0000000,99,99,99,99,99,99,0,0,0,1,0,1979
240315_2011,24,240315,2,2,0,0,0,3,3,33,885,25,9,2011,1,17,12,0,14,3,SR-450,I-495,14,38.95880833,-76.86740556,0,12,6,1,2,2,0,1,1,1,0,1,0,0000000,99,99,99,99,99,99,0,0,0,1,0,1980
240316_2010,24,240316,2,2,NULL,0,NULL,NULL,4,25,0,18,9,2010,7,18,7,1,11,1,I-95,NULL,165,39.56341944,-76.12203611,0,12,1,0,1,1,0,1,1,1,0,1,0,0000000,99,99,99,99,88,88,0,0,0,1,1,1981
240316_2011,24,240316,3,3,0,0,0,3,3,33,21,16,9,2011,6,1,30,1,12,3,SR-210,NULL,33,38.67181389,-77.01031944,0,12,7,0,1,1,0,1,3,1,0,1,0,0000000,99,99,99,99,99,99,0,0,0,1,1,1982
240317_2010,24,240317,2,2,NULL,0,NULL,NULL,2,17,0,25,9,2010,7,20,57,1,2,3,SR-5,NULL,132,38.65097222,-76.87304444,0,12,1,0,1,1,0,1,3,1,0,1,0,0000000,20,56,21,1,21,50,0,0,0,1,1,1983
240317_2011,24,240317,2,2,0,0,0,2,2,5,0,30,9,2011,6,7,33,0,5,3,SR-439,NULL,9,39.70316111,-76.63391667,0,12,11,0,1,1,0,1,1,1,0,1,0,0000000,99,99,99,99,99,99,0,0,0,1,1,1984
240318_2010,24,240318,1,1,NULL,0,NULL,NULL,1,5,0,24,9,2010,6,21,19,0,16,8,"GLENN MICHAELS LN",NULL,0,39.35959444,-76.77568056,0,30,0,0,1,1,0,5,1,1,0,1,0,0000000,21,32,21,34,21,43,0,0,0,1,1,1985