st_case_year,STATE,ST_CASE,VE_TOTAL,VE_FORMS,PVH_INVL,PEDS,PERNOTMVIT,PERMVIT,PERSONS,COUNTY,CITY,DAY,MONTH,YEAR,DAY_WEEK,HOUR,MINUTE,NHS,ROAD_FNC,ROUTE,TWAY_ID,TWAY_ID2,MILEPT,LATITUDE,LONGITUD,SP_JUR,HARM_EV,MAN_COLL,RELJCT1,RELJCT2,TYP_INT,WRK_ZONE,REL_ROAD,LGT_COND,WEATHER1,WEATHER2,WEATHER,SCH_BUS,RAIL,NOT_HOUR,NOT_MIN,ARR_HOUR,ARR_MIN,HOSP_HR,HOSP_MN,CF1,CF2,CF3,FATALS,DRUNK_DR,idno
240318_2011,24,240318,2,2,0,0,0,2,2,3,422,7,10,2011,6,6,22,0,3,3,SR-258,NULL,0,38.79291944,-76.57313056,0,12,2,0,1,1,0,2,2,1,0,1,0,0000000,99,99,99,99,99,99,0,0,0,1,0,1986
240319_2010,24,240319,2,2,NULL,1,NULL,NULL,2,9,0,27,9,2010,2,19,44,1,2,3,SR-2,"FOX RUN BLVD",197,38.55299722,-76.59444722,0,8,0,0,2,2,0,1,3,2,0,2,0,0000000,99,99,99,99,99,99,0,0,0,1,0,1987
240319_2011,24,240319,1,1,0,1,1,1,1,3,0,7,10,2011,6,19,27,0,6,4,CO-5461,NULL,0,39.09019444,-76.62389167,0,9,0,0,1,1,0,1,2,1,0,1,0,0000000,99,99,99,99,99,99,0,0,0,1,0,1988
240320_2010,24,240320,2,2,NULL,1,NULL,NULL,2,13,0,30,9,2010,5,21,28,1,13,3,SR-140,NULL,82,39.56791111,-76.97923889,0,8,0,0,1,1,0,1,2,2,0,2,0,0000000,99,99,99,99,99,99,0,0,0,1,0,1989
240320_2011,24,240320,2,2,0,0,0,2,2,25,0,8,10,2011,7,20,31,0,4,3,SR-543,SR-7,14,39.48115556,-76.24965278,0,12,6,0,2,2,0,1,3,1,0,1,0,0000000,99,99,99,99,99,99,0,0,0,1,1,1990
240321_2010,24,240321,1,1,NULL,0,NULL,NULL,1,9,0,1,10,2010,6,15,16,0,15,3,SR-497,NULL,26,38.37831944,-76.39215556,0,42,0,0,1,1,0,6,1,1,0,1,0,0000000,15,28,15,35,16,14,0,0,0,1,0,1991
240321_2011,24,240321,2,2,0,0,0,2,2,15,0,11,10,2011,3,0,47,1,11,1,I-95,NULL,152,39.64690833,-75.84721667,0,12,1,0,1,1,0,1,2,1,0,1,0,0000000,99,99,99,99,88,88,0,0,0,1,1,1992
240322_2010,24,240322,1,1,NULL,0,NULL,NULL,1,37,0,3,10,2010,1,0,31,0,5,3,SR-6,NULL,33,38.467325,-76.73593056,0,42,0,0,1,1,0,6,2,1,0,1,0,0000000,0,31,0,39,1,32,0,0,0,1,1,1993
240322_2011,24,240322,1,1,0,0,0,4,4,33,21,7,10,2011,6,23,25,0,6,4,CO-226,NULL,26,38.67450833,-76.94720278,0,30,0,0,1,1,0,4,2,1,0,1,0,0000000,99,99,99,99,99,99,0,0,0,1,1,1994
240323_2010,24,240323,1,1,NULL,0,NULL,NULL,3,1,0,12,9,2010,1,17,54,1,11,1,I-68,NULL,221,39.710025,-78.60357222,0,24,0,0,1,1,0,4,1,1,0,1,0,0000000,17,53,18,14,18,40,0,0,0,1,0,1995
240323_2011,24,240323,1,1,0,0,0,1,1,21,580,9,10,2011,1,19,23,0,6,4,CO-1618,NULL,0,39.46561389,-77.43879722,0,1,0,0,1,1,0,6,2,1,0,1,0,0000000,99,99,99,99,99,99,0,0,0,1,1,1996
240324_2010,24,240324,1,1,NULL,0,NULL,NULL,1,35,0,13,9,2010,2,0,25,0,6,4,CO-158,NULL,22,38.93173889,-76.13113333,0,42,0,0,1,1,0,6,2,1,0,1,0,0000000,99,99,99,99,88,88,0,0,0,1,1,1997
240324_2011,24,240324,1,1,0,0,0,1,1,43,0,13,10,2011,5,4,57,0,13,2,US-11,NULL,28,39.61323889,-77.78099444,0,34,0,0,1,1,0,4,2,1,0,1,0,0000000,99,99,99,99,88,88,0,0,0,1,0,1998
240325_2010,24,240325,1,1,NULL,0,NULL,NULL,1,11,0,5,9,2010,1,8,25,0,6,4,CO-208,NULL,22,38.71759444,-75.83295833,0,1,0,0,1,1,0,6,2,1,0,1,0,0000000,99,99,99,99,99,99,0,0,0,1,0,1999
240325_2011,24,240325,1,1,0,0,0,3,3,3,0,2,10,2011,1,19,15,0,15,8,"WATERFORD RD",NULL,0,39.135575,-76.56368611,0,42,0,0,1,1,0,6,3,1,0,1,0,0000000,99,99,99,99,99,99,0,0,0,1,0,2000
240326_2010,24,240326,2,2,NULL,0,NULL,NULL,2,15,0,4,9,2010,7,7,2,0,4,2,US-40,CO-167,91,39.6123,-75.93226389,0,12,6,0,2,2,0,1,1,1,0,1,0,0000000,99,99,99,99,99,99,0,0,0,1,0,2001
240326_2011,24,240326,1,1,0,1,1,1,1,33,100,11,10,2011,3,23,19,0,15,4,CO-19,NULL,0,39.02904722,-76.916475,0,8,0,0,1,1,0,1,3,1,0,1,0,0000000,99,99,99,99,99,99,0,0,0,1,1,2002
240327_2010,24,240327,2,2,NULL,0,NULL,NULL,2,5,0,27,9,2010,2,11,45,0,4,4,CO-722,NULL,55,39.44010278,-76.71298056,0,53,0,0,1,1,0,6,1,2,0,2,0,0000000,11,57,12,8,99,99,0,0,0,1,0,2003
240327_2011,24,240327,1,1,0,0,0,1,1,9,0,15,10,2011,7,7,45,1,2,3,SR-4,NULL,357,38.755725,-76.65763611,0,42,0,0,1,1,0,6,1,1,0,1,0,0000000,99,99,99,99,88,88,0,0,0,1,0,2004
240328_2010,24,240328,1,1,NULL,1,NULL,NULL,2,510,50,25,7,2010,1,22,47,0,13,6,"ENSOR ST","MADISON ST",0,39.29893889,-76.60380278,0,8,0,0,3,2,0,1,3,1,0,1,0,0000000,99,99,99,99,99,99,0,0,0,1,0,2005
240328_2011,24,240328,1,1,0,1,1,3,3,37,0,15,10,2011,7,19,59,0,13,3,SR-246,NULL,14,38.25416667,-76.48099444,0,8,0,0,1,1,0,1,2,1,0,1,0,0000000,99,99,99,99,99,99,0,0,0,1,0,2006
240329_2010,24,240329,1,1,NULL,1,NULL,NULL,1,33,240,14,9,2010,3,6,21,0,16,4,"GARRETT MORGAN BLVD",NULL,0,38.89008889,-76.86285,0,8,0,0,1,1,0,1,3,1,0,1,0,0000000,99,99,99,99,99,99,0,0,0,1,0,2007
240329_2011,24,240329,1,1,0,0,0,5,5,5,0,8,10,2011,7,22,10,0,16,4,CO-4155,NULL,0,39.37103611,-76.39991389,0,42,0,0,1,1,0,6,2,1,0,1,0,0000000,99,99,99,99,0,0,0,0,0,1,1,2008
240330_2010,24,240330,1,1,NULL,1,NULL,NULL,3,3,0,1,10,2010,6,22,53,0,13,3,SR-173,NULL,59,39.16859167,-76.53157778,0,8,0,0,1,1,0,1,2,1,0,1,0,0000000,99,99,99,99,99,99,0,0,0,1,1,2009
240330_2011,24,240330,1,1,0,1,1,1,1,5,0,19,10,2011,4,23,8,0,13,3,SR-150,NULL,26,39.30326111,-76.48635833,0,8,0,0,1,1,0,1,3,2,0,2,0,0000000,99,99,99,99,99,99,0,0,0,1,0,2010
240331_2010,24,240331,2,2,NULL,0,NULL,NULL,2,31,0,6,9,2010,2,13,25,0,13,3,SR-198,"DINO DR",40,39.109125,-76.92309444,0,12,6,0,2,3,0,1,1,1,0,1,0,0000000,99,99,99,99,99,99,0,0,0,1,0,2011
240331_2011,24,240331,1,1,0,0,0,1,1,1,1070,10,10,2011,2,2,17,0,4,3,SR-47,NULL,9,39.70119444,-78.84277778,0,24,0,0,1,1,0,4,2,1,0,1,0,0000000,99,99,99,99,99,99,0,0,0,1,0,2012
240332_2010,24,240332,1,1,NULL,1,NULL,NULL,1,31,0,25,9,2010,7,20,12,0,14,4,CO-725,NULL,4,38.99871667,-76.99122222,0,8,0,0,1,1,0,1,3,1,0,1,0,0000000,99,99,99,99,99,99,0,0,0,1,0,2013
240332_2011,24,240332,1,1,0,0,0,1,1,47,0,26,10,2011,4,23,52,0,6,4,CO-58,"CEDAR HALL RD",10,38.01960833,-75.60992778,0,59,0,0,3,3,0,6,3,1,0,1,0,0000000,99,99,99,99,88,88,0,0,0,1,1,2014
240333_2010,24,240333,1,1,NULL,1,NULL,NULL,2,31,0,7,10,2010,5,19,43,0,13,3,SR-335,NULL,84,39.07309444,-77.13405556,0,8,0,0,1,1,0,1,2,1,0,1,0,0000000,99,99,99,99,99,99,0,0,0,1,0,2015
240333_2011,24,240333,1,1,0,1,1,1,1,5,0,21,10,2011,6,21,8,0,16,4,CO-3255,NULL,3,39.23710556,-76.65270833,0,8,0,0,1,1,0,1,3,1,0,1,0,0000000,99,99,99,99,99,99,0,0,0,1,1,2016
240334_2010,24,240334,1,1,NULL,1,NULL,NULL,1,11,0,8,10,2010,6,5,53,0,3,3,SR-313,NULL,47,38.71498333,-75.78819722,0,8,0,0,1,1,0,1,2,1,0,1,0,0000000,99,99,99,99,88,88,0,0,0,1,0,2017
240334_2011,24,240334,2,2,0,0,0,7,7,5,0,13,10,2011,5,6,58,0,13,2,US-40,NULL,234,39.39696667,-76.40647222,0,12,1,0,1,1,0,1,3,5,0,5,0,0000000,99,99,99,99,99,99,0,0,0,1,1,2018
240335_2010,24,240335,2,2,NULL,0,NULL,NULL,2,27,0,8,10,2010,6,23,14,1,11,1,I-70,NULL,38,39.34510833,-77.07865,0,12,1,0,1,1,0,1,2,1,0,1,0,0000000,99,99,99,99,88,88,23,0,0,1,1,2019
240335_2011,24,240335,1,1,0,0,0,2,2,45,0,31,10,2011,2,13,40,1,2,2,US-50,NULL,213,38.37317778,-75.52279167,0,42,0,0,1,1,0,3,1,1,0,1,0,0000000,99,99,99,99,99,99,0,0,0,1,0,2020
240336_2010,24,240336,1,1,NULL,0,NULL,NULL,1,33,900,9,10,2010,7,3,22,0,15,4,CO-1,NULL,8,39.10658611,-76.89388889,0,40,0,0,1,1,0,6,3,1,0,1,0,0000000,99,99,99,99,88,88,0,0,0,1,1,2021
240336_2011,24,240336,4,4,0,0,0,4,4,510,50,28,10,2011,6,6,12,0,14,3,SR-139,"E. NORTHERN PKWY",0,39.36207222,-76.62512222,0,12,2,0,2,2,0,1,1,1,0,1,0,0000000,99,99,99,99,99,99,0,0,0,1,0,2022
240337_2010,24,240337,2,2,NULL,0,NULL,NULL,2,5,0,11,10,2010,2,21,5,0,14,3,SR-588,NULL,7,39.34099444,-76.50521667,0,12,2,0,8,1,0,1,3,1,0,1,0,0000000,21,5,21,9,99,99,0,0,0,1,0,2023
240337_2011,24,240337,1,1,0,0,0,1,1,5,0,15,11,2011,3,6,6,1,11,1,I-695,NULL,114,39.37568056,-76.74643333,0,24,0,1,5,1,0,4,4,1,0,1,0,0000000,99,99,99,99,88,88,0,0,0,1,0,2024
240338_2010,24,240338,1,1,NULL,1,NULL,NULL,1,5,0,27,9,2010,2,20,20,0,13,4,CO-2000,NULL,37,39.32045556,-76.75821389,0,8,0,0,1,1,0,1,3,1,0,1,0,0000000,20,20,20,25,99,99,0,0,0,1,0,2025
240338_2011,24,240338,1,1,0,1,1,1,1,17,0,12,11,2011,7,11,8,0,16,4,CO-532,NULL,3,38.64755,-76.89736389,0,8,0,0,1,1,0,5,1,1,0,1,0,0000000,99,99,99,99,99,99,0,0,0,1,1,2026
240339_2010,24,240339,1,1,NULL,2,NULL,NULL,2,31,0,10,10,2010,1,3,0,0,13,3,SR-355,CO-4122,61,39.04711944,-77.11276944,0,8,0,0,2,2,0,1,3,1,0,1,0,0000000,99,99,99,99,99,99,0,0,0,2,1,2027
240339_2011,24,240339,1,1,0,0,0,2,2,23,0,8,11,2011,3,13,5,1,2,2,US-219,NULL,319,39.64129444,-79.31155833,0,11,0,0,1,1,0,1,1,1,0,1,0,0000000,99,99,99,99,99,99,0,0,0,1,0,2028
240340_2010,24,240340,1,1,NULL,1,NULL,NULL,1,3,0,13,10,2010,4,6,26,0,14,3,SR-173,"KEMBO RD",0,39.19098889,-76.55419444,0,8,0,0,3,3,0,1,3,1,0,1,0,0000000,99,99,99,99,88,88,0,0,0,1,0,2029
240340_2011,24,240340,2,2,0,0,0,3,3,1,0,10,11,2011,5,16,52,0,4,3,SR-51,"MESSICK RD",28,39.62655,-78.736375,0,12,2,0,2,2,0,1,5,1,0,1,0,0000000,99,99,99,99,99,99,0,0,0,1,0,2030
240341_2010,24,240341,1,1,NULL,0,NULL,NULL,1,33,370,10,10,2010,1,10,49,0,13,2,US-1,NULL,57,39.00719722,-76.92966111,0,33,0,0,1,1,0,4,1,1,0,1,0,0000000,99,99,99,99,99,99,0,0,0,1,0,2031
240341_2011,24,240341,2,2,0,0,0,2,2,33,0,23,2,2011,4,14,40,0,4,3,SR-382,NULL,99,38.72710556,-76.75284444,0,12,2,0,1,1,0,1,1,1,0,1,0,0000000,99,99,99,99,99,99,0,0,0,1,0,2032
240342_2010,24,240342,1,1,NULL,1,NULL,NULL,1,23,0,7,9,2010,3,5,55,0,5,4,CO-216,NULL,2,39.67185,-79.11211944,0,8,0,0,1,1,0,1,2,1,0,1,0,0000000,99,99,99,99,88,88,0,0,0,1,0,2033
240342_2011,24,240342,1,1,0,0,0,4,4,510,50,19,5,2011,5,20,44,0,13,2,US-1,NULL,0,39.31335833,-76.58318611,0,42,0,0,1,1,0,5,3,2,0,2,0,0000000,99,99,99,99,99,99,0,0,0,1,1,2034
240343_2010,24,240343,1,1,NULL,0,NULL,NULL,1,23,0,5,9,2010,1,1,5,0,4,3,SR-560,NULL,1,39.386225,-79.34313333,0,35,0,0,1,1,0,6,2,1,0,1,0,0000000,1,20,1,30,1,56,0,0,0,1,1,2035
240343_2011,24,240343,1,1,0,2,2,2,2,510,50,13,6,2011,2,23,40,0,13,6,"DR MLK BLVD","PRATT ST",0,39.28598889,-76.627725,0,8,0,0,2,2,0,1,3,1,0,1,0,0000000,99,99,99,99,99,99,0,0,0,2,1,2036
240344_2010,24,240344,2,2,NULL,0,NULL,NULL,5,3,0,15,9,2010,4,20,33,1,12,3,SR-295,NULL,103,39.18403611,-76.71847222,0,12,2,0,1,1,0,1,2,1,0,1,0,0000000,99,99,99,99,99,99,0,0,0,1,0,2037
240344_2011,24,240344,1,1,0,0,0,1,1,3,0,23,7,2011,7,2,54,0,5,3,SR-468,NULL,0,38.83733889,-76.51508333,0,30,0,0,1,1,0,6,3,1,0,1,0,0000000,99,99,99,99,99,99,0,0,0,1,0,2038
240345_2010,24,240345,2,2,NULL,0,NULL,NULL,2,33,900,17,9,2010,6,13,59,0,13,3,SR-198,"BUSINESS ENTRANCE",41,39.09569722,-76.8384,0,12,6,0,2,2,0,1,1,1,0,1,0,0000000,99,99,99,99,99,99,0,0,0,1,0,2039
240345_2011,24,240345,3,3,0,0,0,5,5,45,1380,2,9,2011,6,9,16,1,13,2,US-50,"BEAGLIN PARK DR",52,38.3676,-75.56611667,0,12,6,0,2,2,0,1,1,1,0,1,0,0000000,99,99,99,99,99,99,0,0,0,1,0,2040
240346_2010,24,240346,1,1,NULL,0,NULL,NULL,1,33,1520,9,9,2010,5,6,40,0,16,4,CO-218,NULL,2,38.85528333,-76.93970278,0,33,0,0,1,1,0,4,4,1,0,1,0,0000000,99,99,99,99,99,99,0,0,0,1,1,2041
240346_2011,24,240346,1,1,0,1,1,4,4,5,0,16,9,2011,6,20,8,0,13,3,SR-151,NULL,63,39.29133056,-76.51003611,0,8,0,0,1,1,0,1,3,1,0,1,0,0000000,99,99,99,99,99,99,0,0,0,1,0,2042
240347_2010,24,240347,1,1,NULL,0,NULL,NULL,2,11,0,2,10,2010,7,2,21,0,6,4,CO-18,NULL,51,39.06935556,-75.75719167,0,35,0,0,1,1,0,4,2,1,0,1,0,0000000,2,37,2,58,3,52,0,0,0,1,1,2043
240347_2011,24,240347,1,1,0,0,0,5,5,5,0,25,9,2011,1,4,35,0,5,4,CO-99,"VERNON RD",9,39.64153889,-76.60074167,0,35,0,0,3,3,0,6,2,5,0,5,0,0000000,99,99,99,99,99,99,0,0,0,2,1,2044
240348_2010,24,240348,1,1,NULL,1,NULL,NULL,1,510,50,12,10,2010,3,11,39,0,15,6,"SHANNON DR","SINCLAIR LN",0,39.31753333,-76.55571667,0,8,0,0,3,2,0,1,1,1,0,1,0,0000000,99,99,99,99,99,99,0,0,0,1,0,2045
240348_2011,24,240348,2,2,0,0,0,5,5,5,0,2,10,2011,1,13,6,0,13,3,SR-26,NULL,99,39.33943611,-76.71905556,0,12,1,0,1,1,0,1,1,1,0,1,0,0000000,99,99,99,99,99,99,0,0,0,1,1,2046
240349_2010,24,240349,1,1,NULL,0,NULL,NULL,2,5,0,17,10,2010,1,2,18,0,14,3,SR-122,NULL,12,39.31192222,-76.72259444,0,33,0,0,1,1,0,4,2,1,0,1,0,0000000,2,19,2,23,99,99,0,0,0,1,1,2047
240349_2011,24,240349,1,1,0,3,3,1,1,37,0,1,10,2011,7,19,41,1,2,3,SR-5,"MT WOLF RD",440,38.50058889,-76.77480278,0,49,0,0,2,2,0,1,3,1,0,1,0,0000000,99,99,99,99,99,99,0,0,0,1,0,2048
240350_2010,24,240350,2,2,NULL,1,NULL,NULL,3,31,0,11,10,2010,2,23,52,1,11,1,I-270,NULL,114,39.14636944,-77.21483333,0,8,0,0,1,1,0,1,2,1,0,1,0,0000000,99,99,99,99,88,88,0,0,0,1,0,2049
240350_2011,24,240350,1,1,0,0,0,1,1,3,0,12,10,2011,4,7,37,0,14,3,SR-177,NULL,2,39.11350278,-76.50114167,0,19,0,0,1,1,0,5,1,2,0,2,0,0000000,99,99,99,99,99,99,0,0,0,1,0,2050
240351_2010,24,240351,1,1,NULL,2,NULL,NULL,1,17,0,21,10,2010,5,13,30,0,13,3,SR-228,NULL,1,38.65253889,-76.99255278,0,8,0,0,1,1,4,3,1,1,0,1,0,0000000,13,29,13,34,14,33,0,0,0,2,0,2051
240351_2011,24,240351,2,2,0,0,0,2,2,33,335,9,10,2011,1,21,21,0,14,3,SR-501,NULL,10,38.95396944,-76.977275,0,12,1,0,1,1,0,1,3,1,0,1,0,0000000,99,99,99,99,88,88,0,0,0,1,1,2052
240352_2010,24,240352,2,2,NULL,0,NULL,NULL,2,35,0,24,10,2010,1,2,44,0,3,3,SR-213,NULL,5,39.17891389,-76.00092778,0,12,2,0,1,1,0,1,2,1,0,1,0,0000000,99,99,99,99,99,99,0,0,0,1,2,2053
240352_2011,24,240352,2,2,0,0,0,4,4,33,0,18,9,2011,1,3,26,0,13,3,SR-193,NULL,65,38.99578333,-76.88702778,0,12,7,0,1,1,0,1,3,1,0,1,0,0000000,99,99,99,99,99,99,0,0,0,1,1,2054
240353_2010,24,240353,1,1,NULL,0,NULL,NULL,1,5,0,15,10,2010,6,22,4,0,13,3,SR-139,NULL,11,39.41457778,-76.62999167,0,24,0,0,1,1,0,6,2,1,0,1,0,0000000,22,7,22,15,22,47,0,0,0,1,0,2055
240353_2011,24,240353,1,1,0,1,1,3,3,47,0,1,11,2011,3,2,53,0,3,3,SR-611,NULL,77,38.33083611,-75.11636944,0,8,0,0,1,1,0,1,2,2,0,2,0,0000000,99,99,99,99,99,99,0,0,0,1,1,2056
240354_2010,24,240354,1,1,NULL,1,NULL,NULL,1,33,240,10,10,2010,1,21,35,0,13,3,SR-214,NULL,24,38.88929722,-76.86891389,0,8,0,0,1,1,0,1,3,1,0,1,0,0000000,99,99,99,99,99,99,0,0,0,1,0,2057
240354_2011,24,240354,3,3,0,1,1,3,3,31,0,9,12,2011,6,6,50,0,15,4,CO-4463,"LAWRENCE RD",0,39.03486111,-77.07255,0,8,0,0,2,2,0,1,2,1,0,1,0,0000000,99,99,99,99,88,88,0,0,0,1,0,2058
240355_2010,24,240355,1,1,NULL,0,NULL,NULL,1,11,0,15,10,2010,6,18,1,0,5,3,SR-314,NULL,49,38.95920833,-75.75313611,0,42,0,0,1,1,0,6,1,1,0,1,0,0000000,99,99,99,99,88,88,0,0,0,1,1,2059
240355_2011,24,240355,2,2,0,0,0,3,3,33,0,2,11,2011,4,22,58,1,11,1,I-595,NULL,66,38.950475,-76.75183889,0,12,1,0,1,1,0,1,2,1,0,1,0,0000000,99,99,99,99,99,99,0,0,0,1,0,2060
240356_2010,24,240356,1,1,NULL,0,NULL,NULL,5,510,50,24,10,2010,1,0,54,0,14,6,"GWYNN FALLS",NULL,0,39.31545278,-76.65906389,0,33,0,0,1,1,0,3,2,1,0,1,0,0000000,99,99,99,99,99,99,0,0,0,1,0,2061
240356_2011,24,240356,2,2,0,0,0,4,4,47,1230,8,11,2011,3,15,15,1,2,2,US-13,"WINTER QUARTERS RD",58,38.07876667,-75.56397778,0,12,6,0,2,2,0,1,1,1,0,1,0,0000000,99,99,99,99,99,99,0,0,0,1,0,2062
240357_2010,24,240357,2,2,NULL,0,NULL,NULL,3,510,50,17,10,2010,1,2,2,0,13,3,SR-147,"WOODHOME AVE",0,39.36651944,-76.5493,0,12,2,0,2,3,0,1,3,1,0,1,0,0000000,99,99,99,99,99,99,0,0,0,1,0,2063
240357_2011,24,240357,1,1,0,1,1,1,1,33,0,13,11,2011,1,0,39,1,13,3,SR-3,NULL,22,38.98515833,-76.70928611,0,8,0,0,1,1,0,1,3,1,0,1,0,0000000,99,99,99,99,88,88,0,0,0,1,0,2064
240358_2010,24,240358,2,1,NULL,3,NULL,NULL,1,3,0,27,9,2010,2,13,0,1,12,2,US-50,NULL,147,39.02663889,-76.44330556,0,14,0,0,1,1,0,2,1,1,0,1,0,0000000,99,99,99,99,99,99,0,0,0,1,0,2065
240358_2011,24,240358,1,1,0,1,1,1,1,33,0,14,11,2011,2,19,22,1,12,3,SR-5,NULL,30,38.70043889,-76.87560833,0,8,0,0,1,1,0,2,2,1,0,1,0,0000000,99,99,99,99,99,99,0,0,0,1,1,2066
240359_2010,24,240359,1,1,NULL,1,NULL,NULL,0,5,0,1,9,2010,4,16,53,0,14,4,CO-3353,NULL,4,39.39997222,-76.57899722,0,8,0,0,1,1,0,6,1,1,0,1,0,0000000,16,53,16,58,17,30,17,0,0,1,0,2067
240359_2011,24,240359,1,1,0,1,1,1,1,3,0,25,9,2011,1,3,29,0,14,4,CO-273,NULL,0,39.16245,-76.60390833,0,8,0,0,1,1,0,1,2,2,0,2,0,0000000,99,99,99,99,88,88,0,0,0,1,1,2068
240360_2010,24,240360,2,2,NULL,0,NULL,NULL,3,3,0,11,9,2010,7,23,40,0,14,4,CO-1546,NULL,28,39.16547222,-76.56131667,0,12,1,0,1,1,0,1,2,1,0,1,0,0000000,99,99,99,99,99,99,19,0,0,1,1,2069
240360_2011,24,240360,2,2,0,0,0,2,2,27,0,26,9,2011,2,0,10,1,11,1,I-70,NULL,135,39.30679722,-76.93035,0,12,1,0,1,1,0,1,2,1,0,1,0,0000000,99,99,99,99,88,88,0,0,0,1,1,2070
240361_2010,24,240361,1,1,NULL,0,NULL,NULL,4,3,0,18,10,2010,2,17,41,0,5,4,CO-2715,NULL,0,38.95253333,-76.67650278,0,30,0,0,1,1,0,4,1,1,0,1,0,0000000,99,99,99,99,99,99,0,0,0,1,0,2071
240361_2011,24,240361,2,2,0,0,0,3,3,15,0,21,11,2011,2,14,56,0,3,3,SR-213,"WILLIAMS RD",157,39.56579167,-75.81076944,0,12,6,0,2,2,0,1,1,1,0,1,0,0000000,99,99,99,99,99,99,0,0,0,1,0,2072
240362_2010,24,240362,1,1,NULL,0,NULL,NULL,1,510,50,25,7,2010,1,22,0,0,14,6,"MONROE ST",NULL,0,39.27724722,-76.64476667,0,33,0,0,1,1,0,4,3,1,0,1,0,0000000,99,99,99,99,99,99,0,0,0,1,0,2073
240362_2011,24,240362,2,2,0,0,0,2,2,41,0,18,11,2011,6,6,5,0,13,3,SR-322,"GLEBE RD",38,38.7879,-76.07758333,0,12,6,0,2,2,0,1,1,1,0,1,0,0000000,99,99,99,99,99,99,0,0,0,1,0,2074
240363_2010,24,240363,1,1,NULL,0,NULL,NULL,2,510,50,4,8,2010,4,9,1,1,11,1,I-95,NULL,64,39.264425,-76.59002778,0,20,0,0,1,1,0,4,1,1,0,1,0,0000000,99,99,99,99,99,99,0,0,0,1,0,2075
240363_2011,24,240363,2,2,0,0,0,2,2,19,0,18,11,2011,6,15,45,0,5,4,CO-296,"WILLIAMSBURG RD",62,38.65839722,-75.82898889,0,12,2,0,2,3,0,1,1,1,0,1,0,0000000,99,99,99,99,99,99,0,0,0,1,0,2076
240364_2010,24,240364,1,1,NULL,1,NULL,NULL,0,43,0,21,9,2010,3,21,45,0,6,4,CO-74,NULL,2,39.71643056,-77.89911667,0,8,0,0,1,1,0,4,2,1,0,1,0,0000000,99,99,99,99,99,99,0,0,0,1,0,2077
240364_2011,24,240364,1,1,0,0,0,5,5,27,0,25,11,2011,6,20,5,0,16,4,"LAWYERS HILL RD",NULL,9,39.21871944,-76.72366111,0,42,0,0,1,1,0,6,2,1,0,1,0,0000000,99,99,99,99,99,99,0,0,0,2,0,2078
240365_2010,24,240365,2,2,NULL,0,NULL,NULL,4,25,0,2,9,2010,5,17,1,0,3,3,SR-136,NULL,103,39.61878056,-76.25747778,0,1,0,0,1,1,0,1,1,1,0,1,0,0000000,17,1,17,15,17,51,0,0,0,1,0,2079
240365_2011,24,240365,3,3,0,0,0,3,3,33,900,13,11,2011,1,15,4,0,13,3,SR-197,NULL,127,39.06996111,-76.84266944,0,12,1,0,1,1,0,1,1,1,0,1,0,0000000,99,99,99,99,99,99,0,0,0,1,1,2080
240366_2010,24,240366,1,1,NULL,1,NULL,NULL,1,25,0,17,9,2010,6,21,44,0,13,3,SR-24,CO-224,118,39.55805833,-76.37047222,0,8,0,0,3,2,0,1,3,1,0,1,0,0000000,99,99,99,99,99,99,0,0,0,1,0,2081
240366_2011,24,240366,3,3,0,0,0,5,5,21,0,19,11,2011,7,14,52,0,13,3,SR-194,NULL,22,39.48090278,-77.34873889,0,12,6,0,1,1,0,1,1,1,0,1,0,0000000,99,99,99,99,99,99,0,0,0,1,1,2082
240367_2010,24,240367,1,1,NULL,0,NULL,NULL,1,47,0,10,11,2010,4,1,36,0,15,4,CO-583,NULL,0,38.37868056,-75.13271944,0,53,0,0,1,1,0,6,2,1,0,1,0,0000000,99,99,99,99,88,88,0,0,0,1,1,2083
240367_2011,24,240367,1,1,0,0,0,1,1,33,0,21,11,2011,2,1,40,1,12,3,SR-5,NULL,90,38.78285,-76.89423611,0,25,0,0,1,1,0,6,3,2,1,2,0,0000000,99,99,99,99,99,99,0,0,0,1,0,2084
240368_2010,24,240368,2,2,NULL,0,NULL,NULL,2,31,0,14,11,2010,1,1,45,0,14,4,CO-537,NULL,2,38.99716667,-77.091225,0,12,6,0,1,1,0,1,3,1,0,1,0,0000000,99,99,99,99,99,99,0,0,0,1,1,2085
240368_2011,24,240368,2,2,0,0,0,2,2,3,0,22,11,2011,3,11,11,0,14,3,SR-3,"MADISON PK DR",0,39.14833611,-76.63163333,0,12,6,0,2,2,0,1,1,2,0,2,0,0000000,99,99,99,99,99,99,0,0,0,1,1,2086
240369_2010,24,240369,1,1,NULL,0,NULL,NULL,1,5,0,14,11,2010,1,20,26,0,4,4,CO-23,NULL,42,39.64194722,-76.77963333,0,43,0,0,1,1,0,6,2,1,0,1,0,0000000,99,99,99,99,88,88,0,0,0,1,0,2087
240369_2011,24,240369,1,1,0,0,0,1,1,41,0,29,11,2011,3,13,48,0,3,3,SR-333,NULL,57,38.69739444,-76.10090278,0,42,0,0,1,1,0,6,1,2,0,2,0,0000000,99,99,99,99,88,88,0,0,0,1,0,2088