st_case_year,STATE,ST_CASE,VE_TOTAL,VE_FORMS,PVH_INVL,PEDS,PERNOTMVIT,PERMVIT,PERSONS,COUNTY,CITY,DAY,MONTH,YEAR,DAY_WEEK,HOUR,MINUTE,NHS,ROAD_FNC,ROUTE,TWAY_ID,TWAY_ID2,MILEPT,LATITUDE,LONGITUD,SP_JUR,HARM_EV,MAN_COLL,RELJCT1,RELJCT2,TYP_INT,WRK_ZONE,REL_ROAD,LGT_COND,WEATHER1,WEATHER2,WEATHER,SCH_BUS,RAIL,NOT_HOUR,NOT_MIN,ARR_HOUR,ARR_MIN,HOSP_HR,HOSP_MN,CF1,CF2,CF3,FATALS,DRUNK_DR,idno
240370_2010,24,240370,1,1,NULL,0,NULL,NULL,3,47,0,26,11,2010,6,14,16,1,2,2,US-13,NULL,2120,38.02923056,-75.54207778,0,32,0,0,1,1,0,4,1,1,0,1,0,0000000,99,99,99,99,99,99,0,0,0,1,0,2089
240370_2011,24,240370,1,1,0,0,0,2,2,5,0,29,11,2011,3,23,36,0,16,4,"SYNDER AVE","N. SYNDER AVE",0,39.23536389,-76.455575,0,43,0,0,3,3,0,4,3,1,0,1,0,0000000,99,99,99,99,99,99,0,0,0,1,1,2090
240371_2010,24,240371,3,3,NULL,0,NULL,NULL,3,33,0,6,11,2010,7,5,54,1,11,1,I-95,NULL,17,38.98830278,-76.88318333,0,12,1,0,1,1,0,1,3,1,0,1,0,0000000,99,99,99,99,99,99,0,0,0,1,0,2091
240371_2011,24,240371,1,1,0,1,1,1,1,5,0,25,11,2011,6,19,5,0,14,3,SR-150,NULL,10,39.29495278,-76.51186389,0,8,0,0,1,1,0,1,3,1,0,1,0,0000000,99,99,99,99,99,99,0,0,0,1,0,2092
240372_2010,24,240372,1,1,NULL,1,NULL,NULL,2,3,0,2,11,2010,3,22,2,1,11,1,I-695,NULL,20,39.21928889,-76.65899167,0,8,0,0,1,1,0,1,1,1,0,1,0,0000000,99,99,99,99,99,99,0,0,0,1,0,2093
240372_2011,24,240372,3,3,0,0,0,3,3,3,0,28,11,2011,2,19,14,1,12,3,SR-100,NULL,2,39.15335833,-76.63949167,0,12,9,0,1,1,0,1,3,1,0,1,0,0000000,99,99,99,99,99,99,0,0,0,1,0,2094
240373_2010,24,240373,1,1,NULL,0,NULL,NULL,1,21,0,7,11,2010,1,14,19,0,3,2,US-40A,NULL,42,39.44892778,-77.56010833,0,33,0,0,1,1,0,4,1,1,0,1,0,0000000,99,99,99,99,99,99,0,0,0,1,1,2095
240373_2011,24,240373,2,2,0,0,0,2,2,3,0,29,11,2011,3,8,21,0,14,3,SR-648,NULL,0,39.10291389,-76.55113333,0,12,6,0,1,1,0,1,1,1,0,1,0,0000000,99,99,99,99,88,88,0,0,0,1,0,2096
240374_2010,24,240374,1,1,NULL,0,NULL,NULL,1,41,0,6,11,2010,7,4,4,0,3,3,SR-33,NULL,216,38.78212222,-76.10495556,0,30,0,0,1,1,0,6,3,1,0,1,0,0000000,99,99,99,99,99,99,0,0,0,1,1,2097
240374_2011,24,240374,2,2,0,0,0,2,2,15,0,27,12,2011,3,12,39,0,3,3,SR-276,"FIRE TOWER RD",31,39.63590278,-76.07403333,0,12,6,0,2,2,0,1,1,2,0,2,0,0000000,99,99,99,99,99,99,0,0,0,1,0,2098
240375_2010,24,240375,1,1,NULL,0,NULL,NULL,1,13,0,14,11,2010,1,6,36,0,5,4,CO-54,NULL,24,39.64548611,-77.05638889,0,42,0,0,1,1,0,6,2,1,0,1,0,0000000,99,99,99,99,88,88,0,0,0,1,1,2099
240375_2011,24,240375,2,1,1,6,6,1,1,33,830,24,11,2011,5,13,17,9,99,3,SR-410,NULL,0,38.96741944,-76.95765,0,33,0,0,1,1,0,5,1,1,0,1,0,0000000,99,99,99,99,99,99,0,0,0,2,0,2100
240376_2010,24,240376,2,2,NULL,0,NULL,NULL,2,5,0,16,11,2010,3,6,54,0,13,3,SR-45,NULL,105,39.50649167,-76.645775,0,12,2,0,1,1,0,1,1,1,0,1,0,0000000,99,99,99,99,88,88,0,0,0,1,0,2101
240376_2011,24,240376,2,2,0,0,0,4,4,33,240,1,10,2011,7,8,48,0,14,4,CO-366,NULL,18,38.87521667,-76.89527222,0,12,6,0,8,1,0,1,1,1,0,1,0,0000000,99,99,99,99,99,99,99,99,99,1,0,2102
240377_2010,24,240377,2,2,NULL,0,NULL,NULL,2,25,0,24,11,2010,4,14,8,0,4,3,SR-136,CO-93,220,39.69708333,-76.45136944,0,12,6,0,2,2,0,1,1,1,0,1,0,0000000,99,99,99,99,99,99,0,0,0,1,1,2103
240377_2011,24,240377,2,1,1,0,0,1,1,33,320,31,10,2011,2,8,12,0,14,4,CO-1118,NULL,16,38.91146111,-76.89042222,0,14,0,0,1,1,0,7,1,1,0,1,0,0000000,99,99,99,99,99,99,0,0,0,1,1,2104
240378_2010,24,240378,1,1,NULL,1,NULL,NULL,2,33,1175,27,5,2010,5,21,40,0,13,3,SR-214,NULL,9,38.80502778,-76.97650278,0,8,0,0,1,1,0,1,2,2,0,2,0,0000000,99,99,99,99,99,99,0,0,0,1,0,2105
240378_2011,24,240378,3,3,0,0,0,3,3,33,1620,31,10,2011,2,22,12,0,13,3,SR-223,NULL,112,38.79881667,-76.82847778,0,12,2,0,1,1,0,1,2,2,0,2,0,0000000,99,99,99,99,99,99,0,0,0,2,1,2106
240379_2010,24,240379,4,4,NULL,0,NULL,NULL,4,37,0,12,7,2010,2,15,56,0,3,3,SR-5,NULL,255,38.2832,-76.61599167,0,12,1,0,1,1,0,1,1,1,0,1,0,0000000,16,0,16,3,16,11,0,0,0,1,0,2107
240379_2011,24,240379,1,1,0,1,1,1,1,33,1022,28,11,2011,2,20,16,0,14,3,SR-193,NULL,141,38.94077778,-76.79944444,0,8,0,0,1,1,0,1,2,1,0,1,0,0000000,99,99,99,99,99,99,23,0,0,1,0,2108
240380_2010,24,240380,2,2,NULL,0,NULL,NULL,4,3,0,23,8,2010,2,15,15,0,3,3,SR-424,CO-2697,72,39.01044722,-76.68135278,0,12,6,0,2,3,0,1,1,1,0,1,0,0000000,99,99,99,99,99,99,0,0,0,1,0,2109
240380_2011,24,240380,2,2,0,0,0,2,2,33,235,17,10,2011,2,4,14,1,12,3,"SR-5 RAMP","ALLENTOWN RD",106,38.80491389,-76.90559167,0,12,1,1,5,1,0,1,3,1,0,1,0,0000000,99,99,99,99,99,99,0,0,0,1,0,2110
240381_2010,24,240381,2,1,NULL,0,NULL,NULL,1,17,0,29,8,2010,1,15,28,0,6,4,CO-853,NULL,0,38.54088056,-77.08273889,0,14,0,0,1,1,0,4,1,1,0,1,0,0000000,15,28,15,35,99,99,0,0,0,1,0,2111
240381_2011,24,240381,2,2,0,0,0,3,3,33,0,30,11,2011,4,9,0,0,4,3,SR-381,CO-189,84,38.65944167,-76.77734722,0,12,6,0,2,3,0,1,1,1,0,1,0,0000000,99,99,99,99,99,99,0,0,0,1,0,2112
240382_2010,24,240382,2,2,NULL,0,NULL,NULL,4,1,0,3,10,2010,1,15,54,1,2,2,US-220,CO-264,127,39.57898333,-78.84739722,0,12,6,0,2,3,0,1,1,1,0,1,0,0000000,99,99,99,99,99,99,0,0,0,1,0,2113
240382_2011,24,240382,2,2,0,0,0,2,2,23,1140,29,12,2011,5,13,20,1,2,2,US-219,NULL,6,39.40491667,-79.40082222,0,12,1,0,1,1,0,1,1,10,0,10,0,0000000,99,99,99,99,99,99,0,0,0,1,1,2114
240383_2010,24,240383,3,3,NULL,0,NULL,NULL,7,9,0,8,10,2010,6,11,30,1,2,3,SR-2,SR-4,275,38.66071667,-76.60698056,0,12,1,0,2,3,0,1,1,1,0,1,0,0000000,11,38,12,4,12,29,0,0,0,1,0,2115
240383_2011,24,240383,2,2,0,1,1,3,3,5,0,15,12,2011,5,14,50,0,14,4,CO-3482,NULL,33,39.38083889,-76.53106389,0,8,0,0,1,1,0,1,1,2,0,2,0,0000000,99,99,99,99,88,88,0,0,0,1,0,2116
240384_2010,24,240384,3,3,NULL,0,NULL,NULL,6,5,0,28,10,2010,5,15,17,0,14,3,SR-940,SR-140,14,39.41809444,-76.78013333,0,12,6,0,2,3,0,1,1,1,0,1,0,0000000,15,19,15,26,16,3,0,0,0,1,0,2117
240384_2011,24,240384,2,2,0,0,0,2,2,33,1558,17,11,2011,5,6,40,0,14,4,CO-123,NULL,22,38.78668056,-76.92500833,0,12,2,0,1,1,0,1,4,1,0,1,0,0000000,99,99,99,99,99,99,0,0,0,1,0,2118
240385_2010,24,240385,1,1,NULL,0,NULL,NULL,3,31,0,29,10,2010,6,22,4,0,6,4,CO-68,NULL,0,39.16537222,-77.02973889,0,42,0,0,1,1,0,6,2,1,0,1,0,0000000,99,99,99,99,99,99,0,0,0,1,1,2119
240385_2011,24,240385,2,2,0,1,1,2,2,31,0,17,12,2011,7,22,23,0,13,3,SR-586,NULL,33,39.0568,-77.08316389,0,8,0,0,1,1,0,1,3,1,0,1,0,0000000,99,99,99,99,99,99,0,0,0,1,0,2120
240386_2010,24,240386,2,2,NULL,0,NULL,NULL,2,17,0,26,11,2010,6,20,2,1,2,2,US-301,NULL,238,38.63267778,-76.90407222,0,12,1,0,7,1,0,1,3,1,0,1,0,0000000,99,99,99,99,88,88,0,0,0,1,0,2121
240386_2011,24,240386,6,6,0,0,0,11,11,21,0,26,11,2011,7,5,8,1,11,1,I-70,NULL,239,39.37952778,-77.25091667,0,12,1,0,1,1,0,1,2,1,0,1,0,0000000,99,99,99,99,99,99,14,0,0,2,0,2122
240387_2010,24,240387,2,1,NULL,0,NULL,NULL,1,33,1022,30,11,2010,3,6,19,0,16,4,CO-3459,NULL,8,38.91230833,-76.82344444,0,53,0,0,1,1,0,6,3,1,0,1,0,0000000,99,99,99,99,99,99,0,0,0,1,0,2123
240387_2011,24,240387,1,1,0,1,1,1,1,33,879,1,11,2011,3,6,33,9,15,4,"GARDEN CITY DRIVE","CORPORATE DR",2,38.94813889,-76.86905833,0,8,0,0,2,3,0,1,3,1,0,1,0,0000000,99,99,99,99,99,99,0,0,0,1,0,2124
240388_2011,24,240388,1,1,0,0,0,1,1,27,0,29,10,2011,7,21,51,0,14,4,CO-794,NULL,0,39.21169167,-76.86150833,0,42,0,0,1,1,0,6,3,10,0,10,0,0000000,99,99,99,99,99,99,0,0,0,1,0,2125
240389_2010,24,240389,1,1,NULL,0,NULL,NULL,3,33,569,29,11,2010,2,2,3,1,12,3,SR-4,NULL,116,38.84973611,-76.90326667,0,35,0,0,1,1,0,4,2,1,0,1,0,0000000,99,99,99,99,99,99,0,0,0,1,1,2126
240389_2011,24,240389,2,2,0,0,0,2,2,33,365,30,10,2011,1,21,50,0,14,4,CO-558,NULL,4,38.78387222,-76.88790556,0,12,11,0,1,1,0,1,3,1,0,1,0,0000000,99,99,99,99,99,99,0,0,0,1,0,2127
240390_2010,24,240390,1,1,NULL,1,NULL,NULL,1,5,0,1,11,2010,2,20,38,0,13,3,SR-45,NULL,49,39.43785833,-76.62504722,0,8,0,0,1,1,0,1,3,1,0,1,0,0000000,20,39,20,43,21,10,0,0,0,1,0,2128
240390_2011,24,240390,2,2,0,0,0,3,3,31,0,27,10,2011,5,12,48,0,13,4,CO-212,"CRABBS BRANCH WAY",46,39.12874167,-77.16750556,0,12,6,0,2,2,0,1,1,2,0,2,0,0000000,99,99,99,99,99,99,0,0,0,1,0,2129
240391_2010,24,240391,1,1,NULL,0,NULL,NULL,1,5,0,21,11,2010,1,16,26,0,15,4,CO-5278,NULL,12,39.26115833,-76.51275833,0,33,0,0,1,1,0,6,5,1,0,1,0,0000000,99,99,99,99,99,99,0,0,0,1,1,2130
240391_2011,24,240391,2,2,0,1,1,5,5,5,0,22,11,2011,3,17,31,0,15,4,CO-4553,NULL,15,39.33052222,-76.44724167,0,8,0,0,1,1,0,1,2,2,0,2,0,0000000,99,99,99,99,0,0,0,0,0,1,1,2131
240392_2010,24,240392,1,1,NULL,1,NULL,NULL,1,13,0,23,11,2010,3,1,53,1,2,3,SR-140,NULL,20,39.49794722,-76.89347222,0,8,0,0,1,1,0,1,2,1,0,1,0,0000000,99,99,99,99,88,88,0,0,0,1,0,2132
240392_2011,24,240392,1,1,0,0,0,1,1,23,0,3,11,2011,5,17,30,0,5,2,US-40AL,NULL,124,39.684,-79.04631111,0,35,0,0,1,1,0,4,1,1,0,1,0,0000000,99,99,99,99,99,99,0,0,0,1,1,2133
240393_2010,24,240393,2,1,NULL,0,NULL,NULL,2,43,0,27,11,2010,7,23,31,1,11,1,I-70,NULL,277,39.60645,-77.77333333,0,14,0,0,1,1,0,2,2,1,0,1,0,0000000,99,99,99,99,99,99,0,0,0,1,0,2134
240393_2011,24,240393,3,2,1,0,0,4,4,510,50,20,10,2011,5,22,28,0,15,6,"S. BROADWAY ST","BANK ST",0,39.28654722,-76.59341111,0,12,6,0,2,2,0,1,3,1,0,1,0,0000000,99,99,99,99,99,99,0,0,0,2,1,2135
240394_2010,24,240394,1,1,NULL,0,NULL,NULL,2,31,0,27,11,2010,7,2,11,0,16,4,CO-87,NULL,7,39.12376944,-76.92871667,0,42,0,0,1,1,0,6,2,1,0,1,0,0000000,99,99,99,99,99,99,0,0,0,1,1,2136
240394_2011,24,240394,1,1,0,0,0,2,2,31,0,8,10,2011,7,4,15,0,13,3,SR-586,NULL,35,39.07356667,-77.11211667,0,42,0,0,1,1,0,3,3,1,0,1,0,0000000,99,99,99,99,99,99,0,0,0,1,1,2137
240395_2010,24,240395,2,2,NULL,0,NULL,NULL,3,15,0,29,11,2010,2,17,52,0,3,3,SR-273,NULL,123,39.70359722,-75.87296667,0,12,6,0,8,1,0,1,2,1,0,1,0,0000000,99,99,99,99,99,99,0,0,0,1,1,2138
240395_2011,24,240395,1,1,0,1,1,1,1,33,565,3,1,2011,2,20,11,1,12,3,SR-210,NULL,68,38.70499444,-76.98822778,0,8,0,0,1,1,0,2,2,1,0,1,0,0000000,99,99,99,99,88,88,0,0,0,1,0,2139
240396_2010,24,240396,2,2,NULL,0,NULL,NULL,3,33,710,23,10,2010,7,4,39,0,13,3,SR-193,"FRANKFORT DR",75,38.99300556,-76.86876389,0,12,6,0,2,2,0,1,3,1,0,1,0,0000000,99,99,99,99,99,99,0,0,0,1,1,2140
240396_2011,24,240396,1,1,0,0,0,1,1,25,0,27,11,2011,1,2,58,0,5,3,SR-23,NULL,125,39.62549722,-76.55128333,0,30,0,0,1,1,0,6,2,1,0,1,0,0000000,99,99,99,99,88,88,0,0,0,1,1,2141
240397_2010,24,240397,2,2,NULL,0,NULL,NULL,6,3,1018,22,10,2010,6,12,42,0,14,4,CO-5461,NULL,0,39.09689444,-76.62440278,0,12,6,0,8,1,0,1,1,1,0,1,0,0000000,99,99,99,99,99,99,0,0,0,1,0,2142
240397_2011,24,240397,1,1,0,0,0,1,1,35,0,26,11,2011,7,23,11,0,3,3,SR-213,NULL,125,39.10212778,-76.03346111,0,42,0,0,1,1,0,6,2,1,0,1,0,0000000,99,99,99,99,99,99,0,0,0,1,1,2143
240398_2010,24,240398,1,1,NULL,0,NULL,NULL,1,1,0,16,12,2010,5,6,15,1,13,3,SR-53,NULL,29,39.59788333,-78.83523056,0,42,0,0,1,1,0,6,2,1,0,1,0,0000000,99,99,99,99,88,88,0,0,0,1,0,2144
240398_2011,24,240398,1,1,0,0,0,1,1,17,0,1,12,2011,5,8,28,0,5,3,SR-6,NULL,184,38.48138333,-77.08653611,0,1,0,0,1,1,0,5,1,1,0,1,0,0000000,99,99,99,99,88,88,0,0,0,1,1,2145
240399_2010,24,240399,1,1,NULL,0,NULL,NULL,1,45,980,4,10,2010,2,19,20,0,6,4,CO-38,NULL,0,38.4585,-75.73856111,0,42,0,0,1,1,0,6,2,1,0,1,0,0000000,99,99,99,99,88,88,0,0,0,1,0,2146
240399_2011,24,240399,1,1,0,0,0,1,1,13,0,1,12,2011,5,1,40,0,13,3,SR-32,"NINER RD",87,39.46807778,-76.939225,0,30,0,0,2,3,0,4,3,1,0,1,0,0000000,99,99,99,99,99,99,0,0,0,1,1,2147
240400_2010,24,240400,1,1,NULL,0,NULL,NULL,2,23,0,6,10,2010,4,22,58,0,5,4,CO-131,NULL,11,39.43088889,-79.33347778,0,42,0,0,1,1,0,6,2,2,0,2,0,0000000,99,99,99,99,99,99,0,0,0,1,1,2148
240400_2011,24,240400,2,2,0,0,0,2,2,25,0,27,11,2011,1,10,56,0,15,4,CO-214,NULL,10,39.53168889,-76.40406667,0,1,0,0,1,1,0,1,1,1,0,1,0,0000000,99,99,99,99,88,88,0,0,0,1,0,2149
240401_2010,24,240401,1,1,NULL,0,NULL,NULL,3,23,0,10,10,2010,1,4,55,0,4,4,CO-131,NULL,11,39.47122222,-79.33986667,0,42,0,0,1,1,0,6,2,1,0,1,0,0000000,99,99,99,99,99,99,0,0,0,1,1,2150
240401_2011,24,240401,1,1,0,0,0,1,1,31,0,25,11,2011,6,2,52,0,3,3,SR-108,"DR BIRD DR",147,39.14418056,-77.04370278,0,33,0,0,3,4,0,4,3,1,0,1,0,0000000,99,99,99,99,99,99,0,0,0,1,0,2151
240402_2010,24,240402,1,1,NULL,0,NULL,NULL,4,39,0,6,11,2010,7,1,59,1,2,2,US-13,NULL,169,38.237775,-75.68318333,0,42,0,0,1,1,0,6,2,1,0,1,0,0000000,2,5,2,16,2,43,0,0,0,1,1,2152
240402_2011,24,240402,2,2,0,0,0,2,2,31,0,17,11,2011,5,14,37,0,14,4,CO-166,NULL,32,39.02368889,-77.18141667,0,12,2,0,1,1,0,1,1,1,0,1,0,0000000,99,99,99,99,99,99,0,0,0,1,0,2153
240403_2010,24,240403,1,1,NULL,1,NULL,NULL,1,31,0,7,11,2010,1,8,32,0,14,4,CO-2722,CO-4092,14,39.09191667,-77.07041111,0,8,0,0,2,2,0,1,1,1,0,1,0,0000000,99,99,99,99,99,99,0,0,0,1,0,2154
240403_2011,24,240403,1,1,0,1,1,1,1,31,0,1,12,2011,5,18,37,0,15,4,CO-913,NULL,0,38.99798333,-77.00346111,0,8,0,0,1,1,0,1,3,1,0,1,0,0000000,99,99,99,99,99,99,0,0,0,1,0,2155
240404_2010,24,240404,2,2,NULL,0,NULL,NULL,3,31,0,20,11,2010,7,15,29,0,14,4,CO-4359,NULL,11,39.04838611,-76.95223333,0,12,2,0,1,1,0,1,1,1,0,1,0,0000000,99,99,99,99,99,99,20,0,0,1,0,2156
240404_2011,24,240404,1,1,0,0,0,1,1,33,365,23,12,2011,6,20,52,0,13,3,SR-223,NULL,34,38.73964444,-76.93998889,0,42,0,0,1,1,0,5,2,1,0,1,0,0000000,99,99,99,99,88,88,0,0,0,1,0,2157
240405_2010,24,240405,2,2,NULL,0,NULL,NULL,3,43,0,24,11,2010,4,7,21,1,11,1,I-70,NULL,266,39.60651389,-77.77221667,0,12,7,0,1,1,0,1,1,1,0,1,0,0000000,99,99,99,99,99,99,0,0,0,1,0,2158
240405_2011,24,240405,2,2,0,0,0,2,2,1,410,2,12,2011,6,15,3,0,13,3,SR-41,"LAMONT ST",12,39.64074167,-78.76422778,0,12,6,0,3,2,0,1,1,1,0,1,0,0000000,99,99,99,99,99,99,0,0,0,1,1,2159
240406_2010,24,240406,1,1,NULL,1,NULL,NULL,1,33,830,18,12,2010,7,2,21,0,16,6,MU-9380,NULL,0,38.95266667,-76.955,0,8,0,0,1,1,0,1,2,1,0,1,0,0000000,99,99,99,99,88,88,0,0,0,1,0,2160
240406_2011,24,240406,2,2,0,0,0,2,2,31,0,3,12,2011,7,2,1,1,11,1,I-270,NULL,83,39.11342778,-77.18996944,0,12,2,0,1,1,0,1,3,1,0,1,0,0000000,99,99,99,99,99,99,0,0,0,1,1,2161
240407_2010,24,240407,2,2,NULL,0,NULL,NULL,2,11,0,19,12,2010,1,13,51,0,3,3,SR-313,SR-315,33,38.69608611,-75.78925833,0,12,6,0,2,2,0,1,1,1,0,1,0,0000000,99,99,99,99,88,88,0,0,0,1,0,2162
240407_2011,24,240407,1,1,0,1,1,1,1,25,0,9,12,2011,6,5,23,0,14,3,SR-924,NULL,1,39.55221944,-76.36448889,0,8,0,0,1,1,0,1,2,1,0,1,0,0000000,99,99,99,99,99,99,0,0,0,1,0,2163
240408_2010,24,240408,1,1,NULL,2,NULL,NULL,1,33,240,8,12,2010,4,17,39,0,15,4,CO-367,NULL,29,38.86296944,-76.90159444,0,8,0,0,1,1,0,1,2,1,0,1,0,0000000,99,99,99,99,99,99,0,0,0,1,0,2164
240408_2011,24,240408,2,2,0,0,0,2,2,47,0,2,12,2011,6,8,30,1,2,2,US-113,MD-12,118,38.15722222,-75.38086667,0,12,6,0,2,2,0,1,1,1,0,1,0,0000000,99,99,99,99,88,88,0,0,0,1,0,2165
240409_2010,24,240409,1,1,NULL,0,NULL,NULL,3,33,900,16,12,2010,5,1,47,0,13,3,SR-197,NULL,122,39.06488889,-76.83941944,0,24,0,0,1,1,0,4,3,1,0,1,0,0000000,99,99,99,99,99,99,0,0,0,1,1,2166
240409_2011,24,240409,2,2,0,0,0,2,2,41,0,9,12,2011,6,20,37,0,4,3,SR-33,NULL,156,38.7615,-76.19464722,0,12,2,0,1,1,0,1,2,1,0,1,0,0000000,99,99,99,99,99,99,0,0,0,1,1,2167
240410_2010,24,240410,1,1,NULL,0,NULL,NULL,2,33,170,18,12,2010,7,2,10,0,14,4,CO-49,NULL,32,38.9866,-76.73139167,0,33,0,0,1,1,0,4,3,1,0,1,0,0000000,99,99,99,99,99,99,0,0,0,1,0,2168
240410_2011,24,240410,2,2,0,0,0,2,2,37,0,9,12,2011,6,6,9,1,13,3,SR-4,NULL,89,38.31674722,-76.49063333,0,12,2,0,1,1,0,1,2,1,0,1,0,0000000,99,99,99,99,99,99,0,0,0,1,0,2169
240411_2010,24,240411,4,4,NULL,0,NULL,NULL,5,27,0,10,11,2010,4,7,58,0,14,3,SR-175,NULL,51,39.21065833,-76.82913056,0,12,2,0,1,1,0,1,1,1,0,1,0,0000000,99,99,99,99,99,99,0,0,0,2,0,2170
240411_2011,24,240411,1,1,0,0,0,2,2,23,0,10,12,2011,7,6,45,0,6,4,CO-100,NULL,0,39.37531667,-79.39852778,0,42,0,0,1,1,0,6,2,1,0,1,0,0000000,99,99,99,99,99,99,0,0,0,1,0,2171
240412_2010,24,240412,4,3,NULL,0,NULL,NULL,3,31,0,21,11,2010,1,15,31,0,15,4,CO-4763,NULL,16,39.16441667,-77.27314444,0,1,0,0,1,1,0,1,1,1,0,1,0,0000000,99,99,99,99,99,99,0,0,0,1,0,2172
240412_2011,24,240412,1,1,0,0,0,1,1,5,0,10,12,2011,7,0,56,0,4,3,SR-145,NULL,55,39.51389167,-76.55543333,0,53,0,0,1,1,0,4,2,1,0,1,0,0000000,99,99,99,99,88,88,0,0,0,1,0,2173
240413_2010,24,240413,1,1,NULL,1,NULL,NULL,2,35,0,21,12,2010,3,18,16,1,2,2,US-50,NULL,47,38.9759,-76.28983611,0,8,0,0,1,1,0,1,3,1,0,1,0,0000000,99,99,99,99,88,88,0,0,0,1,0,2174
240413_2011,24,240413,1,1,0,0,0,1,1,27,0,11,12,2011,1,0,43,0,14,3,SR-99,NULL,61,39.29713333,-76.84878056,0,42,0,0,1,1,0,6,2,1,0,1,0,0000000,99,99,99,99,88,88,0,0,0,1,1,2175
240414_2010,24,240414,1,1,NULL,1,NULL,NULL,1,5,0,31,12,2010,6,5,58,0,12,3,SR-43,"WALTHER BLVD",6,39.38113333,-76.51222222,0,8,0,0,3,2,0,1,3,1,0,1,0,0000000,99,99,99,99,99,99,0,0,0,1,0,2176
240414_2011,24,240414,1,1,0,1,1,1,1,1,0,16,12,2011,6,17,36,0,13,3,SR-51,NULL,49,39.59980278,-78.73907222,0,8,0,0,1,1,0,1,2,1,0,1,0,0000000,99,99,99,99,99,99,0,0,0,1,0,2177
240415_2010,24,240415,1,1,NULL,0,NULL,NULL,1,27,0,22,12,2010,4,20,1,1,11,1,I-95,NULL,55,39.16577222,-76.81112778,0,42,0,0,1,1,0,3,1,1,0,1,0,0000000,99,99,99,99,88,88,0,0,0,1,0,2178
240415_2011,24,240415,1,1,0,0,0,1,1,9,0,22,12,2011,5,15,37,1,2,3,SR-2,NULL,110,38.46237778,-76.50492778,0,24,0,0,1,1,0,3,1,1,0,1,0,0000000,99,99,99,99,99,99,0,0,0,1,1,2179
240416_2010,24,240416,3,3,NULL,1,NULL,NULL,4,35,0,2,12,2010,5,15,10,0,4,3,SR-213,"ROUND TOP RD",219,39.2008,-76.04410278,0,9,0,0,3,3,0,1,1,1,0,1,0,0000000,99,99,99,99,99,99,0,0,0,1,0,2180
240416_2011,24,240416,1,1,0,1,1,1,1,17,0,23,12,2011,6,2,52,1,13,2,US-301,NULL,262,38.65819444,-76.87423889,0,8,0,0,1,1,0,1,2,2,0,2,0,0000000,99,99,99,99,99,99,0,0,0,1,0,2181
240417_2010,24,240417,1,1,NULL,0,NULL,NULL,1,5,0,24,12,2010,6,0,7,1,11,1,"I-695 RAMP",NULL,289,39.35029444,-76.49441111,0,25,0,1,5,1,0,4,3,1,0,1,0,0000000,99,99,99,99,99,99,0,0,0,1,1,2182
240417_2011,24,240417,1,1,0,1,1,1,1,5,0,24,12,2011,7,19,39,1,11,1,I-695,NULL,90,39.29069444,-76.50209722,0,8,0,0,1,1,0,1,3,1,0,1,0,0000000,99,99,99,99,88,88,0,0,0,1,0,2183
240418_2010,24,240418,1,1,NULL,0,NULL,NULL,2,15,0,12,8,2010,5,3,29,0,4,4,CO-76,NULL,49,39.63442222,-76.05560278,0,30,0,0,1,1,0,6,2,1,0,1,0,0000000,99,99,99,99,99,99,0,0,0,1,0,2184
240418_2011,24,240418,1,1,0,0,0,1,1,3,0,29,12,2011,5,2,10,0,15,3,SR-176,NULL,36,39.16262222,-76.66891667,0,42,0,0,1,1,0,6,3,1,0,1,0,0000000,99,99,99,99,99,99,0,0,0,1,0,2185
240419_2010,24,240419,2,2,NULL,0,NULL,NULL,2,510,50,25,7,2010,1,15,19,0,14,6,"MONROE ST","MCHENRY ST",0,39.28424167,-76.64669722,0,12,6,0,2,2,0,1,1,1,0,1,0,0000000,99,99,99,99,99,99,0,0,0,1,0,2186
240419_2011,24,240419,1,1,0,0,0,1,1,31,0,30,12,2011,6,0,16,1,11,1,I-495,NULL,118,39.01641111,-77.01128333,0,24,0,0,1,1,0,4,2,1,0,1,0,0000000,99,99,99,99,99,99,0,0,0,1,1,2187
240420_2010,24,240420,1,1,NULL,0,NULL,NULL,2,25,0,26,9,2010,1,2,4,0,15,4,CO-617,NULL,16,39.58240833,-76.37832778,0,33,0,0,1,1,0,4,3,1,0,1,0,0000000,2,8,2,16,3,8,0,0,0,1,1,2188
240420_2011,24,240420,1,1,0,0,0,2,2,23,0,30,12,2011,6,2,30,0,5,4,CO-343,NULL,18,39.56084444,-79.35991667,0,42,0,0,1,1,0,6,2,1,0,1,0,0000000,99,99,99,99,99,99,0,0,0,1,1,2189
240421_2010,24,240421,1,1,NULL,2,NULL,NULL,2,47,110,20,10,2010,4,8,51,0,4,3,SR-377,NULL,0,38.32465556,-75.21857222,0,19,0,0,1,1,0,5,1,2,0,2,0,0000000,99,99,99,99,99,99,0,0,0,1,0,2190
240421_2011,24,240421,1,1,0,1,1,1,1,5,0,23,12,2011,6,18,21,0,14,4,CO-1500,NULL,12,39.3752,-76.68367222,0,8,0,0,1,1,0,1,3,1,0,1,0,0000000,99,99,99,99,99,99,0,0,0,1,0,2191