st_case_year,STATE,ST_CASE,VE_TOTAL,VE_FORMS,PVH_INVL,PEDS,PERNOTMVIT,PERMVIT,PERSONS,COUNTY,CITY,DAY,MONTH,YEAR,DAY_WEEK,HOUR,MINUTE,NHS,ROAD_FNC,ROUTE,TWAY_ID,TWAY_ID2,MILEPT,LATITUDE,LONGITUD,SP_JUR,HARM_EV,MAN_COLL,RELJCT1,RELJCT2,TYP_INT,WRK_ZONE,REL_ROAD,LGT_COND,WEATHER1,WEATHER2,WEATHER,SCH_BUS,RAIL,NOT_HOUR,NOT_MIN,ARR_HOUR,ARR_MIN,HOSP_HR,HOSP_MN,CF1,CF2,CF3,FATALS,DRUNK_DR,idno
240422_2010,24,240422,2,2,NULL,0,NULL,NULL,2,27,0,9,10,2010,7,2,52,1,12,2,US-29,NULL,22,39.16296111,-76.88655,0,12,2,0,1,1,0,1,3,1,0,1,0,0000000,2,52,3,1,3,23,0,0,0,1,1,2192
240422_2011,24,240422,1,1,0,0,0,1,1,37,0,30,12,2011,6,14,47,1,13,3,SR-4,NULL,83,38.31823056,-76.48621389,0,24,0,0,1,1,0,4,1,1,0,1,0,0000000,99,99,99,99,88,88,0,0,0,1,0,2193
240423_2010,24,240423,1,1,NULL,0,NULL,NULL,1,27,0,19,10,2010,3,21,49,0,6,4,CO-41,NULL,5,39.28885833,-77.01428889,0,42,0,0,1,1,0,6,2,1,0,1,0,0000000,99,99,99,99,99,99,0,0,0,1,1,2194
240423_2011,24,240423,1,1,0,0,0,1,1,31,0,17,12,2011,7,19,48,0,16,6,"E. GUDE DR",NULL,35,39.09113333,-77.13014444,0,33,0,0,1,1,0,6,3,1,0,1,0,0000000,99,99,99,99,99,99,0,0,0,1,0,2195
240424_2010,24,240424,2,2,NULL,0,NULL,NULL,3,31,0,18,10,2010,2,0,13,0,13,3,SR-586,NULL,24,39.06514722,-77.09814444,0,12,1,0,1,1,0,1,3,1,0,1,0,0000000,99,99,99,99,99,99,0,0,0,1,0,2196
240424_2011,24,240424,3,3,0,0,0,6,6,33,0,4,11,2011,6,21,33,1,11,1,I-595,NULL,10,38.94695833,-76.82496389,0,12,1,0,1,1,0,1,2,1,0,1,0,0000000,99,99,99,99,99,99,0,0,0,2,1,2197
240425_2010,24,240425,1,1,NULL,1,NULL,NULL,1,510,50,12,11,2010,6,16,0,0,13,2,US-1,NULL,0,39.32043056,-76.57505,0,8,0,0,1,1,0,1,1,1,0,1,0,0000000,99,99,99,99,99,99,0,0,0,1,0,2198
240425_2011,24,240425,2,2,0,0,0,4,4,15,0,14,11,2011,2,18,47,0,14,3,SR-545,"LEEDS RD",40,39.65251944,-75.88008889,0,12,1,0,3,3,0,1,2,1,0,1,0,0000000,99,99,99,99,99,99,0,0,0,1,1,2199
240426_2010,24,240426,1,1,NULL,0,NULL,NULL,1,27,0,15,10,2010,6,16,28,0,6,4,CO-35,NULL,0,39.35027778,-76.983325,0,42,0,0,1,1,0,6,1,1,0,1,0,0000000,99,99,99,99,88,88,0,0,0,1,1,2200
240426_2011,24,240426,2,2,0,0,0,5,5,45,0,1,12,2011,5,15,12,1,13,2,US-13,"DAGSBORO RD",134,38.42073333,-75.56464167,0,12,6,0,2,2,0,1,1,1,0,1,0,0000000,99,99,99,99,99,99,0,0,0,1,0,2201
240427_2010,24,240427,2,2,NULL,0,NULL,NULL,4,37,0,3,12,2010,6,12,24,0,4,3,SR-5,NULL,400,38.44632778,-76.74211944,0,12,6,0,4,1,0,1,1,1,0,1,0,0000000,12,24,12,32,13,0,0,0,0,1,0,2202
240427_2011,24,240427,1,1,0,1,1,1,1,5,0,8,12,2011,5,16,48,0,14,3,SR-648,NULL,6,39.23370833,-76.64149444,0,8,0,0,1,1,0,1,5,1,0,1,0,0000000,99,99,99,99,99,99,0,0,0,1,0,2203
240428_2010,24,240428,1,1,NULL,1,NULL,NULL,1,43,0,2,12,2010,5,18,39,0,5,3,SR-144,NULL,23,39.69833611,-78.20933611,0,8,0,0,1,1,0,1,2,1,0,1,0,0000000,99,99,99,99,99,99,0,0,0,1,0,2204
240428_2011,24,240428,1,1,0,0,0,3,3,31,0,29,12,2011,5,3,9,0,13,3,SR-193,NULL,60,39.00168056,-76.99548611,0,33,0,0,1,1,0,4,3,1,0,1,0,0000000,99,99,99,99,99,99,0,0,0,2,1,2205
240429_2010,24,240429,3,3,NULL,0,NULL,NULL,4,5,0,22,11,2010,2,17,19,0,15,4,CO-5600,"GUY WAY",10,39.26046944,-76.49110833,0,12,2,0,2,2,0,1,3,1,0,1,0,0000000,17,23,17,29,17,53,0,0,0,1,0,2206
240429_2011,24,240429,2,2,0,0,0,6,6,33,1400,10,12,2011,7,19,10,0,13,4,CO-361,NULL,5,38.89868889,-76.89496111,0,12,2,0,1,1,0,1,1,1,0,1,0,0000000,99,99,99,99,99,99,0,0,0,1,0,2207
240430_2010,24,240430,2,2,NULL,0,NULL,NULL,2,21,0,6,12,2010,2,21,34,0,5,3,SR-80,NULL,123,39.33851389,-77.23019722,0,12,2,0,1,1,0,1,2,1,0,1,0,0000000,99,99,99,99,99,99,0,0,0,1,1,2208
240430_2011,24,240430,2,2,0,0,0,2,2,33,0,11,5,2011,4,13,5,0,6,8,"SOIL CONSERVATION RD","BEAVER DAM",0,39.01609167,-76.85000556,5,12,6,0,2,2,0,1,1,1,0,1,0,0000000,99,99,99,99,99,99,0,0,0,1,0,2209
240431_2010,24,240431,2,2,NULL,0,NULL,NULL,4,37,0,4,12,2010,7,15,40,1,2,3,SR-235,"JONES WHARF RD",224,38.36639167,-76.59062778,0,12,6,0,2,3,0,1,1,1,0,1,0,0000000,99,99,99,99,99,99,0,0,0,1,0,2210
240431_2011,24,240431,2,2,0,0,0,2,2,33,0,24,5,2011,3,18,26,1,12,3,SR-295,NULL,0,38.96182222,-76.90426944,1,12,1,0,1,1,0,1,1,1,0,1,0,0000000,99,99,99,99,99,99,0,0,0,1,0,2211
240432_2010,24,240432,2,2,NULL,0,NULL,NULL,2,21,0,8,12,2010,4,2,41,1,11,1,I-70,NULL,154,39.40071944,-77.40606389,0,12,2,0,1,1,0,1,3,1,0,1,0,0000000,99,99,99,99,88,88,0,0,0,1,1,2212
240432_2011,24,240432,2,2,0,0,0,3,3,33,0,29,5,2011,1,5,14,1,12,3,SR-295,NULL,0,99.9999,999.9999,1,12,1,0,1,1,0,1,2,1,0,1,0,0000000,99,99,99,99,99,99,0,0,0,1,1,2213
240433_2010,24,240433,1,1,NULL,0,NULL,NULL,1,45,0,9,12,2010,5,18,52,0,6,4,CO-111,NULL,8,38.37170833,-75.67580278,0,42,0,0,1,1,0,6,2,1,0,1,0,0000000,99,99,99,99,88,88,0,0,0,1,1,2214
240433_2011,24,240433,1,1,0,0,0,1,1,33,0,30,5,2011,2,3,17,0,12,3,SR-295,NULL,0,99.9999,999.9999,1,42,0,0,1,1,0,3,2,1,0,1,0,0000000,99,99,99,99,88,88,0,0,0,1,1,2215
240434_2010,24,240434,1,1,NULL,0,NULL,NULL,1,3,0,12,12,2010,1,21,20,0,3,3,SR-214,NULL,0,38.90604444,-76.53096667,0,43,0,0,1,1,0,6,3,1,0,1,0,0000000,99,99,99,99,99,99,0,0,0,1,1,2216
240434_2011,24,240434,1,1,0,0,0,4,4,33,0,7,7,2011,5,21,50,1,12,3,SR-295,NULL,0,39.06105,-76.83668889,0,99,99,0,1,1,0,5,2,1,0,1,0,0000000,99,99,99,99,99,99,0,0,0,1,0,2217
240435_2010,24,240435,1,1,NULL,0,NULL,NULL,2,21,0,14,12,2010,3,19,21,0,16,4,CO-398,NULL,5,39.32912778,-77.23287778,0,42,0,0,1,1,0,6,2,1,0,1,0,0000000,99,99,99,99,99,99,0,0,0,1,1,2218
240435_2011,24,240435,1,1,0,0,0,7,7,33,0,13,8,2011,7,2,26,1,12,3,SR-295,NULL,0,39.04295556,-76.84669167,0,42,0,0,1,1,0,6,2,1,0,1,0,0000000,99,99,99,99,99,99,0,0,0,3,0,2219
240436_2010,24,240436,1,1,NULL,1,NULL,NULL,2,5,0,11,12,2010,7,18,24,0,14,4,CO-1500,NULL,1,39.37521389,-76.70339444,0,8,0,0,1,1,0,1,3,1,0,1,0,0000000,18,24,18,31,18,53,0,0,0,1,0,2220
240436_2011,24,240436,2,2,0,1,1,3,3,33,0,11,9,2011,1,0,11,1,13,8,"SUITLAND PARKWAY","NAYLOR RD",0,38.85158889,-76.95896111,1,8,0,0,2,2,0,1,2,5,10,5,0,0000000,99,99,99,99,88,88,0,0,0,1,0,2221
240437_2010,24,240437,1,1,NULL,0,NULL,NULL,1,17,0,14,12,2010,3,7,48,1,2,3,SR-5,NULL,87,38.59220278,-76.86853889,0,42,0,0,1,1,0,6,1,1,0,1,0,0000000,99,99,99,99,88,88,0,0,0,1,0,2222
240437_2011,24,240437,1,1,0,0,0,1,1,33,0,11,9,2011,1,18,36,1,13,8,"SUITLAND PARKWAY",NULL,0,99.9999,999.9999,1,99,0,0,1,1,0,2,1,10,0,10,0,0000000,99,99,99,99,88,88,0,0,0,1,1,2223
240438_2010,24,240438,4,4,NULL,0,NULL,NULL,5,3,0,9,12,2010,5,7,47,0,14,3,SR-710,"BLADES LN",12,39.19971944,-76.59556389,0,12,1,0,3,3,0,1,4,1,0,1,0,0000000,99,99,99,99,99,99,0,0,0,1,0,2224
240438_2011,24,240438,1,1,0,0,0,1,1,33,0,18,10,2011,3,6,16,0,14,3,SR-212,NULL,0,99.9999,999.9999,9,1,0,0,1,1,0,1,4,1,0,1,0,0000000,99,99,99,99,88,88,0,0,0,1,0,2225
240439_2010,24,240439,2,2,NULL,0,NULL,NULL,2,11,0,18,12,2010,7,22,6,1,2,3,SR-404,SR-312,30,38.91524444,-75.89441389,0,12,6,0,2,2,0,1,2,1,0,1,0,0000000,99,99,99,99,88,88,0,0,0,1,1,2226
240439_2011,24,240439,2,2,0,0,0,2,2,33,0,28,11,2011,2,2,20,1,12,3,SR-295,NULL,96,39.03562222,-76.85106944,1,12,1,0,1,1,0,1,2,1,0,1,0,0000000,99,99,99,99,99,99,0,0,0,1,0,2227
240440_2010,24,240440,2,1,NULL,0,NULL,NULL,1,27,0,10,12,2010,6,22,41,0,14,3,SR-103,NULL,48,39.23005833,-76.79149444,0,30,0,0,1,1,0,6,3,1,0,1,0,0000000,99,99,99,99,88,88,0,0,0,1,1,2228
240440_2011,24,240440,1,1,0,0,0,2,2,31,0,12,12,2011,2,0,2,0,13,8,"CLARA BARTON PKWY",NULL,0,99.9999,999.9999,9,99,0,0,1,1,0,2,2,1,0,1,0,0000000,99,99,99,99,99,99,0,0,0,1,0,2229
240441_2010,24,240441,1,1,NULL,0,NULL,NULL,4,43,0,22,12,2010,4,15,53,0,6,4,CO-592,NULL,0,39.47029167,-77.70604167,0,42,0,0,1,1,0,6,1,1,0,1,0,0000000,99,99,99,99,99,99,0,0,0,1,0,2230
240441_2011,24,240441,4,4,0,0,0,4,4,510,50,5,8,2011,6,20,45,0,13,2,US-1,"SOUTHERN AVE",0,39.33323611,-76.55857778,0,12,6,0,2,3,0,1,3,1,0,1,0,0000000,99,99,99,99,99,99,0,0,0,1,0,2231
240442_2010,24,240442,1,1,NULL,0,NULL,NULL,1,3,0,24,12,2010,6,2,5,0,16,4,CO-1684,NULL,0,39.13621944,-76.53318611,0,42,0,0,1,1,0,6,3,1,0,1,0,0000000,99,99,99,99,99,99,0,0,0,1,1,2232
240442_2011,24,240442,2,2,0,0,0,2,2,510,50,26,7,2011,3,1,3,0,14,8,"BERWYN RD",NULL,0,39.326675,-76.68305556,0,12,6,0,8,1,0,1,3,1,0,1,0,0000000,99,99,99,99,99,99,0,0,0,1,1,2233
240443_2010,24,240443,1,1,NULL,0,NULL,NULL,1,35,0,3,12,2010,6,8,5,0,6,3,SR-213,NULL,38,38.99480556,-76.07504444,0,24,0,0,1,1,0,4,1,1,0,1,0,0000000,8,6,8,7,8,45,0,0,0,1,1,2234
240443_2011,24,240443,1,1,0,1,1,1,1,5,0,17,12,2011,7,16,52,0,16,4,CO-5237,"CENTER PLACE",19,39.25851944,-76.52430833,0,8,0,0,2,2,0,1,3,1,0,1,0,0000000,99,99,99,99,99,99,0,0,0,1,0,2235
240444_2010,24,240444,1,1,NULL,0,NULL,NULL,2,27,0,31,12,2010,6,15,31,1,11,1,I-70,NULL,160,39.29611389,-76.855975,0,1,0,0,1,1,0,4,1,1,0,1,0,0000000,15,29,15,38,99,99,0,0,0,1,1,2236
240444_2011,24,240444,4,4,0,0,0,9,9,5,0,28,12,2011,4,14,45,1,11,1,I-83,NULL,29,39.41194444,-76.66178889,0,12,1,0,1,1,0,1,1,1,0,1,0,0000000,99,99,99,99,99,99,0,0,0,1,0,2237
240445_2010,24,240445,2,2,NULL,0,NULL,NULL,5,17,0,29,12,2010,4,16,21,1,2,3,SR-5,"GALLANT GREEN RD",29,38.54625278,-76.79713611,0,12,6,0,2,3,0,1,1,1,0,1,0,0000000,99,99,99,99,99,99,0,0,0,1,0,2238
240445_2011,24,240445,1,1,0,1,1,1,1,510,50,12,9,2011,2,9,10,0,13,8,"E. LOMBARD STREET","MARKET PLACE",0,39.28795278,-76.60698889,0,8,0,0,3,2,0,1,1,1,0,1,0,0000000,99,99,99,99,99,99,0,0,0,1,0,2239
240446_2010,24,240446,1,1,NULL,0,NULL,NULL,1,41,0,31,12,2010,6,22,6,0,6,3,SR-565,NULL,26,38.69204167,-76.06259722,0,42,0,0,1,1,0,6,2,1,0,1,0,0000000,99,99,99,99,88,88,0,0,0,1,1,2240
240446_2011,24,240446,2,2,0,0,0,2,2,21,0,31,12,2011,7,17,46,1,2,2,US-15,NULL,0,39.4545,-77.39875556,0,54,11,0,1,1,0,1,3,1,0,1,0,0000000,99,99,99,99,99,99,14,0,0,1,0,2241
240447_2010,24,240447,2,1,NULL,3,NULL,NULL,1,31,1360,29,12,2010,4,17,40,0,16,6,"FREDERICK AVE",NULL,4,39.09424722,-77.15275556,0,14,0,0,4,1,0,4,1,1,0,1,0,0000000,99,99,99,99,99,99,0,0,0,1,0,2242
240447_2011,24,240447,1,1,0,1,1,1,1,31,1360,7,12,2011,4,17,57,1,13,3,SR-355,"HALPINE RD",73,39.06172222,-77.12405556,0,8,0,0,2,2,0,1,3,2,0,2,0,0000000,99,99,99,99,99,99,0,0,0,1,0,2243
240448_2010,24,240448,1,1,NULL,0,NULL,NULL,1,27,0,23,12,2010,5,19,50,0,4,3,SR-144,NULL,104,39.30408611,-76.95804722,0,34,0,0,1,1,0,6,2,1,0,1,0,0000000,99,99,99,99,88,88,0,0,0,1,1,2244
240448_2011,24,240448,2,2,0,0,0,7,7,31,0,28,12,2011,4,16,18,1,13,3,SR-355,NULL,36,39.01316389,-77.09865556,0,12,2,0,1,1,0,1,5,1,0,1,0,0000000,99,99,99,99,99,99,0,0,0,1,0,2245
240449_2010,24,240449,1,1,NULL,0,NULL,NULL,2,5,0,8,12,2010,4,15,7,0,15,4,CO-811,NULL,21,39.45236667,-76.60613056,0,5,0,0,1,1,0,1,1,1,0,1,1,0000000,99,99,99,99,99,99,0,0,0,1,0,2246
240449_2011,24,240449,1,1,0,0,0,1,1,510,50,28,11,2011,2,8,19,0,13,8,"HARFORD RD",NULL,0,39.32270833,-76.58864722,0,33,0,0,1,1,0,4,1,1,0,1,0,0000000,99,99,99,99,99,99,0,0,0,1,0,2247
240450_2010,24,240450,1,1,NULL,0,NULL,NULL,3,31,0,12,12,2010,1,10,1,0,13,3,SR-650,NULL,147,39.16626944,-77.01541667,0,42,0,0,1,1,0,6,1,2,0,2,0,0000000,99,99,99,99,99,99,0,0,0,1,0,2248
240450_2011,24,240450,1,1,0,0,0,4,4,47,0,11,12,2011,1,12,23,0,5,3,SR-12,NULL,168,38.211,-75.45103611,0,34,0,0,1,1,0,4,1,1,0,1,0,0000000,99,99,99,99,99,99,0,0,0,1,0,2249
240451_2010,24,240451,1,1,NULL,0,NULL,NULL,1,3,0,14,12,2010,3,15,46,1,13,3,SR-2,NULL,0,39.14796667,-76.60959722,0,33,0,0,1,1,0,6,1,1,0,1,0,0000000,99,99,99,99,99,99,0,0,0,1,0,2250
240451_2011,24,240451,1,1,0,0,0,1,1,33,0,17,12,2011,7,4,30,1,11,1,"I-95 RAMP",SR-414,0,38.80353889,-76.99696667,0,1,0,1,5,1,0,4,3,1,0,1,0,0000000,99,99,99,99,88,88,0,0,0,1,1,2251
240452_2010,24,240452,2,2,NULL,1,NULL,NULL,5,33,240,21,12,2010,3,18,37,0,14,4,CO-3074,NULL,0,38.86631944,-76.91674167,0,8,0,0,1,1,0,1,3,1,0,1,0,0000000,99,99,99,99,99,99,0,0,0,1,0,2252
240452_2011,24,240452,3,3,0,0,0,11,11,510,50,28,11,2011,2,15,59,0,13,6,"700 W. PATAPSCO AVE",NULL,0,39.24129722,-76.62538056,0,33,0,0,1,1,0,3,1,1,0,1,1,0000000,99,99,99,99,99,99,0,0,0,1,0,2253
240453_2010,24,240453,1,1,NULL,0,NULL,NULL,1,33,0,28,9,2010,3,17,49,0,16,4,CO-199,NULL,8,38.76941667,-76.93696667,0,42,0,0,1,1,0,6,1,1,0,1,0,0000000,99,99,99,99,99,99,0,0,0,1,0,2254
240453_2011,24,240453,2,1,1,1,1,1,1,31,0,17,12,2011,7,4,57,0,13,3,SR-586,NULL,41,39.05043056,-77.07273889,0,33,0,0,1,1,0,4,3,1,0,1,0,0000000,99,99,99,99,99,99,0,0,0,1,0,2255
240454_2010,24,240454,1,1,NULL,0,NULL,NULL,1,33,0,17,3,2010,4,3,45,1,12,3,SR-295,NULL,69,99.9999,999.9999,9,99,99,8,98,8,0,98,2,1,0,1,0,0000000,99,99,99,99,88,88,0,0,0,1,1,2256
240454_2011,24,240454,1,1,0,0,0,2,2,510,50,13,7,2011,4,18,38,0,14,6,"THE ALAMEDA",NULL,0,39.32150556,-76.59090833,0,33,0,0,1,1,0,3,5,2,10,2,0,0000000,99,99,99,99,99,99,0,0,0,1,0,2257
240455_2010,24,240455,1,1,NULL,0,NULL,NULL,3,33,0,4,4,2010,1,2,54,1,12,3,SR-295,NULL,69,39.00437778,-76.86352778,1,99,98,8,98,8,0,98,2,1,0,1,0,0000000,99,99,99,99,99,99,0,0,0,2,1,2258
240455_2011,24,240455,2,2,0,0,0,2,2,510,50,16,7,2011,7,15,34,0,15,6,"BELLE AVE","FERNDALE AVE",0,39.33648333,-76.69856667,0,12,6,0,2,2,0,1,1,1,0,1,0,0000000,99,99,99,99,99,99,0,0,0,1,0,2259
240456_2010,24,240456,1,1,NULL,0,NULL,NULL,2,33,0,27,9,2010,2,4,2,1,12,3,SR-295,NULL,65,38.99457222,-76.88185278,0,99,99,8,98,8,0,98,2,2,0,2,0,0000000,99,99,99,99,99,99,0,0,0,1,1,2260
240456_2011,24,240456,1,1,0,1,1,1,1,23,1527,8,12,2011,5,6,15,0,4,3,SR-495,NULL,0,39.52066667,-79.235075,0,8,0,0,1,1,0,1,4,4,10,4,0,0000000,99,99,99,99,88,88,0,0,0,1,0,2261
240457_2010,24,240457,1,1,NULL,0,NULL,NULL,1,43,0,2,10,2010,7,2,35,0,4,2,US-40AL,NULL,95,39.51541389,-77.65736389,0,42,0,0,1,1,0,6,3,1,0,1,0,0000000,99,99,99,99,88,88,0,0,0,1,0,2262
240457_2011,24,240457,1,1,0,1,1,1,1,510,50,16,8,2011,3,18,37,1,13,2,US-40,NULL,0,39.29589167,-76.57611389,0,8,0,0,1,1,0,1,1,1,0,1,0,0000000,99,99,99,99,99,99,0,0,0,1,0,2263
240458_2010,24,240458,1,1,NULL,0,NULL,NULL,1,5,0,28,10,2010,5,10,13,0,4,3,SR-25,NULL,90,39.49033056,-76.70868889,0,31,0,0,1,1,0,6,1,1,0,1,0,0000000,10,15,10,31,99,99,0,0,0,1,1,2264
240459_2010,24,240459,2,2,NULL,1,NULL,NULL,2,33,0,19,11,2010,6,0,55,1,12,3,SR-295,NULL,115,39.05481667,-76.84018056,1,12,98,0,1,1,0,1,2,1,0,1,0,0000000,99,99,99,99,99,99,0,0,0,1,0,2265
240460_2010,24,240460,2,2,NULL,0,NULL,NULL,2,25,0,11,9,2010,7,1,29,0,15,4,CO-512,NULL,20,39.42417778,-76.31620556,0,12,2,0,1,1,0,1,3,1,0,1,0,0000000,2,33,2,37,3,3,0,0,0,1,1,2266
240461_2010,24,240461,1,1,NULL,0,NULL,NULL,1,15,1200,20,11,2010,7,5,42,0,13,2,US-40,NULL,9,39.57274722,-76.06487222,0,24,0,0,1,1,0,4,3,1,0,1,0,0000000,99,99,99,99,88,88,0,0,0,1,0,2267
240462_2010,24,240462,1,1,NULL,0,NULL,NULL,1,41,0,5,12,2010,1,5,21,0,5,4,CO-39,NULL,14,38.84198056,-76.12946111,0,32,0,0,1,1,0,6,2,1,0,1,0,0000000,99,99,99,99,88,88,0,0,0,1,0,2268
240463_2010,24,240463,2,2,NULL,0,NULL,NULL,3,510,50,3,10,2010,1,22,25,0,13,6,"POTEE ST","W. PATAPSCO AVE",0,39.23906667,-76.61105556,0,12,6,0,2,2,0,1,3,2,0,2,0,0000000,99,99,99,99,99,99,0,0,0,1,1,2269
240464_2010,24,240464,1,1,NULL,0,NULL,NULL,2,33,0,4,12,2010,7,23,44,0,14,3,SR-218,NULL,16,38.85088889,-76.92913333,0,1,0,0,1,1,0,3,2,1,0,1,0,0000000,99,99,99,99,99,99,0,0,0,1,1,2270
240465_2010,24,240465,3,3,NULL,0,NULL,NULL,4,510,50,11,9,2010,7,19,0,0,13,3,SR-151,NULL,0,39.30346944,-76.55429444,0,12,7,0,1,1,0,1,1,1,0,1,0,0000000,99,99,99,99,99,99,0,0,0,1,1,2271
240466_2010,24,240466,1,1,NULL,1,NULL,NULL,1,33,0,24,12,2010,6,22,46,1,12,8,GV-119,NULL,5,38.85233889,-76.95175,1,8,0,0,1,1,0,1,2,1,0,1,0,0000000,99,99,99,99,99,99,0,0,0,1,0,2272
240467_2010,24,240467,3,3,NULL,0,NULL,NULL,4,33,9898,26,12,2010,1,1,5,1,12,3,SR-295,NULL,115,39.05271944,-76.84189722,0,12,98,0,1,1,0,1,2,1,0,1,0,0000000,99,99,99,99,99,99,0,0,0,2,0,2273
100001_2015,10,100001,1,1,0,0,0,1,1,1,0,2,1,2015,6,0,10,0,NULL,8,"BRENFORD RD",NULL,7,39.22551111,-75.62615,0,42,0,0,1,1,0,4,2,1,0,1,0,0000000,99,98,99,98,99,98,0,0,0,1,1,2817
100002_2015,10,100002,1,1,0,0,0,1,1,3,0,11,1,2015,1,2,55,1,NULL,1,"I-95 S/B",NULL,136,39.64911944,-75.73106111,0,24,0,0,1,1,0,4,2,1,0,1,0,0000000,2,57,3,3,88,88,0,0,0,1,1,2818
100003_2015,10,100003,1,1,0,0,0,1,1,5,0,11,1,2015,1,3,35,0,NULL,6,"DOUBLE BRIDGES RD",NULL,14,38.51268889,-75.10343056,0,42,0,0,1,1,0,4,2,1,0,1,0,0000000,3,40,3,47,88,88,0,0,0,1,1,2819
100004_2015,10,100004,2,2,0,1,1,2,2,3,0,12,1,2015,2,6,25,0,NULL,3,"SR-9 NAAMANS RD","SOCIETY DRIVE",0,39.81718056,-75.45881944,0,8,0,1,2,2,0,1,2,12,3,3,0,0000000,6,25,6,35,7,2,0,0,0,1,0,2820
100005_2015,10,100005,2,2,0,0,0,2,2,3,0,15,1,2015,5,12,56,0,NULL,3,"SR-41 LANCASTER PIKE",NULL,17,39.78546944,-75.68546944,0,12,6,0,1,1,0,1,1,1,0,1,0,0000000,12,55,12,57,88,88,0,0,0,1,0,2821
100006_2015,10,100006,5,5,0,1,1,5,5,3,490,31,1,2015,7,21,11,1,NULL,1,I-95,NULL,0,39.75283056,-75.55363889,0,8,0,0,1,1,0,1,2,1,0,1,0,0000000,21,12,21,24,88,88,0,0,0,1,0,2822
100007_2015,10,100007,1,1,0,1,1,1,1,1,0,12,1,2015,2,13,57,0,NULL,8,"PEACH BLOSSOM DR",NULL,1,39.09803056,-75.5198,0,8,0,0,1,1,0,1,1,2,0,2,0,0000000,13,58,14,6,14,21,0,0,0,1,0,2823
100008_2015,10,100008,1,1,0,0,0,1,1,1,0,4,2,2015,4,2,31,0,NULL,8,"PEARSONS CORNER RD",NULL,48,39.18696944,-75.63955,0,30,0,0,1,1,0,4,2,1,0,1,0,0000000,2,35,2,51,88,88,0,0,0,1,1,2824
100009_2015,10,100009,2,2,0,0,0,3,3,3,0,1,2,2015,1,2,22,0,NULL,3,"SR-41 NEWPORT GAP PIKE",NULL,43,39.77133056,-75.67035,0,12,7,0,1,1,0,1,2,1,0,1,0,0000000,2,22,2,25,3,0,0,0,0,1,0,2825
100010_2015,10,100010,2,2,0,0,0,2,2,3,0,6,2,2015,6,10,18,0,NULL,2,"US-13 S/B DUPONT PKWY","DUCK CREEK RD",99,39.32483056,-75.62188889,0,12,1,1,2,2,0,1,1,1,0,1,0,0000000,10,21,10,21,10,48,0,0,0,1,0,2826
100011_2015,10,100011,6,6,0,0,0,10,10,3,0,10,2,2015,3,7,17,0,NULL,2,"US-13 S. DUPONT HWY N/B","HAMBURG RD",7,39.62055,-75.64181111,0,12,7,1,2,2,0,1,1,10,0,10,0,0000000,7,18,7,23,7,46,0,0,0,1,0,2827
100012_2015,10,100012,2,2,0,0,0,6,6,5,0,7,3,2015,7,11,49,0,NULL,3,"SR-5 HARBESON RD","FOREST RD",28,38.69758889,-75.25868056,0,12,6,1,2,2,0,1,1,1,0,1,0,0000000,11,59,12,1,12,24,20,0,0,1,0,2828
100013_2015,10,100013,1,1,0,1,1,3,3,3,0,8,3,2015,1,1,26,1,NULL,1,"I-95 SOUTHBOUND",NULL,77,39.68966111,-75.63841944,0,8,0,0,1,1,0,1,3,1,0,1,0,0000000,1,26,1,34,88,88,0,0,0,1,0,2829
100014_2015,10,100014,1,1,0,1,1,1,1,5,0,14,3,2015,7,0,45,0,NULL,2,"US-9 LEWES-GEORGETOWN HWY",NULL,313,38.74573889,-75.18103889,0,8,0,0,1,1,0,1,2,2,0,2,0,0000000,0,50,0,55,99,99,0,0,0,1,0,2830
100015_2015,10,100015,2,2,0,0,0,5,5,3,0,23,3,2015,2,22,36,0,NULL,3,"SR-48 LANCASTER PIKE","OLD WILMINGTON RD",37,39.767,-75.6557,0,12,6,1,2,3,0,1,2,1,0,1,0,0000000,22,37,22,43,23,6,0,0,0,2,0,2831
100016_2015,10,100016,2,2,0,0,0,3,3,1,0,12,4,2015,1,19,10,0,NULL,8,"SOUTH STATE STREET","NORTH OLD MILL RD",65,39.12536944,-75.51721944,0,12,2,1,2,3,0,1,1,1,0,1,0,0000000,19,12,19,18,99,99,0,0,0,1,0,2832
100017_2015,10,100017,3,3,0,0,0,3,3,3,360,16,4,2015,5,2,19,1,NULL,1,"I-95 JOHN F KENNEY MEMORIAL HW",NULL,17,39.64641111,-75.75961111,0,12,2,0,1,1,0,1,2,1,0,1,0,0000000,2,19,2,30,2,55,0,0,0,1,1,2833
100018_2015,10,100018,1,1,0,0,0,1,1,5,0,2,5,2015,7,13,9,0,NULL,2,"US-9 COUNTY SEAT HWY",NULL,100,38.65431111,-75.42786944,0,34,0,0,1,1,0,4,1,1,0,1,0,0000000,13,13,13,17,88,88,0,0,0,1,0,2834
100019_2015,10,100019,2,2,0,0,0,3,3,1,0,3,5,2015,1,11,50,0,NULL,3,"SR-1 BAY ROAD",NULL,80,39.0111,-75.45881111,0,12,1,0,1,1,0,1,1,1,0,1,0,0000000,11,54,11,57,99,99,0,0,0,1,1,2835