st_case_year,STATE,ST_CASE,VE_TOTAL,VE_FORMS,PVH_INVL,PEDS,PERNOTMVIT,PERMVIT,PERSONS,COUNTY,CITY,DAY,MONTH,YEAR,DAY_WEEK,HOUR,MINUTE,NHS,ROAD_FNC,ROUTE,TWAY_ID,TWAY_ID2,MILEPT,LATITUDE,LONGITUD,SP_JUR,HARM_EV,MAN_COLL,RELJCT1,RELJCT2,TYP_INT,WRK_ZONE,REL_ROAD,LGT_COND,WEATHER1,WEATHER2,WEATHER,SCH_BUS,RAIL,NOT_HOUR,NOT_MIN,ARR_HOUR,ARR_MIN,HOSP_HR,HOSP_MN,CF1,CF2,CF3,FATALS,DRUNK_DR,idno
100020_2015,10,100020,2,2,0,0,0,2,2,5,0,4,5,2015,2,18,31,0,NULL,3,"SR-24 JOHN J WILLIAMS HWY","MULBERRY KNOLL RD",17,38.7173,-75.14898056,0,12,6,1,2,2,0,1,1,1,0,1,0,0000000,18,33,18,35,18,58,0,0,0,1,2,2836
100021_2015,10,100021,2,2,0,0,0,2,2,5,0,19,5,2015,3,7,42,0,NULL,2,"US-9 COUNTY SEAT HWY","ASBURY RD",0,38.6266,-75.47308056,0,12,6,1,3,2,0,1,1,10,0,10,0,0000000,7,43,7,51,8,11,0,0,0,1,0,2837
100022_2015,10,100022,1,1,0,0,0,1,1,3,0,29,5,2015,6,5,37,0,NULL,8,"COX NECK RD",NULL,16,39.58115,-75.62131111,0,35,0,0,1,1,0,4,4,10,0,10,0,0000000,5,40,5,51,99,99,0,0,0,1,0,2838
100023_2015,10,100023,1,1,0,0,0,1,1,5,0,8,6,2015,2,19,32,0,NULL,3,"SR-30 MOUNT JOY RD",NULL,14,38.63213889,-75.29381944,0,30,0,0,1,1,0,4,5,1,0,1,0,0000000,19,34,19,43,99,99,0,0,0,1,0,2839
100024_2015,10,100024,1,1,0,1,1,1,1,3,0,10,6,2015,4,0,5,0,NULL,3,"SR-2 KIRKWOOD HWY",NULL,64,39.71776111,-75.67005,0,8,0,0,1,1,0,1,2,1,0,1,0,0000000,0,3,0,8,0,24,0,0,0,1,0,2840
100025_2015,10,100025,1,1,0,0,0,1,1,3,0,13,6,2015,7,3,54,0,NULL,8,"DEXTER CORNER RD",NULL,39,39.38675,-75.69116944,0,35,0,0,1,1,0,4,2,1,0,1,0,0000000,3,35,3,43,99,99,0,0,0,1,1,2841
100026_2015,10,100026,2,2,0,0,0,2,2,5,200,16,6,2015,3,14,27,0,NULL,8,"BRIDGEVILLE RD",NULL,187,38.69768056,-75.39483056,0,12,6,0,1,1,0,1,1,1,0,1,0,0000000,14,58,15,1,15,33,0,0,0,1,0,2842
100027_2015,10,100027,1,1,0,1,1,1,1,3,0,21,7,2015,3,6,38,0,NULL,2,"US-13 DUPONT PKWY",NULL,36,39.67713889,-75.59363056,0,8,0,0,1,1,0,1,1,1,0,1,0,0000000,99,99,99,99,99,99,0,0,0,1,0,2843
100028_2015,10,100028,2,2,0,0,0,2,2,3,0,18,7,2015,7,21,32,0,NULL,3,"SR-9 NEW CASTLE AVE","PYLES LANE",0,39.71503056,-75.54713056,0,12,1,1,2,3,0,1,3,1,0,1,0,0000000,21,32,21,37,21,58,0,0,0,1,1,2844
100029_2015,10,100029,1,1,0,1,1,1,1,1,130,1,1,2015,5,4,14,0,NULL,8,"KENTON RD",NULL,3,39.16303889,-75.55795,0,15,0,0,1,1,0,1,3,1,0,1,0,0000000,99,99,99,99,99,99,0,0,0,1,0,2845
100030_2015,10,100030,1,1,0,0,0,2,2,1,130,6,2,2015,6,5,24,0,NULL,6,"S. LITTLE CREEK RD",NULL,15,39.15683056,-75.49783889,0,5,0,0,1,1,0,1,3,10,0,10,0,0000000,99,99,99,99,99,99,0,0,0,1,0,2846
100031_2015,10,100031,1,1,0,1,1,1,1,3,360,8,3,2015,1,1,33,0,NULL,6,"DELAWARE AVE","S. CHAPEL ST",32,39.68218889,-75.74518889,0,8,0,1,2,2,0,1,3,1,0,1,0,0000000,99,99,99,99,99,99,0,0,0,1,1,2847
100032_2015,10,100032,1,1,0,0,0,2,2,3,360,23,3,2015,2,1,18,0,NULL,6,"SOUTH COLLEGE AVE S/B",NULL,19,39.65591111,-75.75148056,0,42,0,0,1,1,0,4,3,1,0,1,0,0000000,99,99,99,99,99,99,0,0,0,1,1,2848
100033_2015,10,100033,1,1,0,0,0,1,1,5,0,12,2,2015,5,1,10,0,NULL,2,"US-9 COUNTY SEAT HWY",NULL,0,38.64243889,-75.44336111,0,30,0,0,1,1,0,4,2,1,0,1,0,0000000,1,14,1,23,99,99,0,0,0,1,1,2849
100034_2015,10,100034,1,1,0,0,0,6,6,5,0,21,3,2015,7,4,30,0,NULL,4,"CR-494 OLD SHARPTOWN RD",NULL,10,38.54683056,-75.6837,0,30,0,0,1,1,0,4,2,1,0,1,0,0000000,4,32,4,43,5,44,0,0,0,1,1,2850
100035_2015,10,100035,1,1,0,1,1,1,1,1,0,30,4,2015,5,4,53,0,NULL,2,"US-13 DUPONT HWY",NULL,37,39.23988889,-75.58563056,0,8,0,0,1,1,0,1,2,10,0,10,0,0000000,4,59,5,6,99,99,0,0,0,1,0,2851
100036_2015,10,100036,1,1,0,1,1,1,1,3,0,4,5,2015,2,1,4,0,NULL,2,"US-40 PULASKI HWY",NULL,58,39.60946944,-75.70898889,0,8,0,0,1,1,0,1,2,1,0,1,0,0000000,1,4,1,10,99,99,0,0,0,1,0,2852
100037_2015,10,100037,2,2,0,0,0,2,2,3,0,1,6,2015,2,15,54,0,NULL,2,"US-13 DUPONT PKWY","FIELDSBORO RD",0,39.41753056,-75.65868056,0,12,6,1,3,3,0,1,1,10,0,10,0,0000000,15,53,16,2,99,99,0,0,0,1,0,2853
100038_2015,10,100038,2,2,0,0,0,2,2,1,0,8,6,2015,2,14,12,0,NULL,8,"HAZLETTVILLE RD",NULL,11,39.12783889,-75.67290278,0,12,6,0,1,1,0,1,1,1,0,1,0,0000000,14,16,14,21,14,51,0,0,0,1,0,2854
100039_2015,10,100039,1,1,0,0,0,1,1,5,0,20,6,2015,7,22,28,0,NULL,8,"COVERDALE RD",NULL,0,38.70548889,-75.53348889,0,42,0,0,1,1,0,4,2,2,0,2,0,0000000,22,32,22,46,23,11,0,0,0,1,1,2855
100040_2015,10,100040,1,1,0,1,1,1,1,5,200,6,7,2015,2,4,35,0,NULL,2,"US-13 NORTH DUPONT HWY",NULL,200,38.69588056,-75.39978889,0,8,0,0,1,1,0,1,3,10,0,10,0,0000000,4,36,4,41,5,6,0,0,0,1,0,2856
100041_2015,10,100041,2,2,0,0,0,3,3,3,0,11,7,2015,7,14,54,0,NULL,2,"US-301 SUMMIT BRIDGE RD",NULL,22,39.48073056,-75.72015,0,12,2,0,1,1,0,1,1,1,0,1,0,0000000,14,56,15,1,15,45,0,0,0,1,0,2857
100042_2015,10,100042,1,1,0,1,1,2,2,3,0,16,7,2015,5,22,2,0,NULL,3,"SR-4 CHESTNUT HILL RD",NULL,14,39.66543889,-75.71953056,0,8,0,0,1,1,0,1,2,1,0,1,0,0000000,22,2,22,12,22,21,0,0,0,1,0,2858
100043_2015,10,100043,1,1,0,2,2,1,1,3,0,16,7,2015,5,22,33,0,NULL,8,"CHRISTIANA RD",NULL,16,39.66333056,-75.6342,0,8,0,0,1,1,0,1,3,1,0,1,0,0000000,22,33,22,38,22,54,0,0,0,1,0,2859
100044_2015,10,100044,2,2,0,0,0,5,5,3,0,23,7,2015,5,7,6,1,NULL,1,I-495,NULL,38,39.69588889,-75.57685,0,35,0,0,1,1,0,3,1,1,0,1,0,0000000,7,6,7,16,7,36,0,0,0,1,1,2860
100045_2015,10,100045,2,2,0,0,0,2,2,1,0,31,7,2015,6,13,3,0,NULL,3,"SR-10 E LEBANON RD","US-113 ON RAMP",2,39.12986944,-75.49451111,0,12,11,1,2,3,0,1,1,1,0,1,0,0000000,13,6,13,14,13,23,0,0,0,1,0,2861
100046_2015,10,100046,2,2,0,0,0,2,2,3,0,1,8,2015,7,19,41,0,NULL,2,"US-13 N/B DUPONT PKWY",NULL,15,39.47453056,-75.65101944,0,12,7,0,1,1,0,2,5,1,0,1,0,0000000,19,42,19,47,99,99,0,0,0,1,0,2862
100047_2015,10,100047,1,1,0,0,0,3,3,1,0,9,8,2015,1,5,40,0,NULL,3,"SR-1 BAY RD S/B",NULL,119,38.96495,-75.4317,0,42,0,0,1,1,0,4,2,1,0,1,0,0000000,5,43,5,48,99,99,0,0,0,1,0,2863
100048_2015,10,100048,1,1,0,1,1,1,1,3,0,5,9,2015,7,22,55,0,NULL,2,"US-40 PULASKI HWY",NULL,130,39.63061944,-75.66428056,0,8,0,0,1,1,0,1,2,1,0,1,0,0000000,22,55,23,0,99,99,0,0,0,1,1,2864
100049_2015,10,100049,1,1,0,0,0,2,2,5,0,7,9,2015,2,17,46,0,NULL,8,"BROADKILL RD",NULL,266,38.81821944,-75.22286944,0,59,0,0,1,1,0,4,1,1,0,1,0,0000000,17,51,18,1,99,99,0,0,0,1,0,2865
100050_2015,10,100050,1,1,0,2,2,1,1,3,0,9,9,2015,4,23,30,0,NULL,8,"BASIN AVE","NOTRE DAME AVE",51,39.67088056,-75.58381111,0,8,0,0,3,3,0,1,2,1,0,1,0,0000000,23,32,23,37,23,59,0,0,0,1,0,2866
100051_2015,10,100051,3,3,0,0,0,4,4,3,0,26,8,2015,4,15,3,0,NULL,8,"GRUBB ROAD","ANDYS LANE",3,39.82588056,-75.5258,0,12,6,1,2,3,0,1,1,1,0,1,0,0000000,15,5,15,9,15,49,0,0,0,1,0,2867
100052_2015,10,100052,1,1,0,0,0,1,1,1,0,7,6,2015,1,16,19,0,NULL,8,"EVENS RD","FIRETOWER RD",35,39.03801944,-75.59283056,0,34,0,1,19,1,0,4,1,1,0,1,0,0000000,16,21,16,24,16,56,0,0,0,1,0,2868
100053_2015,10,100053,2,2,0,0,0,2,2,3,0,28,7,2015,3,6,58,0,NULL,3,"SR-273 HARES CORNER RD","AIRPORT RD",1,39.66293889,-75.63906944,0,12,6,1,2,2,0,1,1,1,0,1,0,0000000,6,50,6,56,7,54,0,0,0,1,0,2869
100054_2015,10,100054,2,2,0,1,1,2,2,3,0,7,8,2015,6,23,15,0,NULL,2,"US-40 PULASKI HWY",NULL,59,39.60906944,-75.71008889,0,8,0,0,1,1,0,1,2,1,0,1,0,0000000,23,15,23,18,23,47,0,0,0,1,0,2870
100055_2015,10,100055,1,1,0,0,0,2,2,1,0,27,8,2015,5,1,6,0,NULL,2,"US-13 SOUTH DUPONT BLVD",NULL,13,39.27311111,-75.5903,0,5,0,0,1,1,0,1,2,1,0,1,0,0000000,1,11,1,20,99,99,0,0,0,1,0,2871
100056_2015,10,100056,2,2,0,0,0,2,2,1,0,1,9,2015,3,16,51,0,NULL,3,"SR-15 KENTON RD","CENTRAL CHURCH RD",32,39.19208889,-75.59516944,0,12,2,1,2,2,0,1,1,1,0,1,0,0000000,16,55,17,0,17,16,0,0,0,1,0,2872
100057_2015,10,100057,1,1,0,0,0,1,1,3,0,27,9,2015,1,22,22,0,NULL,8,"PENCADER DRIVE",NULL,5,39.61221111,-75.75868889,0,31,0,0,1,1,0,4,3,1,0,1,0,0000000,22,23,22,32,99,99,0,0,0,1,1,2873
100058_2015,10,100058,2,2,0,0,0,2,2,3,0,12,10,2015,2,15,19,0,NULL,8,"TAYLORS BRIDGE RD",NULL,70,39.40985,-75.62538056,0,12,6,0,4,1,0,1,1,1,0,1,0,0000000,15,20,15,34,15,57,0,0,0,2,0,2874
100059_2015,10,100059,2,2,0,0,0,2,2,5,0,18,10,2015,1,19,9,0,NULL,3,"SR-5 HARBESON RD",NULL,120,38.70328889,-75.26936111,0,12,2,0,1,1,0,1,2,1,0,1,0,0000000,19,10,19,18,19,55,0,0,0,1,0,2875
100060_2015,10,100060,2,2,0,0,0,2,2,3,0,4,11,2015,4,13,21,0,NULL,2,"US-301 SUMMIT BRIDGE RD","OLD SCHOOL RD",37,39.5029,-75.71263889,0,12,6,1,2,3,0,1,1,1,0,1,0,0000000,13,24,13,58,99,99,0,0,0,1,0,2876
100061_2015,10,100061,1,1,0,0,0,1,1,5,0,8,5,2015,6,20,50,0,NULL,8,"BLANCHARD ROAD","SHIRLEY ROAD",0,38.79041111,-75.64923889,0,1,0,1,3,3,0,1,5,1,0,1,0,0000000,19,54,20,3,21,27,0,0,0,1,1,2877
100062_2015,10,100062,1,1,0,1,1,2,2,5,0,25,7,2015,7,1,37,0,NULL,2,"US-113 SOUTH DUPONT HWY",NULL,244,38.59211944,-75.30725,9,8,0,0,1,1,0,1,2,1,0,1,0,0000000,1,38,1,44,99,99,0,0,0,1,0,2878
100063_2015,10,100063,1,1,0,0,0,1,1,1,70,13,6,2015,7,18,41,0,NULL,9,"WILLOW GROVE ROAD","FIVEFOOT PRONG ROAD",58,39.05426111,-75.63936944,0,1,0,0,3,3,0,4,1,1,0,1,0,0000000,18,45,18,54,19,3,0,0,0,1,1,2879
100064_2015,10,100064,1,1,0,0,0,1,1,3,0,6,2,2015,6,12,20,0,NULL,9,"FRENCHTOWN MANOR ROAD",NULL,0,39.59435,-75.77483889,0,42,0,0,1,1,0,6,1,1,0,1,0,0000000,99,99,99,99,99,99,0,0,0,1,0,2880
100065_2015,10,100065,1,1,0,1,1,1,1,1,130,16,3,2015,2,16,47,0,NULL,9,"US 13A NORTH STATE STREET","WALKER RD",34,39.17391111,-75.52998056,0,8,0,0,1,1,0,1,1,1,0,1,0,0000000,99,98,99,98,99,98,0,0,0,1,0,2881
100066_2015,10,100066,2,2,0,0,0,3,3,5,200,30,5,2015,7,11,27,0,NULL,9,"WILSON RD","SAVANNAH RD",22,38.72396111,-75.37761111,0,12,6,1,2,98,0,1,1,1,0,1,0,0000000,11,27,11,51,12,47,0,0,0,1,1,2882
100067_2015,10,100067,1,1,0,1,1,2,2,3,490,14,11,2015,7,17,57,0,NULL,3,"SR-2 KIRKWOOD HIGHWAY","DELAWARE PARK ROAD",80,39.7138,-75.67555,0,8,0,8,2,98,0,1,2,1,0,1,0,0000000,17,59,18,5,18,19,0,0,0,1,0,2883
100068_2015,10,100068,1,1,0,1,1,1,1,5,410,5,6,2015,6,20,51,0,NULL,9,"MILLER RD","COASTAL HIGHWAY",220,38.72368889,-75.12375,0,9,0,0,1,1,0,1,2,1,0,1,0,0000000,20,54,20,55,21,12,0,0,0,1,0,2884
100069_2015,10,100069,2,2,0,0,0,3,3,3,370,13,7,2015,2,15,25,0,NULL,9,"MOORES LANE","MIDFIELD ROAD",13,39.69098056,-75.56636111,0,12,6,0,1,1,0,1,1,1,0,1,0,0000000,99,99,99,99,99,99,0,0,0,1,0,2885
100070_2015,10,100070,1,1,0,0,0,1,1,5,200,27,7,2015,2,11,32,0,NULL,9,"SAVANNAH ROAD","RUDD ROAD",15,38.71331111,-75.37713889,0,42,0,0,1,1,0,4,1,10,0,10,0,0000000,11,32,11,42,88,88,0,0,0,1,1,2886
100071_2015,10,100071,2,2,0,0,0,5,5,5,210,31,7,2015,6,18,58,0,NULL,9,"BLACKSMITH SHOP ROAD","STAYTONVILLE ROAD",23,38.83806111,-75.50501944,0,12,6,0,2,2,0,1,1,1,0,1,0,0000000,19,0,19,12,19,39,0,0,0,1,0,2887
100072_2015,10,100072,1,1,0,0,0,1,1,3,490,5,7,2015,1,2,5,0,NULL,9,"MCKENNANS CHURCH ROAD","DUNCAN ROAD",11,39.74673889,-75.65973056,0,33,0,0,1,1,0,4,2,1,0,1,0,0000000,88,88,88,88,88,88,0,0,0,1,1,2888
100073_2015,10,100073,2,2,0,0,0,2,2,3,490,14,7,2015,3,13,37,0,NULL,9,"800 BLOCK OF DELAWARE AVENUE",NULL,72,39.75076944,-75.55463889,0,12,6,0,1,1,0,1,1,10,0,10,0,0000000,99,99,99,99,99,99,0,0,0,1,0,2889
100074_2015,10,100074,2,2,0,0,0,2,2,1,450,23,7,2015,5,15,33,0,NULL,9,"WEST GLENWOOD AVENUE","S/W FROM HIGH STREET EXTENDED",4,39.29896944,-75.61586944,0,12,2,0,1,1,0,1,1,1,0,1,0,0000000,99,99,99,99,99,99,0,0,0,1,2,2890
100075_2015,10,100075,2,2,0,0,0,2,2,5,420,12,8,2015,4,12,48,0,NULL,2,US-13,"ELKS ROAD",51,38.69013056,-75.59051944,0,12,1,0,1,1,0,1,1,1,0,1,0,0000000,12,50,12,55,99,99,0,0,0,1,0,2891
100076_2015,10,100076,1,1,0,1,1,1,1,5,260,25,8,2015,3,16,53,0,NULL,2,US-13,"S/B SUSSEX HIGHWAY",36,38.59116111,-75.57573889,0,8,0,0,1,1,0,1,1,1,0,1,0,0000000,16,53,17,0,17,20,0,0,0,1,0,2892
100077_2015,10,100077,1,1,0,0,0,1,1,5,260,25,8,2015,3,20,9,0,NULL,3,"SR-24 LAUREL RD","WEST OF CHRIST CHURCH RD",99,38.55501944,-75.53663889,0,35,0,0,1,1,0,4,2,1,0,1,0,0000000,20,11,20,16,99,98,0,0,0,1,1,2893
100078_2015,10,100078,1,1,0,0,0,2,2,3,370,8,11,2015,1,21,35,0,NULL,3,"SR-9/RIVER RD",NULL,0,39.58990833,-75.62994444,0,11,0,0,1,1,0,1,3,1,0,1,0,0000000,20,41,20,43,21,10,0,0,0,1,0,2894
100079_2015,10,100079,6,6,0,0,0,7,7,3,490,2,10,2015,6,7,43,0,NULL,2,"US-13 S WALNUT ST",NULL,6,39.72449444,-75.55581111,0,12,6,0,1,1,0,1,1,10,2,2,1,0000000,7,48,7,54,8,10,23,0,0,1,0,2895
100080_2015,10,100080,1,1,0,1,1,1,1,3,360,10,11,2015,3,0,43,0,NULL,2,"US-40/PULASKI HWY",NULL,40,39.62378056,-75.68152778,0,8,0,0,1,1,0,1,2,2,0,2,0,0000000,0,42,0,50,88,88,0,0,0,1,0,2896
100081_2015,10,100081,1,1,0,1,1,1,1,3,360,30,12,2015,4,20,34,0,NULL,6,"OLD BALTIMORE PK","HANNA DR",45,39.64743056,-75.70803889,0,8,0,0,3,2,0,1,3,2,0,2,0,0000000,20,31,20,40,20,53,0,0,0,1,0,2897
100082_2015,10,100082,2,2,0,0,0,3,3,3,8,7,11,2015,7,22,22,1,NULL,2,"US-40/PULASKI HWY",SR-1,0,39.63776111,-75.65149722,0,12,6,8,2,2,0,1,3,10,0,10,0,0000000,22,22,22,37,22,47,0,0,0,1,1,2898
100083_2015,10,100083,3,3,0,0,0,3,3,5,200,7,11,2015,7,21,3,0,NULL,2,"US-113/DUPONT BLVD",NULL,0,38.75808333,-75.4381,0,12,2,0,1,1,0,1,2,10,0,10,0,0000000,21,9,21,13,21,40,0,0,0,1,0,2899
100084_2015,10,100084,2,1,1,0,0,2,2,3,8,25,12,2015,6,1,31,0,NULL,2,"US-40/301 PULASKY HWY",NULL,16,39.6428,-75.64285,0,14,0,0,1,1,0,2,2,2,5,2,0,0000000,1,36,1,42,2,4,0,0,0,1,1,2900
100085_2015,10,100085,1,1,0,1,1,1,1,3,490,3,10,2015,7,22,16,0,NULL,3,"SR-4/MARYLAND AVE",NULL,63,39.73846111,-75.56445,0,8,0,0,1,1,0,1,2,10,0,10,0,0000000,99,99,99,99,99,99,99,99,99,1,0,2901
100086_2015,10,100086,1,1,0,1,1,1,1,3,360,19,10,2015,2,20,45,0,NULL,2,"US-40/PULASKI HWY",NULL,3,39.65098611,-75.62212778,0,8,0,0,1,1,0,1,3,1,0,1,0,0000000,20,46,20,49,21,5,0,0,0,1,0,2902
100087_2015,10,100087,1,1,0,0,0,2,2,1,130,19,10,2015,2,17,36,0,NULL,3,"SR-1/KOREAN WAR VETERANS MEM",NULL,68,39.22042778,-75.56341111,0,42,0,0,1,1,0,4,1,1,0,1,0,0000000,17,40,17,44,18,30,0,0,0,1,1,2903
100088_2015,10,100088,2,2,0,0,0,3,3,5,260,23,12,2015,4,10,11,9,NULL,2,"US-13 SUSSEX HWY",NULL,0,38.51185,-75.55725,0,12,6,0,1,1,0,1,1,2,0,2,0,0000000,10,18,10,22,10,55,0,0,0,2,0,2904
100089_2015,10,100089,1,1,0,1,1,1,1,1,130,13,10,2015,3,21,55,0,NULL,2,"US-13/N DUPONT HWY",NULL,77,39.19162222,-75.54421944,0,8,0,0,1,1,0,1,2,10,0,10,0,0000000,99,99,99,99,99,99,0,0,0,1,0,2905
100090_2015,10,100090,1,1,0,1,1,3,3,1,130,12,10,2015,2,17,57,0,NULL,6,"HAZLETTVILLE RD",NULL,53,39.15004722,-75.56073889,0,9,0,0,1,1,0,1,5,1,0,1,0,0000000,99,99,99,99,99,99,0,0,0,1,0,2906
100091_2015,10,100091,2,2,0,0,0,2,2,3,360,2,10,2015,6,15,4,0,NULL,6,"OLD BALTIMORE PIKE",NULL,32,39.64141667,-75.73303889,0,12,2,0,1,1,0,1,1,2,0,2,0,0000000,15,6,15,12,15,36,0,0,0,1,0,2907
100092_2015,10,100092,2,2,0,0,0,2,2,5,180,7,10,2015,4,17,15,0,NULL,4,"CR-376/PEPPER RD","CR-392/GUM RD",36,38.51033889,-75.22771944,0,12,6,0,2,3,0,1,1,1,0,1,0,0000000,17,19,17,24,18,8,0,0,0,1,0,2908
100093_2015,10,100093,2,2,0,0,0,2,2,5,200,5,10,2015,2,20,58,0,NULL,6,"WILSON ROAD","DONOVANS ROAD",11,38.71928056,-75.38871944,0,12,6,0,2,2,0,1,2,1,0,1,0,0000000,21,0,21,4,88,88,0,0,0,1,1,2909
100094_2015,10,100094,1,1,0,1,1,1,1,3,460,3,10,2015,7,2,25,0,NULL,2,"US-13/DUPONT PKWY",NULL,7,39.44761111,-75.66443889,0,8,0,0,1,1,0,1,2,10,2,2,0,0000000,2,4,2,15,88,88,0,0,0,1,1,2910
100095_2015,10,100095,2,2,0,0,0,2,2,1,130,21,10,2015,4,14,5,0,NULL,6,"NEW BURTON RD",NULL,12,39.13170556,-75.54654722,0,12,2,0,1,1,1,1,1,1,0,1,0,0000000,14,8,14,12,99,99,0,0,0,1,0,2911
100096_2015,10,100096,1,1,0,1,1,1,1,3,150,21,12,2015,2,17,43,9,NULL,6,"N LINCOLN ST","W 9TH ST",146,39.75311111,-75.56888889,0,8,0,0,3,2,0,1,3,10,0,10,0,0000000,99,99,99,99,99,99,0,0,0,1,1,2912
100097_2015,10,100097,2,2,0,0,0,2,2,1,320,17,12,2015,5,12,15,0,NULL,3,"SR-15 CANTERBURY RD","ROTHERMEL RD",31,38.96401111,-75.48391944,0,12,6,0,2,3,0,1,1,2,0,2,0,0000000,12,17,12,24,12,48,0,0,0,1,0,2913
100098_2015,10,100098,2,2,0,0,0,2,2,5,140,9,12,2015,4,13,47,0,NULL,6,"CR-224 FLEATOWN RD","CR-213 N OLD STATE RD",0,38.82826944,-75.42918056,0,12,6,0,2,2,0,1,1,1,0,1,0,0000000,13,46,13,50,14,17,0,0,0,1,0,2914
100099_2015,10,100099,2,2,0,0,0,6,6,3,8,29,11,2015,1,10,15,0,NULL,3,"SR-1/13 KOREANWAR VETERANS HWY",NULL,0,39.61668889,-75.64496944,0,12,6,0,1,1,0,1,1,10,2,2,0,0000000,10,20,10,29,10,54,0,0,0,1,0,2915
100100_2015,10,100100,2,2,0,0,0,2,2,1,130,25,11,2015,4,21,1,0,NULL,2,"US-13/N DUPONT HWY","MARION RD",0,39.20768889,-75.56616667,0,12,6,0,8,1,0,1,2,1,0,1,0,0000000,21,6,21,11,99,99,0,0,0,1,0,2916
100101_2015,10,100101,2,2,0,0,0,5,5,3,490,8,11,2015,1,22,10,0,NULL,3,"SR-4/MARYLAND AVE",NULL,0,39.73783056,-75.566,0,12,6,0,8,1,0,1,3,1,0,1,0,0000000,99,99,99,99,99,99,0,0,0,1,0,2917
100102_2015,10,100102,1,1,0,1,1,1,1,3,370,22,11,2015,1,1,47,1,NULL,1,I-495,NULL,110,39.71563056,-75.57473056,0,8,0,0,1,1,0,1,2,10,0,10,0,0000000,1,47,1,57,2,20,0,0,0,1,0,2918
100103_2015,10,100103,1,1,0,1,1,1,1,3,8,20,11,2015,6,23,10,0,NULL,2,"US-40/301 PULASKI HWY",NULL,32,39.62886111,-75.66858056,0,8,0,0,1,1,0,1,2,1,0,1,0,0000000,23,11,23,15,88,88,0,0,0,1,0,2919
100104_2015,10,100104,1,1,0,0,0,2,2,5,60,20,11,2015,6,0,10,0,NULL,6,"CR-40 REDDEN RD",NULL,54,38.75453889,-75.5043,0,38,0,0,1,1,0,5,2,2,0,2,0,0000000,0,12,0,19,0,59,0,0,0,1,1,2920
100105_2015,10,100105,3,3,0,0,0,6,6,1,70,14,11,2015,7,10,34,0,NULL,3,"SR-15 MOOSE LODGE RD/DUNDEE RD","SR-10 WILLOW GROVE RD",0,39.09431111,-75.58103889,0,12,6,0,2,2,0,1,1,1,0,1,0,0000000,10,36,10,42,11,9,0,0,0,1,0,2921
100106_2015,10,100106,2,2,0,0,0,5,5,5,330,14,11,2015,7,17,23,0,NULL,3,"SR-24 JOHN J. WILLIAMS HWY",NULL,0,38.60331944,-75.23393889,0,12,2,0,1,1,0,1,2,1,0,1,0,0000000,17,26,17,34,18,35,0,0,0,1,0,2922
100107_2015,10,100107,1,1,0,0,0,1,1,3,85,2,10,2015,6,0,2,0,NULL,2,"US-13 PHILADELPHIA PIKE",NULL,76,39.80712778,-75.44927778,0,33,0,0,5,1,0,4,3,2,10,2,0,0000000,0,3,0,7,88,88,0,0,0,1,1,2923
100108_2015,10,100108,1,1,0,0,0,1,1,1,450,29,9,2015,3,7,19,0,NULL,4,"CR-147 HILLYARD RD",NULL,2,39.24790833,-75.62240833,0,42,0,0,1,1,0,4,1,10,0,10,0,0000000,7,22,7,29,8,0,0,0,0,1,0,2924
100109_2015,10,100109,2,2,0,0,0,3,3,3,490,27,9,2015,1,1,49,0,NULL,5,"NEW LINDEN HILL RD",NULL,0,39.73142778,-75.68963333,0,12,2,0,1,1,0,1,2,1,0,1,0,0000000,1,51,1,54,2,22,0,0,0,1,1,2925
100110_2015,10,100110,2,2,0,0,0,3,3,5,330,26,9,2015,7,5,29,0,NULL,3,"SR-CR24 MILLSBORO HWY",NULL,241,38.58115833,-75.314475,0,12,6,0,1,1,0,1,2,1,0,1,0,0000000,5,33,5,41,6,41,0,0,0,1,0,2926
100111_2015,10,100111,2,2,0,0,0,2,2,5,0,12,9,2015,7,21,54,0,NULL,3,"SR-1/CR-14 COASTAL HWY",NULL,0,38.74863056,-75.16978056,0,12,1,0,7,1,0,1,3,1,0,1,0,0000000,21,58,22,3,22,18,0,0,0,1,1,2927
100112_2015,10,100112,2,2,0,0,0,5,5,1,130,29,8,2015,7,15,11,0,NULL,2,US-13,"MARTIN LUTHER KING BLVD",7,39.15752222,-75.51225833,0,12,6,0,2,2,0,1,1,1,0,1,0,0000000,15,13,15,17,15,35,0,0,0,1,0,2928
100113_2015,10,100113,2,2,0,0,0,3,3,5,260,14,9,2015,2,20,24,0,NULL,3,"SR-24 LAUREL RD",NULL,130,38.54255,-75.48298889,0,12,2,0,1,1,0,1,2,1,0,1,0,0000000,20,26,20,28,20,58,0,0,0,2,0,2929
100114_2015,10,100114,1,1,0,0,0,2,2,5,330,12,9,2015,7,23,4,0,NULL,3,"SR-23 LONG NECK RD",NULL,35,38.62883889,-75.16018889,0,38,0,0,1,1,0,5,2,10,0,10,0,0000000,23,5,23,7,23,51,0,0,0,1,1,2930
100115_2015,10,100115,1,1,0,0,0,3,3,5,60,11,9,2015,6,12,44,0,NULL,4,"CR-594 OAK RD",NULL,10,38.72221944,-75.55093056,0,34,0,0,1,1,0,4,1,1,0,1,0,0000000,12,46,12,54,13,30,0,0,0,1,0,2931
100116_2015,10,100116,1,1,0,1,1,1,1,3,370,1,9,2015,3,21,33,0,NULL,3,"SR-141 BASIN RD","AMSTEL DR",48,39.67475,-75.58653056,0,8,0,0,2,2,0,1,2,1,0,1,0,0000000,21,33,21,39,21,58,0,0,0,1,0,2932