st_case_year,STATE,ST_CASE,VE_TOTAL,VE_FORMS,PVH_INVL,PEDS,PERNOTMVIT,PERMVIT,PERSONS,COUNTY,CITY,DAY,MONTH,YEAR,DAY_WEEK,HOUR,MINUTE,NHS,ROAD_FNC,ROUTE,TWAY_ID,TWAY_ID2,MILEPT,LATITUDE,LONGITUD,SP_JUR,HARM_EV,MAN_COLL,RELJCT1,RELJCT2,TYP_INT,WRK_ZONE,REL_ROAD,LGT_COND,WEATHER1,WEATHER2,WEATHER,SCH_BUS,RAIL,NOT_HOUR,NOT_MIN,ARR_HOUR,ARR_MIN,HOSP_HR,HOSP_MN,CF1,CF2,CF3,FATALS,DRUNK_DR,idno
100117_2015,10,100117,1,1,0,1,1,1,1,3,490,19,8,2015,4,2,28,0,NULL,6,"W 28TH ST","N TATNALL ST",7,39.75623889,-75.53475,0,8,0,0,3,2,0,1,3,1,0,1,0,0000000,99,99,99,99,99,99,0,0,0,1,0,2933
100118_2015,10,100118,1,1,0,1,1,3,3,5,260,9,8,2015,1,20,43,0,NULL,3,"SR-24 LAUREL RD",NULL,0,38.55498056,-75.53586111,0,8,0,0,1,1,0,1,2,1,0,1,0,0000000,20,44,20,51,21,17,19,0,0,1,0,2934
100119_2015,10,100119,1,1,0,1,1,1,1,5,180,15,8,2015,7,3,32,0,NULL,2,"US-113 DUPONT BLVD",NULL,38,38.50605,-75.23758889,0,8,0,0,1,1,0,1,2,1,0,1,0,0000000,3,44,3,52,88,88,0,0,0,1,0,2935
100120_2015,10,100120,1,1,0,1,1,2,2,5,330,16,10,2015,6,19,48,0,NULL,4,"CR-22C POTNETS RD","S/E FROM LONG NECK RD SR-23",0,38.62596111,-75.15748056,0,9,0,0,1,1,0,1,2,1,0,1,0,0000000,19,50,20,4,20,21,0,0,0,1,1,2936
100121_2015,10,100121,1,1,0,1,1,1,1,3,490,22,1,2015,5,19,58,1,NULL,1,I-495,NULL,63,39.7545,-75.49836944,0,8,0,0,1,1,0,1,2,10,0,10,0,0000000,20,2,20,12,99,98,0,0,0,1,0,2937
100122_2015,10,100122,1,1,0,1,1,2,2,3,490,6,5,2015,4,0,18,1,NULL,1,I-95,NULL,82,39.74691111,-75.55841944,0,8,0,0,5,1,0,1,3,2,0,2,0,0000000,0,46,0,51,99,98,0,0,0,1,0,2938
110001_2015,11,110001,1,1,0,1,1,1,1,1,10,30,1,2015,6,6,45,0,NULL,6,"SUITLAND  PKWY SE","ALABAMA AVE SE (OVERPASS)",0,38.85143333,-76.97315278,0,8,0,0,1,1,0,1,1,1,0,1,0,0000000,6,47,6,56,7,24,0,0,0,1,0,2939
110002_2015,11,110002,3,3,0,2,2,3,3,1,10,23,2,2015,2,16,47,0,NULL,6,"400 H STREET NE",NULL,0,38.89978056,-77.01546667,0,12,7,0,1,1,0,1,1,1,0,1,0,0000000,16,56,16,56,17,18,0,0,0,1,0,2940
110003_2015,11,110003,2,1,1,0,0,3,3,1,10,22,3,2015,1,3,12,0,NULL,6,"3400 EASTERN AVE NE",NULL,0,38.93142778,-76.95865556,0,14,0,0,1,1,0,99,3,1,0,1,0,0000000,3,17,3,23,3,42,0,0,0,1,1,2941
110004_2015,11,110004,1,1,0,0,0,3,3,1,10,19,4,2015,1,20,0,0,NULL,6,"4115 ALABAMA AVE SE",NULL,0,38.87096111,-76.94239444,0,33,0,0,1,1,0,4,3,2,0,2,0,0000000,20,0,20,7,20,31,0,0,0,1,0,2942
110005_2015,11,110005,1,1,0,1,1,1,1,1,10,28,4,2015,3,20,40,0,NULL,6,"1300 SOUTHERN AVE SE",NULL,0,38.83576111,-76.98268056,0,8,0,0,1,1,0,1,1,1,0,1,0,0000000,20,42,99,99,99,99,0,0,0,1,0,2943
110006_2015,11,110006,1,1,0,1,1,1,1,1,10,11,6,2015,5,18,12,0,NULL,6,"3700 CALVERT ST NW","37TH ST NW",0,38.92255556,-77.073225,0,8,0,0,3,2,0,1,1,1,0,1,0,0000000,18,12,18,17,99,99,0,0,0,1,0,2944
110007_2015,11,110007,2,2,0,0,0,7,7,1,10,11,6,2015,5,23,43,0,NULL,6,"SUITLAND PKWY SE","FIRTH STERLING SE",0,38.86238889,-76.99767222,0,12,6,0,2,2,0,1,2,1,0,1,0,0000000,23,59,99,99,1,1,0,0,0,1,0,2945
110008_2015,11,110008,1,1,0,1,1,1,1,1,10,15,6,2015,2,10,24,0,NULL,6,"4025 CLAY PLACE NE",NULL,99999,38.89265833,-76.94602222,0,8,0,0,1,1,2,1,1,1,0,1,0,0000000,10,27,10,51,11,13,0,0,0,1,0,2946
110009_2015,11,110009,1,1,0,1,1,1,1,1,10,10,6,2015,4,17,5,0,NULL,6,"4300 WISCONSIN AVE NW","VEASY ST NW",0,38.94508333,-77.07808611,0,8,0,0,2,10,0,1,1,1,0,1,0,0000000,17,8,17,10,17,23,0,0,0,1,0,2947
110010_2015,11,110010,1,1,0,0,0,1,1,1,10,5,7,2015,1,1,40,0,NULL,6,"2800 BENNING RD NE",NULL,0,38.89815,-76.97168056,0,33,0,0,1,1,0,3,3,1,0,1,0,0000000,1,59,2,4,2,52,0,0,0,1,1,2948
110011_2015,11,110011,2,1,1,1,1,2,2,1,10,14,7,2015,3,22,18,0,NULL,6,"SUITLAND PKWY SE",NULL,0,38.85260833,-76.98815556,0,8,0,0,1,1,0,1,2,1,0,1,0,0000000,22,21,22,21,99,99,0,0,0,1,1,2949
110012_2015,11,110012,2,2,0,0,0,3,3,1,10,19,7,2015,1,3,22,0,NULL,6,"16TH STREET NW","MADISON ST NW",0,38.95855,-77.03638611,0,12,99,0,2,2,0,1,3,1,0,1,0,0000000,3,28,3,33,4,5,0,0,0,1,0,2950
110013_2015,11,110013,1,1,0,1,1,2,2,1,10,21,8,2015,6,18,5,0,NULL,6,"1300 SOUTHERN AVE SE",NULL,99999,38.83575556,-76.98265833,0,8,0,0,1,1,0,1,1,1,0,1,0,0000000,99,99,99,99,99,99,0,0,0,1,0,2951
110014_2015,11,110014,1,1,0,0,0,2,2,1,10,26,7,2015,1,7,26,1,NULL,1,"I-695 WESTBOUND SE",NULL,0,38.88078333,-77.00300278,0,25,0,0,1,1,0,10,1,1,0,1,0,0000000,2,32,2,35,99,99,0,0,0,1,1,2952
110015_2015,11,110015,1,1,0,1,1,1,1,1,10,3,9,2015,5,6,20,0,NULL,6,"2800 BLADENSBURG RD NE",NULL,0,38.92539722,-76.96483611,0,8,0,0,1,1,0,1,1,1,0,1,0,0000000,6,22,6,29,6,59,0,0,0,1,0,2953
110016_2015,11,110016,1,1,0,4,4,1,1,1,10,19,9,2015,7,9,5,0,NULL,6,"1ST ST NW","H ST NW",0,38.90017778,-77.01209722,0,8,0,0,2,2,0,1,1,1,0,1,0,0000000,9,8,9,12,9,30,0,0,0,1,0,2954
110017_2015,11,110017,1,1,0,1,1,1,1,1,10,8,10,2015,5,1,13,0,NULL,6,"NEW YORK AVE NE","FENWICK ST NE",0,38.91557222,-76.98517222,0,8,0,0,2,3,0,1,3,1,0,1,0,0000000,1,14,1,24,1,45,0,0,0,1,0,2955
110018_2015,11,110018,1,1,0,1,1,1,1,1,10,13,10,2015,3,6,30,0,NULL,6,"SARGENT RD NE","FARADAY PL NE",0,38.95095,-76.98951389,0,8,0,0,2,3,0,1,3,1,0,1,0,0000000,6,31,6,36,99,99,0,0,0,1,0,2956
110019_2015,11,110019,2,2,0,0,0,3,3,1,10,17,10,2015,7,10,3,0,NULL,6,"16TH ST NW","UPSHUR ST NW",0,38.94189722,-77.03642222,0,12,6,0,2,2,0,1,1,1,0,1,0,0000000,10,8,10,11,10,30,0,0,0,1,0,2957
110020_2015,11,110020,1,1,0,1,1,1,1,1,10,12,11,2015,5,17,31,0,NULL,6,"3505 WHEELER RD SE",NULL,0,38.83958611,-76.99364167,0,9,0,0,4,1,0,1,3,1,0,1,0,0000000,17,34,17,44,18,9,0,0,0,1,0,2958
110021_2015,11,110021,2,2,0,0,0,2,2,1,10,21,11,2015,7,21,18,0,NULL,6,"EAST CAPITOL ST SE","SOUTHERN AVE SE",0,38.88969722,-76.913475,0,12,6,0,2,2,0,1,3,1,0,1,0,0000000,18,23,99,99,99,99,0,0,0,1,1,2959
110022_2015,11,110022,1,1,0,1,1,1,1,1,10,11,12,2015,6,17,3,0,NULL,6,"PENNSYLVANIA AVE NW","25TH ST NW",0,38.90362222,-77.05324722,0,8,0,0,2,2,0,1,1,1,0,1,0,0000000,17,4,17,11,17,33,0,0,0,1,0,2960
110023_2015,11,110023,2,2,0,0,0,3,3,1,10,19,12,2015,7,14,54,0,NULL,6,"300 FRANKLIN ST NW",NULL,0,38.92557222,-77.00154167,0,12,6,0,1,1,0,1,1,1,0,1,0,0000000,14,55,15,0,15,15,0,0,0,1,0,2961
240001_2015,24,240001,1,1,0,0,0,1,1,1,0,1,1,2015,5,0,16,0,NULL,3,SR-807,NULL,23,39.70194444,-78.7167,0,35,0,0,1,1,0,4,2,1,0,1,0,0000000,0,13,0,18,88,88,0,0,0,1,1,2962
240002_2015,24,240002,1,1,0,0,0,1,1,3,0,1,1,2015,5,18,34,0,NULL,3,SR-468,NULL,8,38.82853333,-76.51263611,0,30,0,0,1,1,0,4,3,1,0,1,0,0000000,99,99,99,99,88,88,0,0,0,1,1,2963
240003_2015,24,240003,1,1,0,1,1,1,1,31,0,5,1,2015,2,17,55,0,NULL,3,SR-586,CR-1592,28,39.06158611,-77.09183611,0,8,0,0,2,2,0,1,2,1,0,1,0,0000000,99,99,99,99,99,99,0,0,0,1,0,2964
240004_2015,24,240004,2,2,0,1,1,1,1,3,0,7,1,2015,4,2,10,1,NULL,1,I-595,NULL,62,38.98425278,-76.58788056,0,8,0,0,1,1,0,1,2,1,0,1,0,0000000,2,11,2,17,99,99,23,0,0,1,0,2965
240005_2015,24,240005,2,2,0,0,0,6,6,35,0,10,1,2015,7,1,15,1,NULL,2,US-1,SR-213,173,38.95448889,-76.07842222,0,12,6,0,2,2,0,1,3,1,0,1,0,0000000,1,17,1,27,1,59,0,0,0,5,0,2966
240006_2015,24,240006,1,1,0,0,0,1,1,35,0,13,1,2015,3,11,54,0,NULL,4,CR-12,NULL,19,39.22710833,-75.97666111,0,1,0,0,1,1,0,6,1,1,0,1,0,0000000,11,54,12,9,12,51,0,0,0,1,1,2967
240007_2015,24,240007,1,1,0,0,0,1,1,33,0,5,1,2015,2,11,11,0,NULL,4,CR-137,NULL,6,38.78890833,-76.80274167,0,35,0,0,1,1,0,4,1,1,0,1,0,0000000,99,99,99,99,99,99,0,0,0,1,0,2968
240008_2015,24,240008,1,1,0,0,0,1,1,33,0,14,1,2015,4,0,55,0,NULL,4,CR-5487,NULL,0,38.74063333,-76.82145556,0,33,0,0,1,1,0,4,3,1,0,1,0,0000000,0,55,1,7,1,31,0,0,0,1,1,2969
240009_2015,24,240009,1,1,0,0,0,1,1,5,0,18,1,2015,1,7,36,0,NULL,4,CR-4090,NULL,10,39.38904167,-76.47615,0,33,0,0,1,1,0,4,1,3,0,3,0,0000000,7,36,7,41,8,14,0,0,0,1,0,2970
240010_2015,24,240010,2,2,0,0,0,5,5,25,0,18,1,2015,1,8,10,0,NULL,3,SR-23,NULL,27,39.57484167,-76.40610556,0,24,0,0,1,1,0,4,1,2,3,3,0,0000000,99,99,99,99,99,99,0,0,0,1,0,2971
240011_2015,24,240011,2,2,0,0,0,2,2,45,0,20,1,2015,3,18,35,0,NULL,3,SR-349,NULL,161,38.35494444,-75.71576389,0,11,0,0,1,1,0,1,2,1,0,1,0,0000000,18,41,18,48,88,88,14,0,0,1,0,2972
240012_2015,24,240012,1,1,0,0,0,1,1,5,0,23,1,2015,6,8,32,1,NULL,1,I-695,NULL,19,39.32063889,-76.48705833,0,1,0,0,1,1,0,8,1,1,0,1,0,0000000,8,32,8,39,88,88,0,0,0,1,0,2973
240013_2015,24,240013,2,2,0,0,0,2,2,13,0,21,1,2015,4,12,12,0,NULL,4,CR-48,NULL,10,39.70387778,-77.15260556,0,12,6,0,8,1,0,1,1,4,0,4,0,0000000,12,13,12,22,13,18,0,0,0,1,0,2974
240014_2015,24,240014,1,1,0,0,0,1,1,27,0,25,1,2015,1,14,40,0,NULL,3,SR-144A,NULL,28,39.341975,-77.09069444,0,24,0,0,1,1,0,4,1,10,0,10,0,0000000,14,55,14,59,88,88,0,0,0,1,0,2975
240015_2015,24,240015,2,2,0,0,0,2,2,25,0,26,1,2015,2,11,19,0,NULL,3,SR-439,NULL,12,39.64568333,-76.55680556,0,12,6,0,1,1,0,1,1,4,0,4,0,0000000,99,99,99,99,99,99,0,0,0,1,0,2976
240016_2015,24,240016,1,1,0,0,0,1,1,33,1030,23,1,2015,6,6,35,0,NULL,6,"ALLIES RD",NULL,1,38.8287,-76.8932,0,33,0,0,1,1,0,4,3,1,0,1,0,0000000,99,99,99,99,88,88,0,0,0,1,0,2977
240017_2015,24,240017,1,1,0,1,1,1,1,3,0,30,1,2015,6,21,34,1,NULL,3,SR-295,NULL,89,39.18092778,-76.72076944,8,8,0,0,1,1,0,1,2,1,0,1,0,0000000,21,34,21,38,22,32,0,0,0,1,0,2978
240018_2015,24,240018,1,1,0,0,0,1,1,5,0,31,1,2015,7,1,0,1,NULL,1,I-695,NULL,90,39.33761667,-76.74473333,0,42,0,0,1,1,0,4,2,1,0,1,0,0000000,99,99,99,99,88,88,0,0,0,1,1,2979
240019_2015,24,240019,1,1,0,1,1,1,1,43,0,29,1,2015,5,22,36,0,NULL,3,SR-144WA,NULL,10,39.64920556,-77.75880833,0,9,0,0,1,1,0,1,2,10,0,10,0,0000000,22,36,22,45,88,88,0,0,0,1,0,2980
240020_2015,24,240020,1,1,0,1,1,2,2,5,0,2,2,2015,2,21,16,1,NULL,1,I-695,NULL,27,39.25910278,-76.67436944,0,8,0,0,1,1,0,1,2,1,0,1,0,0000000,99,99,99,99,88,88,0,0,0,1,0,2981
240021_2015,24,240021,3,3,0,1,1,3,3,33,0,23,1,2015,6,5,58,0,NULL,3,SR-202,CR-1227,107,38.92456667,-76.87054444,0,8,0,0,3,3,0,1,2,1,0,1,0,0000000,99,99,99,99,88,88,0,0,0,1,0,2982
240022_2015,24,240022,1,1,0,1,1,1,1,33,0,29,1,2015,5,20,0,1,NULL,3,SR-5,"SUITLAND PARKWAY",151,38.85287778,-76.95620556,0,8,0,0,3,3,0,4,2,1,0,1,0,0000000,19,59,20,8,20,47,0,0,0,1,0,2983
240023_2015,24,240023,1,1,0,0,0,2,2,5,0,31,1,2015,7,1,58,0,NULL,4,CR-2404,NULL,2,39.31661667,-76.74145833,0,33,0,0,1,1,0,4,3,1,0,1,0,0000000,99,99,99,99,99,99,0,0,0,1,1,2984
240024_2015,24,240024,1,1,0,0,0,1,1,510,50,3,1,2015,7,4,6,0,NULL,3,SR-144,NULL,3,39.28050833,-76.70610556,0,33,0,0,1,1,0,4,3,1,0,1,0,0000000,99,99,99,99,99,99,0,0,0,1,0,2985
240025_2015,24,240025,2,2,0,0,0,3,3,510,50,5,1,2015,2,19,17,0,NULL,6,"W. NORTHERN PARKWAY",NULL,0,39.34461389,-76.70106944,0,12,1,0,1,1,0,1,2,1,0,1,0,0000000,99,99,99,99,99,99,0,0,0,1,1,2986
240026_2015,24,240026,2,1,1,0,0,1,1,510,50,13,1,2015,3,10,0,0,NULL,6,"GREENSPRING AVE",NULL,14,39.36996667,-76.68154167,0,14,0,0,1,1,1,7,1,1,0,1,0,0000000,88,88,88,88,88,88,0,0,0,1,0,2987
240027_2015,24,240027,1,1,0,0,0,1,1,27,0,8,2,2015,1,17,16,1,NULL,1,I-95,NULL,11,39.14624167,-76.84330556,0,24,0,0,1,1,0,3,1,1,0,1,0,0000000,99,99,99,99,99,99,0,0,0,1,0,2988
240028_2015,24,240028,4,1,3,1,1,1,1,47,0,30,1,2015,6,15,15,0,NULL,8,"WALMART PARKING LOT",NULL,0,38.34195,-75.16231667,0,8,0,0,1,1,0,5,1,1,0,1,0,0000000,15,15,15,23,15,55,14,24,23,1,0,2989
240029_2015,24,240029,3,3,0,0,0,4,4,510,50,13,1,2015,3,15,36,0,NULL,6,"W OSTEND ST",NULL,2,39.27496667,-76.61915556,0,12,1,0,1,1,0,1,1,1,0,1,0,0000000,15,36,15,44,16,1,0,0,0,1,0,2990
240030_2015,24,240030,2,2,0,0,0,3,3,21,0,11,2,2015,4,7,17,0,NULL,4,CR-209,NULL,12,39.41646389,-77.54448333,0,12,8,0,1,1,0,1,1,1,0,1,1,0000000,99,99,99,99,99,99,0,0,0,1,0,2991
240031_2015,24,240031,1,1,0,1,1,2,2,5,0,11,2,2015,4,2,12,0,NULL,3,SR-151,NULL,48,39.28071111,-76.48526944,0,8,0,0,1,1,0,1,2,1,0,1,0,0000000,2,12,2,16,88,88,0,0,0,1,0,2992
240032_2015,24,240032,3,3,0,0,0,3,3,9,0,16,2,2015,2,18,5,0,NULL,3,SR-4,NULL,0,38.31941389,-76.48093333,0,12,6,0,1,1,0,1,3,4,0,4,0,0000000,18,9,18,15,18,55,0,0,0,1,1,2993
240033_2015,24,240033,1,1,0,0,0,1,1,27,0,11,2,2015,4,7,24,0,NULL,4,CR-1140,NULL,4,39.17588611,-76.83663333,0,42,0,0,1,1,0,4,1,1,0,1,0,0000000,7,24,7,30,88,88,0,0,0,1,0,2994
240034_2015,24,240034,1,1,0,0,0,1,1,15,0,11,2,2015,4,12,11,0,NULL,4,CR-144,NULL,29,39.69281389,-75.81497778,0,35,0,0,1,1,0,4,1,1,0,1,0,0000000,12,11,12,23,88,88,0,0,0,1,0,2995
240035_2015,24,240035,2,2,0,0,0,4,4,27,0,17,2,2015,3,9,8,0,NULL,3,SR-97,NULL,0,39.23891667,-77.05565556,0,48,0,0,1,1,0,4,1,10,0,10,0,0000000,9,8,9,19,99,99,0,0,0,1,0,2996
240036_2015,24,240036,3,1,2,1,1,1,1,31,0,18,2,2015,4,11,16,0,NULL,4,CR-107,CR-2625,7,39.02172778,-76.98792222,0,8,0,0,3,2,0,1,1,1,0,1,0,0000000,99,99,99,99,99,99,0,0,0,1,1,2997
240037_2015,24,240037,2,2,0,0,0,3,3,21,0,26,2,2015,5,20,0,0,NULL,2,US-40AL,NULL,78,39.42784167,-77.50545556,0,12,2,0,1,1,0,1,3,1,0,1,0,0000000,20,0,20,19,20,48,0,0,0,1,1,2998
240038_2015,24,240038,2,2,0,0,0,4,4,510,50,6,2,2015,6,16,5,0,NULL,6,"SINCLAIR LN",NULL,25,39.32275556,-76.54421944,0,12,6,0,7,1,0,1,1,1,0,1,0,0000000,16,13,16,19,99,99,0,0,0,1,0,2999
240039_2015,24,240039,1,1,0,0,0,1,1,25,0,28,2,2015,7,16,10,0,NULL,3,SR-23,NULL,104,39.61237222,-76.53160556,0,58,0,0,1,1,0,4,1,10,0,10,0,0000000,16,4,16,12,88,88,2,0,0,1,1,3000
240040_2015,24,240040,1,1,0,1,1,1,1,33,0,28,2,2015,7,21,48,0,NULL,3,SR-337,NULL,2,38.80788611,-76.89905556,0,8,0,0,1,1,0,1,3,1,0,1,0,0000000,99,99,99,99,99,99,0,0,0,1,0,3001
240041_2015,24,240041,1,1,0,1,1,1,1,27,0,4,2,2015,4,4,39,0,NULL,2,US-1,NULL,99,39.21029722,-76.72300556,0,8,0,0,1,1,0,1,3,1,0,1,0,0000000,99,99,99,99,88,88,0,0,0,1,0,3002
240042_2015,24,240042,2,2,0,0,0,2,2,31,0,11,2,2015,4,13,15,1,NULL,1,I-495,NULL,36,39.01147222,-77.15006944,0,12,7,0,1,1,0,1,1,1,0,1,0,0000000,99,99,99,99,99,99,0,0,0,1,0,3003
240043_2015,24,240043,1,1,0,0,0,2,2,15,0,28,2,2015,7,20,21,0,NULL,4,CR-204,NULL,12,39.58688333,-75.86960556,0,32,0,0,1,1,0,4,2,1,0,1,0,0000000,99,99,99,99,99,99,0,0,0,1,1,3004
240044_2015,24,240044,2,2,0,0,0,2,2,3,0,1,3,2015,1,2,42,1,NULL,1,I-595,NULL,0,38.95620833,-76.67975833,0,12,1,0,1,1,0,1,2,1,0,1,0,0000000,99,99,99,99,88,88,0,0,0,1,1,3005
240045_2015,24,240045,1,1,0,0,0,1,1,3,0,1,3,2015,1,18,58,1,NULL,1,I-695,NULL,7,39.20223889,-76.63190556,0,25,0,0,1,1,0,4,2,2,3,3,0,0000000,18,58,19,2,88,88,0,0,0,1,1,3006
240046_2015,24,240046,3,3,0,0,0,4,4,13,1530,6,3,2015,6,13,45,0,NULL,3,SR-32,NULL,11,39.38004444,-76.968425,0,12,7,0,1,1,0,1,1,1,0,1,0,0000000,13,45,13,56,14,25,0,0,0,1,0,3007
240047_2015,24,240047,2,2,0,0,0,4,4,45,0,8,3,2015,1,19,43,1,NULL,2,US-50,CR-733,254,38.38555278,-75.42223056,0,12,6,0,2,2,0,1,3,1,0,1,0,0000000,19,43,19,56,20,39,0,0,0,1,0,3008
240048_2015,24,240048,1,1,0,0,0,1,1,25,0,8,3,2015,1,1,21,0,NULL,4,CR-77,NULL,28,39.60464167,-76.44159167,0,30,0,0,1,1,0,4,3,1,0,1,0,0000000,1,21,1,44,88,88,0,0,0,1,1,3009
240049_2015,24,240049,2,2,0,0,0,2,2,5,0,9,3,2015,2,14,9,0,NULL,3,SR-140,NULL,64,39.42987778,-76.79275,0,12,2,0,1,1,0,1,1,1,0,1,0,0000000,14,9,14,14,14,55,0,0,0,1,0,3010
240050_2015,24,240050,1,1,0,1,1,1,1,31,0,7,3,2015,7,1,20,0,NULL,4,CR-33,NULL,27,39.19006944,-77.18531389,0,8,0,0,1,1,0,1,3,1,0,1,0,0000000,99,99,99,99,99,99,0,0,0,1,1,3011
240051_2015,24,240051,4,4,0,0,0,4,4,31,0,9,3,2015,2,7,39,0,NULL,3,SR-28,NULL,21,39.19824167,-77.42890556,0,12,6,0,1,1,0,1,1,98,0,98,0,0000000,99,99,99,99,99,99,14,0,0,1,0,3012
240052_2015,24,240052,2,2,0,0,0,2,2,510,50,8,3,2015,1,4,59,0,NULL,6,"NORTHERN PARKWAY",NULL,16,39.35054167,-76.68831111,0,12,2,0,1,1,0,1,3,1,0,1,0,0000000,4,57,5,4,99,99,0,0,0,1,1,3013
240053_2015,24,240053,2,2,0,0,0,3,3,41,480,14,3,2015,7,10,15,0,NULL,6,"TRISTAN DR","EASTON PKWY",0,38.74696944,-76.07164167,0,12,6,0,2,2,0,1,1,2,0,2,0,0000000,10,10,10,19,10,41,0,0,0,1,0,3014
240054_2015,24,240054,2,2,0,0,0,3,3,5,0,1,3,2015,1,1,40,0,NULL,2,US-50,"ENTRANCE TO SHOPPING CENTER",169,39.3346,-76.48489722,0,12,1,0,3,2,0,1,3,1,0,1,0,0000000,99,99,99,99,88,88,0,0,0,1,1,3015
240055_2015,24,240055,1,1,0,0,0,2,2,35,0,15,3,2015,1,3,25,0,NULL,3,SR-309,SR-213,91,39.00034167,-76.07336944,0,42,0,0,3,3,0,4,2,1,0,1,0,0000000,3,32,3,52,99,99,0,0,0,1,1,3016
240056_2015,24,240056,2,2,0,0,0,3,3,35,0,15,3,2015,1,19,32,1,NULL,2,US-50,NULL,62,38.97274167,-76.25966389,0,12,2,0,1,1,0,1,5,1,0,1,0,0000000,19,25,19,38,20,20,0,0,0,2,1,3017
240057_2015,24,240057,1,1,0,1,1,1,1,31,0,18,3,2015,4,1,26,1,NULL,1,I-270,NULL,157,39.19459167,-77.26100556,0,8,0,0,1,1,0,1,2,1,0,1,0,0000000,99,99,99,99,88,88,0,0,0,1,0,3018
240058_2015,24,240058,1,1,0,0,0,1,1,5,0,12,3,2015,5,6,46,0,NULL,4,CR-70,NULL,54,39.68169167,-76.73045,0,32,0,0,1,1,0,4,4,1,0,1,0,0000000,6,45,6,55,88,88,0,0,0,1,0,3019
240059_2015,24,240059,1,1,0,1,1,1,1,25,0,5,3,2015,5,18,46,0,NULL,3,SR-147,NULL,7,39.49566667,-76.40101111,0,8,0,0,1,1,0,1,2,1,0,1,0,0000000,99,99,99,99,99,99,0,0,0,1,0,3020
240060_2015,24,240060,1,1,0,1,1,1,1,1,410,19,3,2015,5,14,10,0,NULL,6,"PARK ST","HARRISON ST",1,39.65094167,-78.75705,0,8,0,0,2,2,0,1,1,1,0,1,0,0000000,14,7,14,12,14,29,0,0,0,1,0,3021
240061_2015,24,240061,1,1,0,0,0,2,2,33,0,7,3,2015,7,3,21,0,NULL,3,SR-193,NULL,91,38.99158056,-76.840775,0,38,0,0,1,1,0,4,2,10,0,10,0,0000000,99,99,99,99,99,99,20,0,0,1,1,3022
240062_2015,24,240062,2,2,0,0,0,3,3,15,0,21,3,2015,7,15,53,0,NULL,3,SR-272,NULL,130,39.62943333,-75.95385556,0,12,2,0,1,1,0,1,1,1,0,1,0,0000000,15,49,15,54,17,23,0,0,0,1,0,3023
240063_2015,24,240063,3,3,0,0,0,6,6,3,0,21,3,2015,7,14,45,1,NULL,1,I-585,NULL,79,38.98289722,-76.56071944,0,12,1,0,1,1,0,1,1,1,0,1,0,0000000,14,47,14,51,99,99,27,0,0,3,0,3024
240064_2015,24,240064,1,1,0,0,0,1,1,37,0,22,3,2015,1,3,38,0,NULL,3,SR-5,NULL,298,38.32324444,-76.67587778,0,30,0,0,1,1,0,4,2,1,0,1,0,0000000,3,40,3,47,88,88,0,0,0,1,1,3025
240065_2015,24,240065,2,2,0,0,0,2,2,33,0,25,3,2015,4,9,27,0,NULL,3,SR-5,CR-823,40,38.71461389,-76.87810833,0,12,6,0,2,2,0,1,1,10,0,10,0,0000000,99,99,99,99,99,99,0,0,0,1,0,3026
240066_2015,24,240066,1,1,0,1,1,2,2,31,0,24,3,2015,3,6,34,0,NULL,3,SR-193,NULL,30,39.03613056,-77.02842222,0,8,0,0,1,1,0,1,4,1,0,1,0,0000000,99,99,99,99,99,99,0,0,0,1,0,3027
240067_2015,24,240067,1,1,0,1,1,1,1,31,0,18,3,2015,4,19,45,0,NULL,3,SR-355,NULL,219,39.22980833,-77.26802222,0,8,0,0,1,1,0,1,6,1,0,1,0,0000000,99,99,99,99,99,99,0,0,0,1,0,3028
240068_2015,24,240068,1,1,0,1,1,1,1,13,0,7,3,2015,7,19,13,1,NULL,3,SR-140,NULL,83,39.56778056,-76.97887778,0,8,0,0,1,1,0,1,2,1,0,1,0,0000000,99,99,99,99,88,88,0,0,0,1,0,3029
240069_2015,24,240069,3,3,0,0,0,5,5,39,0,27,3,2015,6,16,19,0,NULL,3,SR-413,NULL,91,38.04834444,-75.75803611,0,12,1,0,8,1,0,1,1,2,0,2,0,0000000,16,23,16,23,17,36,0,0,0,1,0,3030
240070_2015,24,240070,1,1,0,0,0,1,1,33,0,29,3,2015,1,3,32,1,NULL,1,I-95,NULL,147,38.890275,-76.84649167,0,24,0,0,1,1,0,3,6,1,0,1,0,0000000,99,99,99,99,88,88,0,0,0,1,1,3031
240071_2015,24,240071,1,1,0,0,0,2,2,33,0,28,3,2015,7,20,57,0,NULL,3,SR-214,NULL,9,38.88713333,-76.89363056,0,33,0,0,1,1,0,4,3,1,0,1,0,0000000,99,99,99,99,99,99,0,0,0,1,1,3032
240072_2015,24,240072,1,1,0,0,0,1,1,33,0,22,3,2015,1,1,18,0,NULL,4,CR-118,NULL,58,38.75721389,-76.995525,0,34,0,0,1,1,0,4,3,1,0,1,0,0000000,99,99,99,99,88,88,0,0,0,1,1,3033
240073_2015,24,240073,2,2,0,0,0,9,9,13,0,26,3,2015,5,8,22,0,NULL,4,CR-299,"STONE CHAPEL RD",0,39.54553889,-77.03909722,0,12,6,0,2,2,0,1,1,10,0,10,0,0000000,8,19,8,28,9,4,0,0,0,1,0,3034
240074_2015,24,240074,2,2,0,0,0,2,2,5,0,24,3,2015,3,22,47,0,NULL,3,SR-150,CR-5135,20,39.30067222,-76.49219167,0,12,11,0,2,2,0,1,3,1,0,1,0,0000000,22,44,22,50,99,99,0,0,0,1,0,3035