st_case_year,STATE,ST_CASE,VE_TOTAL,VE_FORMS,PVH_INVL,PEDS,PERNOTMVIT,PERMVIT,PERSONS,COUNTY,CITY,DAY,MONTH,YEAR,DAY_WEEK,HOUR,MINUTE,NHS,ROAD_FNC,ROUTE,TWAY_ID,TWAY_ID2,MILEPT,LATITUDE,LONGITUD,SP_JUR,HARM_EV,MAN_COLL,RELJCT1,RELJCT2,TYP_INT,WRK_ZONE,REL_ROAD,LGT_COND,WEATHER1,WEATHER2,WEATHER,SCH_BUS,RAIL,NOT_HOUR,NOT_MIN,ARR_HOUR,ARR_MIN,HOSP_HR,HOSP_MN,CF1,CF2,CF3,FATALS,DRUNK_DR,idno
240075_2015,24,240075,2,2,0,0,0,2,2,33,0,20,3,2015,6,17,7,0,NULL,3,SR-381,NULL,105,38.67819722,-76.80997778,0,12,6,0,1,1,0,1,1,10,0,10,0,0000000,17,9,17,14,17,45,0,0,0,1,0,3036
240076_2015,24,240076,1,1,0,1,1,1,1,19,230,28,3,2015,7,20,39,0,NULL,3,SR-16,NULL,153,38.54671389,-76.07131944,0,8,0,0,1,1,0,1,2,1,0,1,0,0000000,20,35,20,39,21,7,0,0,0,2,0,3037
240077_2015,24,240077,1,1,0,0,0,1,1,43,0,1,4,2015,4,7,29,1,NULL,1,I-70,NULL,277,39.605875,-77.77083611,0,34,0,0,1,1,0,4,1,1,0,1,0,0000000,7,22,7,35,88,88,0,0,0,1,0,3038
240078_2015,24,240078,3,3,0,0,0,7,7,3,0,7,4,2015,3,20,7,0,NULL,3,SR-170,NULL,33,39.13300833,-76.68797778,0,12,8,0,1,1,0,1,3,10,0,10,0,0000000,99,99,99,99,88,88,0,0,0,1,1,3039
240079_2015,24,240079,2,2,0,0,0,2,2,43,0,9,4,2015,5,0,16,1,NULL,1,I-70,NULL,177,39.65323889,-77.91693611,0,12,2,0,1,1,0,1,3,2,0,2,0,0000000,0,13,0,23,88,88,0,0,0,2,1,3040
240080_2015,24,240080,1,1,0,0,0,1,1,33,0,9,4,2015,5,4,22,1,NULL,2,"US-50 RAMP",NULL,28,38.93153889,-76.89569167,0,24,0,0,5,1,0,4,2,2,0,2,0,0000000,99,99,99,99,99,99,0,0,0,1,1,3041
240081_2015,24,240081,2,2,0,0,0,2,2,37,0,10,4,2015,6,11,0,0,NULL,3,SR-5,NULL,292,38.32047778,-76.67189167,0,12,1,0,8,1,0,1,1,10,0,10,0,0000000,10,59,11,11,11,33,0,0,0,1,0,3042
240082_2015,24,240082,2,2,0,0,0,3,3,33,0,11,4,2015,7,2,55,1,NULL,1,I-95,NULL,185,38.94777778,-76.85993056,0,12,6,0,1,1,0,1,3,1,0,1,0,0000000,99,99,99,99,99,99,0,0,0,1,1,3043
240083_2015,24,240083,2,1,1,0,2,1,3,5,0,11,4,2015,7,21,36,1,NULL,1,I-795,NULL,15,39.38984167,-76.76177778,0,14,0,0,1,1,0,2,2,10,0,10,0,0000000,99,99,99,99,99,99,0,0,0,1,1,3044
240084_2015,24,240084,1,1,0,0,0,1,1,45,0,12,4,2015,1,0,23,1,NULL,2,US-50,NULL,94,38.42761111,-75.67189167,0,7,0,0,1,1,1,1,6,1,0,1,0,0000000,0,21,0,29,88,88,3,0,0,1,1,3045
240085_2015,24,240085,1,1,0,0,0,1,1,5,9999,7,4,2015,3,15,27,0,NULL,6,"CROSS COUNTRY RD",NULL,15,39.36580556,-76.69168611,0,33,0,0,1,1,0,4,1,1,0,1,0,0000000,15,24,15,35,16,14,0,0,0,1,0,3046
240086_2015,24,240086,1,1,0,0,0,1,1,3,0,11,4,2015,7,21,29,0,NULL,3,SR-32,NULL,61,39.09761944,-76.71163333,0,42,0,0,1,1,0,4,2,1,0,1,0,0000000,21,29,21,34,88,88,0,0,0,1,0,3047
240087_2015,24,240087,1,1,0,0,0,6,6,19,0,14,4,2015,3,20,54,0,NULL,3,SR-331,NULL,29,38.53221667,-75.81767778,0,34,0,0,1,1,0,4,2,2,0,2,0,0000000,20,54,21,4,22,20,0,0,0,1,0,3048
240088_2015,24,240088,1,1,0,0,0,1,1,17,0,16,4,2015,5,1,0,0,NULL,4,CR-57,NULL,8,38.647075,-76.90487778,0,30,0,0,1,1,0,4,2,1,0,1,0,0000000,99,99,99,99,88,88,20,0,0,1,0,3049
240089_2015,24,240089,1,1,0,0,0,1,1,41,0,16,4,2015,5,15,43,0,NULL,3,SR-662C,NULL,13,38.81990833,-76.06352778,0,1,0,0,1,1,0,4,1,10,0,10,0,0000000,15,43,15,47,16,20,0,0,0,1,0,3050
240090_2015,24,240090,1,1,0,2,2,1,1,33,170,14,3,2015,7,12,22,0,NULL,3,SR-197,CR-415,40,38.98464167,-76.75710556,0,8,0,0,2,2,0,1,1,2,0,2,0,0000000,12,26,12,32,13,3,0,0,0,1,0,3051
240091_2015,24,240091,2,1,1,0,0,2,2,5,0,16,4,2015,5,20,32,1,NULL,1,I-695,NULL,57,39.29595556,-76.74283333,0,14,0,0,1,1,0,4,2,1,0,1,0,0000000,99,99,99,99,99,99,0,0,0,1,0,3052
240092_2015,24,240092,1,1,0,0,0,2,2,1,0,16,4,2015,5,18,19,0,NULL,4,CR-447,NULL,0,39.71500278,-78.72530833,0,5,0,0,1,1,0,1,1,1,0,1,0,0000000,99,99,99,99,99,99,0,0,0,1,0,3053
240093_2015,24,240093,2,2,0,0,0,2,2,31,0,6,4,2015,2,16,57,0,NULL,3,SR-198,NULL,15,39.11636667,-76.96396667,0,12,99,0,8,1,0,1,1,1,0,1,0,0000000,99,99,99,99,88,88,0,0,0,1,1,3054
240094_2015,24,240094,1,1,0,1,1,1,1,33,0,17,4,2015,6,20,16,0,NULL,4,CR-122,NULL,9,38.80529444,-76.95978333,0,8,0,0,1,1,0,1,7,1,0,1,0,0000000,20,17,20,25,20,59,0,0,0,1,0,3055
240095_2015,24,240095,1,1,0,1,1,1,1,3,0,19,4,2015,1,23,25,0,NULL,3,SR-177,NULL,32,39.12754167,-76.54035,0,8,0,0,1,1,0,1,2,2,0,2,0,0000000,99,99,99,99,88,88,0,0,0,1,0,3056
240096_2015,24,240096,2,2,0,0,0,2,2,17,0,20,4,2015,2,15,48,1,NULL,2,US-301,CR-117,174,38.56524444,-76.98389444,0,12,6,0,2,2,0,1,1,1,0,1,0,0000000,15,47,15,51,16,18,0,0,0,1,0,3057
240097_2015,24,240097,1,1,0,0,0,1,1,37,0,22,4,2015,4,17,19,0,NULL,9,"BOOTHE FARM RD",NULL,0,38.21574167,-76.48491667,0,35,0,0,1,1,0,4,1,10,0,10,0,0000000,99,99,99,99,88,88,0,0,0,1,0,3058
240098_2015,24,240098,1,1,0,1,1,1,1,33,0,11,4,2015,7,20,1,0,NULL,4,CR-238,NULL,1,38.909775,-76.91579167,0,8,0,0,1,1,0,1,3,1,0,1,0,0000000,99,99,99,99,99,99,0,0,0,1,0,3059
240099_2015,24,240099,3,3,0,0,0,4,4,41,0,21,4,2015,3,6,49,0,NULL,3,SR-404,NULL,37,38.93098056,-76.01716389,0,12,6,0,1,1,0,1,1,10,0,10,0,0000000,99,99,99,99,99,99,0,0,0,3,0,3060
240100_2015,24,240100,4,4,0,0,0,5,5,33,0,19,3,2015,5,20,39,0,NULL,3,SR-5,NULL,149,38.85064722,-76.95489167,0,12,1,0,1,1,0,1,2,10,0,10,0,0000000,99,99,99,99,99,99,0,0,0,1,0,3061
240101_2015,24,240101,1,1,0,0,0,1,1,5,0,2,4,2015,5,20,19,0,NULL,3,SR-587,NULL,3,39.3265,-76.42305,0,1,0,0,1,1,0,1,3,1,0,1,0,0000000,20,16,20,30,21,18,0,0,0,1,0,3062
240102_2015,24,240102,2,2,0,0,0,2,2,45,0,15,4,2015,4,13,30,1,NULL,2,"US-50 RAMP","SALISBURY BLVD",3,38.39723889,-75.57167222,0,12,7,1,5,1,0,1,1,1,0,1,0,0000000,12,58,13,6,13,23,0,0,0,1,0,3063
240103_2015,24,240103,1,1,0,0,0,1,1,33,0,28,4,2015,3,2,52,0,NULL,3,SR-3,NULL,15,38.97972222,-76.71409444,0,42,0,0,1,1,0,3,3,1,0,1,0,0000000,99,99,99,99,88,88,0,0,0,1,1,3064
240104_2015,24,240104,1,1,0,0,0,2,2,37,0,25,4,2015,7,1,10,0,NULL,4,CR-272,NULL,18,38.25876389,-76.48276389,0,24,0,0,1,1,0,4,2,1,0,1,0,0000000,1,9,1,25,99,99,0,0,0,1,1,3065
240105_2015,24,240105,1,1,0,0,0,1,1,45,0,25,4,2015,7,23,7,0,NULL,4,CR-523,NULL,11,38.43209167,-75.58769167,0,42,0,0,1,1,0,4,2,2,0,2,0,0000000,99,99,99,99,99,99,0,0,0,1,1,3066
240106_2015,24,240106,1,1,0,0,0,1,1,19,0,28,4,2015,3,19,40,0,NULL,3,SR-313,NULL,75,38.61417778,-75.77713611,0,53,0,0,1,1,0,4,5,1,0,1,0,0000000,19,39,19,44,88,88,0,0,0,1,1,3067
240107_2015,24,240107,1,1,0,1,1,1,1,510,50,5,2,2015,5,19,31,1,NULL,2,US-1,NULL,104,39.34048889,-76.54829167,0,8,0,0,1,1,0,1,3,1,0,1,0,0000000,19,16,19,24,19,42,0,0,0,1,0,3068
240108_2015,24,240108,3,3,0,0,0,5,5,27,0,22,4,2015,4,13,45,0,NULL,4,CR-82,NULL,4,39.19015,-76.89301944,0,12,6,0,1,1,0,1,1,10,0,10,0,0000000,99,99,99,99,99,99,0,0,0,1,1,3069
240109_2015,24,240109,2,2,0,0,0,4,4,25,0,30,4,2015,5,19,3,1,NULL,1,I-95,NULL,92,39.50621667,-76.21461389,0,12,1,0,7,1,0,1,1,1,0,1,0,0000000,19,2,19,17,20,15,0,0,0,1,0,3070
240110_2015,24,240110,2,2,0,0,0,4,4,41,0,29,4,2015,4,23,2,1,NULL,2,US-50,NULL,93,38.80328056,-76.06005,0,12,1,0,1,1,0,1,2,1,0,1,0,0000000,99,99,99,99,99,99,0,0,0,1,0,3071
240111_2015,24,240111,2,2,0,0,0,4,4,5,0,30,4,2015,5,12,44,0,NULL,4,CR-4458,NULL,9,39.36959167,-76.50417778,0,12,2,0,1,1,0,1,1,1,0,1,0,0000000,12,42,12,52,13,23,0,0,0,1,0,3072
240112_2015,24,240112,2,2,0,0,0,2,2,5,0,29,4,2015,4,16,45,0,NULL,4,CR-3481,NULL,0,39.36160833,-76.52519167,0,12,1,0,1,1,0,1,1,1,0,1,0,0000000,16,42,16,52,17,25,0,0,0,1,0,3073
240113_2015,24,240113,2,2,0,0,0,7,7,25,0,16,4,2015,5,10,26,0,NULL,3,SR-155,"I-95 RAMP",67,39.57042222,-76.13586944,0,12,6,0,3,3,0,1,1,1,0,1,0,0000000,10,16,10,25,11,12,0,0,0,1,0,3074
240114_2015,24,240114,1,1,0,0,0,1,1,21,0,17,4,2015,6,2,20,1,NULL,2,US-40,CR-692,6,39.532675,-77.59448056,0,58,0,0,2,2,0,1,2,2,0,2,0,0000000,99,99,99,99,88,88,0,0,0,1,1,3075
240115_2015,24,240115,1,1,0,0,0,1,1,21,0,3,4,2015,6,16,52,1,NULL,1,I-70,NULL,7,39.45320833,-77.50495,0,42,0,0,1,1,0,3,1,2,0,2,0,0000000,99,99,99,99,88,88,0,0,0,1,0,3076
240116_2015,24,240116,2,2,0,0,0,2,2,33,0,6,4,2015,2,18,11,0,NULL,4,CR-126,NULL,12,38.760575,-76.96119167,0,1,0,0,1,1,0,1,1,1,0,1,0,0000000,18,18,18,13,18,36,0,0,0,1,1,3077
240117_2015,24,240117,2,2,0,0,0,6,6,33,0,6,4,2015,2,4,25,0,NULL,4,CR-38,NULL,4,39.032875,-76.89859167,0,12,2,0,1,1,0,1,3,1,0,1,0,0000000,99,99,99,99,99,99,0,0,0,2,1,3078
240118_2015,24,240118,1,1,0,1,1,1,1,15,0,28,4,2015,3,7,10,0,NULL,4,CR-267,NULL,7,39.58514444,-75.80571111,0,9,0,0,1,1,0,1,1,1,0,1,0,0000000,99,99,99,99,99,99,0,0,0,1,0,3079
240120_2015,24,240120,2,2,0,0,0,2,2,17,0,28,4,2015,3,21,6,0,NULL,3,SR-425,NULL,21,38.46351111,-77.17110556,0,12,2,0,1,1,0,1,2,1,0,1,0,0000000,99,99,99,99,99,99,0,0,0,1,1,3080
240121_2015,24,240121,1,1,0,1,1,2,2,5,725,21,5,2015,5,0,36,0,NULL,3,SR-122,NULL,126,39.31192222,-76.73169167,0,8,0,0,1,1,0,1,2,1,0,1,0,0000000,99,99,99,99,99,99,0,0,0,1,0,3081
240122_2015,24,240122,1,1,0,1,1,1,1,33,0,14,4,2015,3,14,38,0,NULL,4,CR-148,NULL,15,38.78654167,-76.96795278,0,8,0,0,1,1,0,1,1,2,0,2,0,0000000,14,38,14,50,15,31,0,0,0,1,0,3082
240123_2015,24,240123,2,2,0,0,0,2,2,5,0,27,4,2015,2,14,27,0,NULL,3,SR-45,"FREELAIND RD",256,39.71834444,-76.65560556,0,12,6,0,2,2,0,1,1,1,0,1,0,0000000,14,38,14,50,15,31,0,0,0,1,0,3083
240124_2015,24,240124,1,1,0,0,0,5,5,1,0,2,5,2015,7,0,36,1,NULL,1,I-68,NULL,58,39.64088056,-78.87876389,0,24,0,0,1,1,0,4,2,1,0,1,0,0000000,0,36,0,42,99,99,0,0,0,2,0,3084
240125_2015,24,240125,2,2,0,0,0,7,7,3,0,1,5,2015,6,12,46,1,NULL,1,I-595,SR-450,91,38.984075,-76.54519722,0,24,0,0,1,1,0,4,1,1,0,1,0,0000000,12,48,12,56,13,37,0,0,0,1,0,3085
240126_2015,24,240126,2,2,0,0,0,3,3,33,0,2,5,2015,7,21,14,0,NULL,3,SR-5,CR-2951,49,38.72803889,-76.881275,0,12,6,0,2,2,0,1,2,1,0,1,0,0000000,20,59,21,7,21,25,0,0,0,1,0,3086
240127_2015,24,240127,1,1,0,0,0,1,1,43,0,3,5,2015,1,1,14,0,NULL,3,SR-615,NULL,18,39.69331944,-78.12908889,0,42,0,0,1,1,0,4,2,1,0,1,0,0000000,1,9,1,17,88,88,0,0,0,1,1,3087
240128_2015,24,240128,1,1,0,0,0,1,1,33,0,8,1,2015,5,18,30,0,NULL,4,CR-467,CR-329,8,38.94730556,-76.97806389,0,59,0,0,3,5,0,4,3,1,0,1,0,0000000,99,99,99,99,99,99,0,0,0,1,0,3088
240129_2015,24,240129,5,5,0,0,0,8,8,17,0,3,5,2015,1,16,1,0,NULL,2,US-1,SR-5,262,38.65704444,-76.87558056,0,12,1,0,2,2,0,1,1,1,0,1,0,0000000,16,0,16,11,16,38,14,0,0,2,0,3089
240130_2015,24,240130,1,1,0,0,0,1,1,43,0,3,5,2015,1,0,37,0,NULL,4,CR-229,NULL,17,39.67309722,-77.59802778,0,31,0,0,1,1,0,4,2,1,0,1,0,0000000,99,99,99,99,88,88,0,0,0,1,1,3090
240131_2015,24,240131,1,1,0,0,0,4,4,23,0,3,5,2015,1,0,27,0,NULL,4,CR-219,NULL,31,39.66005,-79.12752222,0,34,0,0,1,1,0,4,2,1,0,1,0,0000000,0,33,0,45,1,19,0,0,0,1,1,3091
240132_2015,24,240132,1,1,0,0,0,1,1,27,0,2,5,2015,7,1,37,0,NULL,4,CR-37,NULL,39,39.32076944,-76.95007778,0,38,0,0,1,1,0,4,2,1,0,1,0,0000000,1,37,1,41,88,88,0,0,0,1,1,3092
240133_2015,24,240133,1,1,0,0,0,1,1,3,0,6,5,2015,4,21,50,1,NULL,1,"I-97 RAMP",MD-174,130,39.14478333,-76.64311389,0,33,0,1,3,3,0,3,3,1,0,1,0,0000000,21,23,21,26,22,7,0,0,0,1,0,3093
240134_2015,24,240134,6,2,4,0,0,2,2,5,0,6,5,2015,4,9,8,1,NULL,2,US-1,NULL,259,39.46839444,-76.41026389,0,12,6,0,8,1,0,1,1,1,0,1,0,0000000,9,4,9,19,9,44,0,0,0,1,0,3094
240135_2015,24,240135,2,2,0,0,0,2,2,3,0,5,5,2015,3,19,9,0,NULL,3,SR-2,CR-2420,269,39.0516,-76.52222222,0,12,6,0,2,3,0,1,5,1,0,1,0,0000000,19,8,19,19,19,54,0,0,0,2,1,3095
240136_2015,24,240136,1,1,0,1,1,1,1,510,50,28,4,2015,3,18,0,0,NULL,6,"SARATOGA STREET",NULL,0,39.29200556,-76.65039167,0,8,0,0,1,1,0,1,1,1,0,1,0,0000000,99,99,99,99,99,99,0,0,0,1,0,3096
240137_2015,24,240137,1,1,0,0,0,1,1,37,0,9,5,2015,7,3,9,0,NULL,3,SR-243,NULL,20,38.27704444,-76.68270556,0,34,0,0,1,1,0,4,2,1,0,1,0,0000000,3,12,3,21,88,88,0,0,0,1,1,3097
240138_2015,24,240138,1,1,0,0,0,1,1,17,0,9,5,2015,7,22,37,0,NULL,3,SR-6,NULL,307,38.48917778,-76.91672778,0,52,0,0,1,1,0,4,2,1,0,1,0,0000000,22,29,22,41,23,50,0,0,0,1,0,3098
240139_2015,24,240139,2,2,0,0,0,3,3,13,0,10,5,2015,1,14,44,0,NULL,3,SR-32,NULL,76,39.45546389,-76.92819444,0,12,2,0,1,1,0,1,1,1,0,1,0,0000000,14,38,14,43,99,99,0,0,0,1,0,3099
240140_2015,24,240140,1,1,0,0,0,1,1,5,0,10,5,2015,1,23,54,1,NULL,1,I-95,NULL,0,39.42700833,-76.39000278,0,31,0,0,1,1,0,4,2,98,0,98,0,0000000,99,99,99,99,88,88,0,0,0,1,0,3100
240141_2015,24,240141,1,1,0,0,0,1,1,11,0,9,5,2015,7,9,10,0,NULL,4,CR-388,NULL,0,39.11490556,-75.78191944,0,34,0,0,1,1,0,4,1,1,0,1,0,0000000,9,8,9,17,88,88,0,0,0,1,1,3101
240142_2015,24,240142,1,1,0,0,0,1,1,33,0,11,5,2015,2,12,13,1,NULL,2,US-301,NULL,64,38.73424444,-76.82660556,0,42,0,0,1,1,0,4,1,10,0,10,0,0000000,12,7,12,16,13,0,0,0,0,1,0,3102
240143_2015,24,240143,1,1,0,0,0,3,3,47,0,11,5,2015,2,20,29,0,NULL,3,SR-12,NULL,63,38.08279722,-75.39865833,0,42,0,0,1,1,0,4,2,2,0,2,0,0000000,99,99,99,99,88,88,0,0,0,3,1,3103
240144_2015,24,240144,1,1,0,0,0,1,1,43,0,14,5,2015,5,0,31,0,NULL,4,CR-314,NULL,26,39.61905,-77.58995833,0,31,0,0,1,1,0,4,2,1,0,1,0,0000000,99,99,99,99,88,88,0,0,0,1,1,3104
240145_2015,24,240145,1,1,0,0,0,1,1,47,0,16,5,2015,7,18,17,1,NULL,2,US-50,NULL,3,38.38525833,-75.32099167,0,42,0,0,1,1,0,4,1,10,0,10,0,0000000,18,15,18,25,88,88,0,0,0,1,1,3105
240146_2015,24,240146,1,1,0,0,0,1,1,11,0,11,5,2015,2,14,39,0,NULL,3,SR-313,NULL,42,38.71274167,-75.78844444,0,35,0,0,1,1,0,4,1,1,0,1,0,0000000,99,99,99,99,99,99,0,0,0,1,0,3106
240147_2015,24,240147,1,1,0,0,0,2,2,9,0,1,5,2015,6,1,18,0,NULL,3,SR-4,NULL,0,38.323975,-76.47420278,0,26,0,0,1,1,0,4,2,2,0,2,0,0000000,1,22,1,28,99,99,0,0,0,1,0,3107
240148_2015,24,240148,2,2,0,0,0,4,4,9,0,13,5,2015,4,17,48,0,NULL,3,SR-264,NULL,52,38.483675,-76.54380833,0,12,2,0,1,1,0,1,1,1,0,1,0,0000000,17,48,18,9,19,7,0,0,0,1,0,3108
240149_2015,24,240149,1,1,0,0,0,1,1,13,0,12,5,2015,3,22,53,0,NULL,4,CR-397,NULL,12,39.58689722,-76.97079167,0,1,0,0,1,1,0,6,2,1,0,1,0,0000000,22,51,22,59,23,24,0,0,0,1,1,3109
240150_2015,24,240150,1,1,0,0,0,2,2,510,50,12,5,2015,3,21,27,0,NULL,3,SR-140,"PATTERSON AVE",46,39.35630556,-76.70259722,0,30,0,0,3,2,0,4,3,1,0,1,0,0000000,99,99,99,99,99,99,0,0,0,2,1,3110
240151_2015,24,240151,2,2,0,0,0,2,2,27,0,12,5,2015,3,17,8,0,NULL,3,SR-32,"LIVESTOCK RD",198,39.313475,-76.95121667,0,12,6,0,7,1,0,1,1,1,0,1,0,0000000,99,99,99,99,99,99,0,0,0,1,0,3111
240152_2015,24,240152,1,1,0,0,0,1,1,47,0,25,5,2015,2,3,41,0,NULL,3,SR-90,NULL,4,38.36961944,-75.26698889,0,42,0,0,1,1,0,3,2,1,0,1,0,0000000,3,40,3,48,88,88,0,0,0,1,1,3112
240153_2015,24,240153,1,1,0,0,0,1,1,39,0,26,5,2015,3,17,12,0,NULL,3,SR-413,NULL,66,38.03984722,-75.77088611,0,34,0,0,1,1,0,4,1,1,0,1,0,0000000,17,7,17,21,17,39,0,0,0,1,0,3113
240154_2015,24,240154,1,1,0,1,1,2,2,33,0,26,5,2015,3,3,48,1,NULL,1,I-95,NULL,221,38.985175,-76.88019167,0,8,0,0,1,1,0,1,2,1,0,1,0,0000000,3,47,3,53,88,88,0,0,0,1,0,3114
240155_2015,24,240155,2,2,0,0,0,2,2,35,0,27,5,2015,4,9,56,1,NULL,2,US-301,SR-405,269,39.09920278,-75.96053889,0,12,6,0,2,2,0,1,1,1,0,1,0,0000000,9,55,10,27,10,52,0,0,0,1,0,3115
240156_2015,24,240156,2,1,1,1,3,1,3,25,0,28,5,2015,5,13,15,1,NULL,1,I-95,NULL,168,39.57294167,-76.13630556,0,14,0,1,19,1,0,4,1,1,0,1,0,0000000,99,99,99,99,99,99,0,0,0,1,0,3116
240157_2015,24,240157,2,2,0,0,0,2,2,31,0,31,5,2015,1,23,26,0,NULL,3,SR-115,NULL,27,39.13581111,-77.12471111,0,12,2,0,1,1,0,1,2,1,0,1,0,0000000,99,99,99,99,99,99,0,0,0,1,2,3117
240158_2015,24,240158,2,2,0,0,0,2,2,31,0,9,5,2015,7,21,3,0,NULL,4,CR-1659,CR-1677,20,39.057575,-77.07785278,0,12,6,0,2,2,0,1,3,1,0,1,0,0000000,21,3,21,8,21,45,0,0,0,1,0,3118
240159_2015,24,240159,1,1,0,0,0,1,1,45,0,1,6,2015,2,11,27,1,NULL,2,US-50,NULL,87,38.43755,-75.68240278,0,59,0,0,1,1,0,4,1,1,0,1,0,0000000,99,99,99,99,88,88,0,0,0,1,1,3119
240160_2015,24,240160,1,1,0,0,0,1,1,3,0,31,5,2015,1,15,45,1,NULL,1,"I-595 RAMP",NULL,81,38.98531111,-76.57406111,0,42,0,0,5,1,0,4,1,1,0,1,0,0000000,99,99,99,99,88,88,0,0,0,1,1,3120
240161_2015,24,240161,2,2,0,0,0,2,2,31,0,13,5,2015,4,13,48,0,NULL,3,SR-200,NULL,120,39.08597778,-77.01920833,0,12,1,0,1,1,0,1,1,1,0,1,0,0000000,99,99,99,99,99,99,0,0,0,1,0,3121
240162_2015,24,240162,2,2,0,1,1,4,4,510,50,28,5,2015,5,19,55,0,NULL,3,SR-140,"BOARMAN AVE",22,39.33811111,-76.66733611,0,12,2,0,2,2,0,1,5,1,0,1,0,0000000,19,57,20,0,20,15,0,0,0,1,0,3122
240163_2015,24,240163,1,1,0,0,0,1,1,31,0,31,5,2015,1,15,25,0,NULL,8,"LEISURE WORLD BLVD",NULL,0,39.10396111,-77.05922222,0,42,0,0,1,1,0,3,1,1,0,1,0,0000000,15,6,15,19,16,8,0,0,0,1,0,3123
240164_2015,24,240164,3,3,0,0,0,5,5,13,0,10,5,2015,1,15,10,0,NULL,3,SR-140,CR-503,32,39.51824167,-76.91315,0,12,1,0,3,2,0,1,1,1,0,1,0,0000000,15,7,15,13,15,37,0,0,0,1,0,3124
240165_2015,24,240165,2,2,0,4,4,2,2,33,0,23,5,2015,7,20,15,0,NULL,3,SR-410,"EDITORS PARK DRIVE",0,38.96688333,-76.95753611,0,12,6,0,2,2,0,1,1,1,0,1,0,0000000,15,56,16,3,16,19,0,0,0,1,0,3125
240166_2015,24,240166,2,2,0,0,0,2,2,33,0,30,5,2015,7,0,59,0,NULL,3,SR-210,CR-1077,59,38.6915,-76.98909167,0,12,6,0,2,3,0,1,3,1,0,1,0,0000000,99,99,99,99,99,99,0,0,0,1,2,3126
240167_2015,24,240167,1,1,0,0,0,1,1,9,0,23,5,2015,7,17,25,0,NULL,3,SR-260,"CHESAPEAKE BEACH RD",0,38.69768333,-76.54441111,0,33,0,0,3,3,0,4,1,1,0,1,0,0000000,17,27,17,29,18,4,0,0,0,1,0,3127
240168_2015,24,240168,1,1,0,0,0,4,4,17,0,1,6,2015,2,17,53,0,NULL,9,"ROSE HIL RD",NULL,0,38.51766389,-77.02415833,0,59,0,0,1,1,0,4,1,10,0,10,0,0000000,17,53,18,2,99,99,0,0,0,1,1,3128
240169_2015,24,240169,1,1,0,0,0,2,2,25,0,5,6,2015,6,23,29,1,NULL,2,US-40,NULL,116,39.49200278,-76.18955,0,30,0,0,1,1,0,4,3,1,0,1,0,0000000,23,24,23,30,0,2,0,0,0,1,0,3129
240170_2015,24,240170,1,1,0,0,0,3,3,11,0,6,6,2015,7,23,50,0,NULL,4,CR-15,NULL,34,39.09208889,-75.82713333,0,42,0,0,1,1,0,4,2,1,0,1,0,0000000,23,48,0,5,1,22,0,0,0,1,1,3130
240171_2015,24,240171,1,1,0,0,0,1,1,21,0,13,6,2015,7,13,25,0,NULL,4,CR-134,NULL,0,39.47955,-77.46010556,0,32,0,0,1,1,0,4,1,1,0,1,0,0000000,13,25,13,33,88,88,0,0,0,1,1,3131
240172_2015,24,240172,1,1,0,1,1,1,1,31,0,11,6,2015,5,9,0,0,NULL,4,CR-4991,CR-1936,10,39.12110556,-77.15845,0,8,0,0,2,2,0,1,1,1,0,1,1,0000000,9,0,9,5,9,33,0,0,0,1,0,3132
240173_2015,24,240173,2,2,0,0,0,4,4,19,0,15,6,2015,2,12,21,0,NULL,3,SR-307,CR-304,43,38.67693333,-75.80483611,0,12,6,0,2,2,0,1,1,1,0,1,0,0000000,12,20,12,24,13,43,0,0,0,2,0,3133
240174_2015,24,240174,1,1,0,2,2,1,1,23,0,24,6,2015,4,16,57,0,NULL,2,US-219,NULL,304,39.62382222,-79.32252778,0,8,0,0,1,1,0,2,1,1,0,1,0,0000000,16,57,17,5,18,11,0,0,0,1,0,3134
240175_2015,24,240175,1,1,0,0,0,1,1,9,0,21,6,2015,1,17,55,0,NULL,8,"GRAYS RD",NULL,0,38.48026667,-76.55081667,0,1,0,0,1,1,0,1,1,1,0,1,0,0000000,99,99,99,99,88,88,0,0,0,1,1,3135
240176_2015,24,240176,2,2,0,0,0,2,2,33,0,6,6,2015,7,13,30,0,NULL,3,SR-5,CR-2951,49,38.72812778,-76.88117778,0,12,6,0,2,2,0,1,1,1,0,1,0,0000000,13,27,13,41,14,26,0,0,0,1,0,3136
240177_2015,24,240177,1,1,0,0,0,2,2,5,0,5,6,2015,6,20,51,0,NULL,4,CR-7032,NULL,30,39.39422778,-76.42799167,0,42,0,0,1,1,0,4,3,1,0,1,0,0000000,20,49,21,24,21,38,0,0,0,2,0,3137
240178_2015,24,240178,2,1,1,0,0,1,1,21,0,20,3,2015,6,7,21,1,NULL,2,US-15,NULL,350,39.69066111,-77.32426389,0,14,0,0,1,1,0,4,1,4,0,4,0,0000000,7,20,7,29,8,17,0,0,0,1,0,3138
240179_2015,24,240179,1,1,0,0,0,1,1,21,0,26,6,2015,6,4,32,0,NULL,3,SR-17,NULL,247,39.56916667,-77.53197222,0,24,0,0,1,1,0,4,2,99,0,99,0,0000000,4,32,4,44,88,88,0,0,0,1,0,3139
240180_2015,24,240180,1,1,0,0,0,1,1,43,0,26,6,2015,6,23,51,0,NULL,3,SR-34,NULL,25,39.45569444,-77.75788056,0,1,0,0,1,1,0,1,2,10,0,10,0,0000000,23,51,0,1,88,88,0,0,0,1,1,3140