st_case_year,STATE,ST_CASE,VE_TOTAL,VE_FORMS,PVH_INVL,PEDS,PERNOTMVIT,PERMVIT,PERSONS,COUNTY,CITY,DAY,MONTH,YEAR,DAY_WEEK,HOUR,MINUTE,NHS,ROAD_FNC,ROUTE,TWAY_ID,TWAY_ID2,MILEPT,LATITUDE,LONGITUD,SP_JUR,HARM_EV,MAN_COLL,RELJCT1,RELJCT2,TYP_INT,WRK_ZONE,REL_ROAD,LGT_COND,WEATHER1,WEATHER2,WEATHER,SCH_BUS,RAIL,NOT_HOUR,NOT_MIN,ARR_HOUR,ARR_MIN,HOSP_HR,HOSP_MN,CF1,CF2,CF3,FATALS,DRUNK_DR,idno
240181_2015,24,240181,1,1,0,0,0,1,1,37,0,27,6,2015,7,12,57,0,NULL,4,CR-7,NULL,0,38.471575,-76.73151111,0,24,0,0,1,1,0,4,1,2,0,2,0,0000000,12,54,13,2,88,88,0,0,0,1,1,3141
240182_2015,24,240182,1,1,0,0,0,1,1,31,0,28,6,2015,1,0,41,1,NULL,1,I-270,NULL,140,39.17662778,-77.24743889,0,24,0,1,5,1,0,3,3,5,0,5,0,0000000,99,99,99,99,88,88,0,0,0,1,1,3142
240183_2015,24,240183,1,1,0,0,0,1,1,33,0,28,6,2015,1,3,57,1,NULL,1,I-95,NULL,306,39.07503333,-76.90425,0,35,0,0,1,1,0,3,2,2,10,2,0,0000000,99,99,99,99,88,88,0,0,0,1,0,3143
240184_2015,24,240184,1,1,0,1,1,1,1,3,0,27,6,2015,7,22,3,0,NULL,3,SR-2,CR-2836,201,38.97897222,-76.53879722,0,8,0,0,2,2,0,1,2,2,0,2,0,0000000,22,4,22,9,88,88,0,0,0,1,0,3144
240185_2015,24,240185,2,2,0,0,0,3,3,9,0,28,6,2015,1,19,2,0,NULL,4,CR-68,SR-765,1,38.50064444,-76.52950556,0,12,6,0,2,2,0,1,1,1,0,1,0,0000000,19,6,19,9,20,3,0,0,0,1,1,3145
240186_2015,24,240186,1,1,0,0,0,4,4,31,0,25,6,2015,5,23,50,0,NULL,4,CR-210,NULL,1,39.08313056,-77.24945,0,32,0,0,1,1,0,4,3,10,0,10,0,0000000,99,99,99,99,99,99,0,0,0,2,1,3146
240187_2015,24,240187,2,2,0,0,0,2,2,31,0,27,6,2015,7,16,39,0,NULL,4,CR-212,CR-5119,57,39.13823333,-77.15351667,0,12,6,0,2,2,0,1,1,2,0,2,0,0000000,16,34,16,43,17,6,0,0,0,1,0,3147
240188_2015,24,240188,1,1,0,0,0,1,1,31,0,23,6,2015,3,20,26,0,NULL,3,SR-28,NULL,62,39.162525,-77.38686389,0,16,0,0,1,1,0,1,5,10,0,10,0,0000000,99,99,99,99,88,88,0,0,0,1,0,3148
240189_2015,24,240189,2,2,0,0,0,3,3,510,50,28,6,2015,1,20,5,0,NULL,6,"AUCHENTOROLY TER","REISTERSTOWN RD",0,39.32206111,-76.65512222,0,12,99,0,2,99,0,1,1,1,0,1,0,0000000,99,99,99,99,99,99,0,0,0,1,0,3149
240190_2015,24,240190,1,1,0,0,0,1,1,5,0,19,6,2015,6,11,4,0,NULL,3,SR-26,NULL,69,39.35873333,-76.77114444,0,33,0,0,1,1,0,4,1,10,0,10,0,0000000,11,5,11,21,11,55,0,0,0,1,0,3150
240191_2015,24,240191,1,1,0,1,1,1,1,33,1520,17,7,2015,6,16,31,9,NULL,4,CR-218,CR-54,87,38.85347778,-76.93731944,0,8,0,1,2,3,0,1,1,1,0,1,0,0000000,16,33,16,39,16,55,0,0,0,1,0,3151
240192_2015,24,240192,1,1,0,0,0,1,1,21,0,30,5,2015,7,12,42,0,NULL,3,SR-80,NULL,18,39.32695,-77.40967778,0,38,0,0,1,1,0,6,1,1,0,1,0,0000000,12,30,13,16,13,42,0,0,0,1,0,3152
240193_2015,24,240193,1,1,0,0,0,1,1,33,0,11,6,2015,5,1,47,0,NULL,4,CR-558,NULL,11,38.78162222,-76.87735,0,30,0,0,1,1,0,4,3,1,0,1,0,0000000,99,99,99,99,88,88,0,0,0,1,1,3153
240194_2015,24,240194,1,1,0,0,0,1,1,33,0,1,6,2015,2,20,33,0,NULL,4,CR-557,NULL,13,38.75782222,-76.867375,0,1,0,0,1,1,0,1,2,10,0,10,0,0000000,99,99,99,99,88,88,0,0,0,1,0,3154
240195_2015,24,240195,1,1,0,1,1,1,1,510,50,14,6,2015,1,16,2,0,NULL,6,"ASIQUITH STREET","E. PRESTON STREET",9,39.30508333,-76.60217222,0,9,0,0,2,4,0,1,1,1,0,1,0,0000000,99,99,99,99,99,99,0,0,0,1,0,3155
240196_2015,24,240196,1,1,0,1,1,1,1,33,0,26,6,2015,6,22,54,0,NULL,4,CR-87,NULL,30,38.877925,-76.85812778,0,9,0,0,1,1,0,1,3,1,0,1,0,0000000,99,99,99,99,99,99,0,0,0,1,0,3156
240197_2015,24,240197,1,1,0,1,1,2,2,5,0,29,6,2015,2,21,7,1,NULL,2,US-40,"WESTVIEW SHOPPING CENTER ENT",26,39.28757778,-76.73433889,0,8,0,0,3,2,0,1,3,1,0,1,0,0000000,99,99,99,99,99,99,0,0,0,1,0,3157
240198_2015,24,240198,2,2,0,1,1,1,1,15,0,11,6,2015,5,10,12,0,NULL,3,SR-213,NULL,271,39.71941667,-75.87577778,0,12,1,0,1,1,0,1,1,1,0,1,0,0000000,9,48,10,2,10,29,23,0,0,1,0,3158
240199_2015,24,240199,1,1,0,0,0,3,3,33,0,8,6,2015,2,2,1,0,NULL,4,CR-5109,NULL,0,38.75988889,-76.99705,0,5,0,0,1,1,0,1,2,1,0,1,0,0000000,99,99,99,99,99,99,0,0,0,1,1,3159
240200_2015,24,240200,1,1,0,1,1,1,1,5,0,12,6,2015,6,16,41,0,NULL,4,CR-5232,NULL,1,39.25870833,-76.52461389,0,8,0,0,1,1,0,2,1,1,0,1,0,0000000,99,99,99,99,99,99,0,0,0,1,1,3160
240201_2015,24,240201,1,1,0,1,1,1,1,510,50,19,6,2015,6,22,7,0,NULL,6,"EASTERN AVE",NULL,0,39.28713611,-76.53825278,0,8,0,0,1,1,0,1,3,1,0,1,0,0000000,99,99,99,99,99,99,0,0,0,1,0,3161
240202_2015,24,240202,4,3,1,1,1,2,2,33,0,25,6,2015,5,1,35,1,NULL,1,I-95,SR-200,306,39.06506667,-76.91155278,0,12,1,0,1,1,4,1,3,1,0,1,0,0000000,1,30,1,41,2,6,0,0,0,1,0,3162
240203_2015,24,240203,3,3,0,0,0,5,5,33,0,20,6,2015,7,14,32,0,NULL,3,SR-337,NULL,2,38.80743056,-76.89986667,0,12,6,0,8,1,0,1,1,1,0,1,0,0000000,14,32,14,43,15,34,0,0,0,1,0,3163
240204_2015,24,240204,2,2,0,0,0,5,5,5,0,20,6,2015,7,21,19,0,NULL,2,US-1,NULL,259,39.47374167,-76.40873611,0,12,6,0,1,1,0,1,2,2,0,2,0,0000000,99,99,99,99,99,99,0,0,0,1,1,3164
240205_2015,24,240205,2,2,0,0,0,2,2,27,0,8,8,2015,7,16,49,1,NULL,2,US-1,NULL,106,39.21571667,-76.71198056,0,12,1,0,8,1,0,1,1,1,0,1,0,0000000,16,49,16,54,17,19,0,0,0,1,1,3165
240206_2015,24,240206,2,2,0,0,0,3,3,25,0,1,7,2015,4,20,33,0,NULL,3,SR-155,CR-1065,58,39.57484444,-76.14793333,0,12,6,0,2,2,0,1,5,1,0,1,0,0000000,20,31,20,37,21,30,0,0,0,1,0,3166
240207_2015,24,240207,2,2,0,0,0,2,2,45,0,3,7,2015,6,17,54,0,NULL,4,CR-38,NULL,2,38.43871944,-75.77591111,0,12,6,0,8,1,0,1,1,1,0,1,0,0000000,17,51,18,1,18,22,0,0,0,1,0,3167
240208_2015,24,240208,2,2,0,0,0,3,3,41,0,5,7,2015,1,20,5,0,NULL,3,SR-404,"OWENS RD",14,38.93804167,-76.05495,0,12,6,0,2,2,0,1,1,1,0,1,0,0000000,99,99,99,99,99,99,0,0,0,1,2,3168
240209_2015,24,240209,1,1,0,1,1,1,1,5,0,11,6,2015,5,18,4,0,NULL,3,SR-147,NULL,3,39.37673889,-76.54038056,0,8,0,0,1,1,0,1,1,1,0,1,0,0000000,18,3,18,12,18,28,0,0,0,1,0,3169
240210_2015,24,240210,4,4,0,0,0,6,6,47,0,3,7,2015,6,11,35,1,NULL,2,US-113,"BISHOPVILLE RD",356,38.42866944,-75.219275,0,12,6,0,2,2,0,1,1,1,0,1,0,0000000,99,99,99,99,99,99,0,0,0,1,0,3170
240211_2015,24,240211,2,2,0,0,0,4,4,5,0,4,7,2015,7,11,31,0,NULL,3,SR-150,"STUART STREET",35,39.31041667,-76.47093611,0,12,2,0,2,2,0,1,1,2,0,2,0,0000000,11,31,11,34,12,7,0,0,0,1,1,3171
240212_2015,24,240212,1,1,0,0,0,1,1,9,0,8,7,2015,4,19,18,0,NULL,4,CR-17,NULL,10,38.71010278,-76.54825,0,59,0,0,1,1,0,4,1,2,0,2,0,0000000,99,99,99,99,88,88,0,0,0,1,1,3172
240213_2015,24,240213,2,2,0,0,0,3,3,23,0,9,7,2015,5,11,38,0,NULL,3,SR-42,"MAPLE STREET",78,39.663125,-79.41492222,0,12,6,0,2,2,0,1,1,1,0,1,0,0000000,11,36,11,41,12,30,0,0,0,1,0,3173
240214_2015,24,240214,1,1,0,0,0,1,1,45,0,11,7,2015,7,22,38,0,NULL,3,SR-346,NULL,65,38.38780556,-75.47017222,0,38,0,0,1,1,0,4,3,1,0,1,0,0000000,99,99,99,99,88,88,0,0,0,1,1,3174
240215_2015,24,240215,2,2,0,0,0,3,3,13,0,13,7,2015,2,9,28,0,NULL,3,SR-27,NULL,77,39.44467778,-77.09481944,0,12,2,0,1,1,0,1,1,1,0,1,0,0000000,9,26,9,35,10,20,0,0,0,1,0,3175
240216_2015,24,240216,1,1,0,0,0,1,1,9,0,13,7,2015,2,0,7,0,NULL,3,SR-263,NULL,14,38.59791944,-76.58447222,0,33,0,0,1,1,0,4,3,1,0,1,0,0000000,0,8,0,32,1,5,0,0,0,1,1,3176
240217_2015,24,240217,2,2,0,0,0,2,2,29,0,6,7,2015,2,13,41,0,NULL,3,SR-297,"MARY MORRIS RD",10,39.25185556,-76.07709167,0,12,2,0,2,3,0,1,1,1,0,1,0,0000000,13,36,13,46,14,37,0,0,0,1,0,3177
240218_2015,24,240218,1,1,0,0,0,1,1,43,0,17,7,2015,6,7,4,0,NULL,4,CR-756,NULL,15,39.68108611,-77.90869167,0,41,0,0,1,1,0,4,1,1,0,1,0,0000000,7,4,7,18,88,88,0,0,0,1,1,3178
240219_2015,24,240219,2,2,0,0,0,2,2,31,0,18,7,2015,7,19,55,0,NULL,3,SR-335,"CHRISTOPHER AVE",157,39.15564167,-77.21612778,0,12,6,0,2,2,0,1,5,10,0,10,0,0000000,19,56,19,59,20,25,0,0,0,1,0,3179
240220_2015,24,240220,1,1,0,1,1,1,1,31,0,16,7,2015,5,10,53,0,NULL,4,CR-1659,CR-1174,16,39.05540278,-77.08355833,0,31,0,0,3,2,0,4,1,1,0,1,0,0000000,10,54,10,57,11,17,0,0,0,1,0,3180
240221_2015,24,240221,2,2,0,0,0,4,4,5,0,2,7,2015,5,21,53,0,NULL,3,SR-146,NULL,42,39.46264722,-76.58628611,0,12,2,0,1,1,0,1,3,1,0,1,0,0000000,99,99,99,99,99,99,0,0,0,1,0,3181
240222_2015,24,240222,1,1,0,0,0,1,1,31,0,5,7,2015,1,5,7,0,NULL,3,SR-108,NULL,27,39.278325,-77.16727778,0,30,0,0,1,1,0,4,2,5,0,5,0,0000000,99,99,99,99,88,88,0,0,0,1,1,3182
240223_2015,24,240223,1,1,0,0,0,1,1,5,0,7,7,2015,3,1,9,0,NULL,4,CR-70,NULL,34,39.65707778,-76.70033611,0,42,0,0,1,1,0,4,3,1,0,1,0,0000000,99,99,99,99,88,88,0,0,0,1,1,3183
240224_2015,24,240224,1,1,0,0,0,1,1,5,0,24,7,2015,6,9,0,1,NULL,1,I-83,NULL,87,39.47094167,-76.66089167,0,1,0,0,20,1,0,1,1,1,0,1,0,0000000,9,7,9,15,88,88,0,0,0,1,0,3184
240225_2015,24,240225,1,1,0,0,0,1,1,31,0,28,7,2015,3,21,24,0,NULL,4,CR-,NULL,40,39.29224167,-77.26295,0,30,0,0,1,1,0,4,2,1,0,1,0,0000000,99,99,99,99,88,88,0,0,0,1,0,3185
240226_2015,24,240226,4,2,2,0,0,4,4,45,0,26,7,2015,1,14,48,1,NULL,2,US-13,"FOSKEY LA",11151,38.44523611,-75.56046389,0,12,6,0,2,2,0,1,1,1,0,1,0,0000000,13,55,13,5,13,58,0,0,0,1,0,3186
240227_2015,24,240227,3,3,0,0,0,5,5,5,0,3,7,2015,6,5,33,0,NULL,3,SR-26,NULL,1,39.39648333,-76.87905,0,12,8,0,1,1,0,1,1,1,0,1,0,0000000,99,99,99,99,99,99,0,0,0,1,0,3187
240228_2015,24,240228,2,2,0,0,0,2,2,5,0,22,7,2015,4,11,11,0,NULL,4,CR-4458,CR-4542,42,39.33363889,-76.47626389,0,12,2,0,2,2,0,1,1,1,0,1,0,0000000,11,11,11,23,11,44,0,0,0,1,0,3188
240229_2015,24,240229,2,2,0,0,0,2,2,15,0,29,7,2015,4,8,58,1,NULL,2,US-40,CR-175,104,39.61067222,-75.90805833,0,12,6,0,2,3,0,1,1,1,0,1,0,0000000,8,28,8,59,9,50,0,0,0,1,0,3189
240230_2015,24,240230,1,1,0,0,0,1,1,33,0,23,7,2015,5,18,58,0,NULL,4,CR-172,NULL,18,38.69970556,-76.7947,0,43,0,0,1,1,0,6,1,1,0,1,0,0000000,18,20,18,26,18,56,0,0,0,1,0,3190
240231_2015,24,240231,3,3,0,0,0,4,4,33,0,26,7,2015,1,20,13,0,NULL,4,CR-3675,NULL,26,38.801475,-76.90469167,0,12,6,0,8,1,0,1,3,1,0,1,0,0000000,99,99,99,99,99,99,0,0,0,1,1,3191
240232_2015,24,240232,5,5,0,0,0,6,6,33,0,21,7,2015,3,16,55,1,NULL,2,US-301,NULL,4,38.66367778,-76.87465,0,12,7,0,1,1,0,1,1,1,0,1,0,0000000,16,43,17,16,17,59,14,0,0,1,0,3192
240233_2015,24,240233,1,1,0,0,0,1,1,1,0,15,3,2015,1,2,2,0,NULL,3,SR-61,NULL,18,39.64213611,-78.76440556,0,24,0,0,1,1,0,4,3,1,0,1,0,0000000,2,16,2,20,88,88,0,0,0,1,1,3193
240234_2015,24,240234,1,1,0,0,0,1,1,1,0,23,5,2015,7,22,35,0,NULL,6,MU-3690,NULL,8,39.62880556,-78.76701389,0,19,0,0,1,1,0,6,8,1,0,1,0,0000000,22,31,22,37,22,51,0,0,0,1,0,3194
240235_2015,24,240235,2,2,0,1,1,2,2,25,0,7,8,2015,6,21,25,1,NULL,2,US-40,SR-7,107,39.48860833,-76.19681944,0,8,0,0,3,4,0,1,2,1,0,1,0,0000000,21,19,21,25,88,88,0,0,0,1,0,3195
240236_2015,24,240236,1,1,0,0,0,1,1,31,0,2,8,2015,1,8,5,0,NULL,3,SR-108,NULL,162,39.14905,-77.01909722,0,59,0,0,1,1,0,4,1,1,0,1,0,0000000,8,10,8,15,8,47,0,0,0,1,0,3196
240237_2015,24,240237,2,2,0,0,0,6,6,3,0,1,8,2015,7,16,17,0,NULL,3,SR-2,NULL,19,38.76175556,-76.59731389,0,12,2,0,1,1,0,1,1,1,0,1,0,0000000,15,42,16,23,17,8,0,0,0,1,0,3197
240238_2015,24,240238,2,2,0,0,0,3,3,43,0,4,8,2015,3,2,17,1,NULL,1,I-70,NULL,31,39.69570833,-78.15096389,0,12,2,0,1,1,0,1,2,1,0,1,0,0000000,2,15,2,25,3,41,0,0,0,2,0,3198
240239_2015,24,240239,2,2,0,0,0,2,2,5,0,5,8,2015,4,11,11,0,NULL,3,SR-45,CR-801,61,39.45437222,-76.63213611,0,12,6,0,2,3,0,1,1,1,0,1,0,0000000,99,99,99,99,99,99,0,0,0,1,0,3199
240240_2015,24,240240,2,2,0,0,0,2,2,33,0,6,8,2015,5,0,3,1,NULL,1,I-95,NULL,131,38.86484167,-76.84727778,0,12,1,0,1,1,1,1,2,1,0,1,0,0000000,0,5,0,12,0,43,0,0,0,1,1,3200
240241_2015,24,240241,1,1,0,0,0,1,1,43,0,8,8,2015,7,21,22,0,NULL,6,MU-520,MU-700,3,39.64711944,-77.74060556,2,30,0,0,3,3,0,4,3,1,0,1,0,0000000,21,22,21,32,22,1,0,0,0,1,0,3201
240242_2015,24,240242,1,1,0,0,0,2,2,5,0,1,9,2015,3,13,28,1,NULL,2,US-1,CR-3481,0,39.36085278,-76.52369167,0,33,0,0,3,3,0,4,1,1,0,1,0,0000000,13,28,13,56,14,7,0,0,0,1,0,3202
240243_2015,24,240243,1,1,0,1,1,1,1,25,0,2,9,2015,4,23,5,1,NULL,2,US-40,NULL,15,39.43025833,-76.34760556,0,8,0,0,1,1,0,1,2,1,0,1,0,0000000,22,59,23,7,88,88,0,0,0,1,0,3203
240244_2015,24,240244,2,2,0,0,0,6,6,5,0,6,8,2015,5,20,8,0,NULL,3,SR-151,CR-5148,72,39.295575,-76.52454444,0,12,1,0,3,2,0,1,5,10,0,10,0,0000000,20,10,20,19,99,99,0,0,0,2,0,3204
240245_2015,24,240245,2,2,0,0,0,3,3,41,0,9,8,2015,1,0,14,0,NULL,3,SR-331,NULL,0,38.7604,-76.00168889,0,12,2,0,1,1,0,1,2,1,0,1,0,0000000,99,99,99,99,99,99,0,0,0,1,1,3205
240246_2015,24,240246,1,1,0,0,0,1,1,3,0,10,8,2015,2,2,14,0,NULL,3,SR-10,NULL,69,39.20226389,-76.60058333,0,59,0,0,1,1,0,3,3,1,0,1,0,0000000,99,99,99,99,88,88,0,0,0,1,1,3206
240247_2015,24,240247,3,3,0,0,0,4,4,33,0,3,9,2015,5,17,46,1,NULL,1,I-95,NULL,43,38.80785556,-76.97479444,0,12,6,0,1,1,0,1,1,2,0,2,0,0000000,99,99,99,99,99,99,0,0,0,1,1,3207
240248_2015,24,240248,2,2,0,0,0,2,2,5,0,10,8,2015,2,7,25,0,NULL,3,SR-30,CR-187,33,39.517175,-76.83545,0,12,1,0,2,3,0,1,1,1,0,1,0,0000000,7,27,7,34,99,99,0,0,0,1,0,3208
240249_2015,24,240249,1,1,0,0,0,1,1,31,0,5,8,2015,4,12,38,1,NULL,1,I-495,NULL,104,39.01363333,-77.04353889,0,33,0,0,1,1,0,4,1,1,0,1,0,0000000,12,9,12,17,12,42,0,0,0,1,0,3209
240250_2015,24,240250,2,2,0,0,0,6,6,31,0,4,8,2015,3,19,5,0,NULL,3,SR-28,NULL,98,39.12864167,-77.34345,0,12,6,0,1,1,0,1,1,10,0,10,0,0000000,19,5,19,13,20,20,0,0,0,1,1,3210
240251_2015,24,240251,1,1,0,0,0,3,3,33,0,9,8,2015,1,3,45,0,NULL,3,SR-332,NULL,3,38.8849,-76.91141111,0,39,0,0,1,1,0,4,6,1,0,1,0,0000000,4,15,4,33,4,57,0,0,0,1,0,3211
240252_2015,24,240252,3,3,0,0,0,4,4,9,0,3,9,2015,5,19,40,0,NULL,3,SR-2,SR-760,32,38.37470833,-76.44393611,0,12,6,0,2,2,0,1,5,1,0,1,0,0000000,19,42,19,46,88,88,0,0,0,2,0,3212
240253_2015,24,240253,2,2,0,0,0,2,2,31,0,4,9,2015,6,11,43,0,NULL,3,SR-28,CR-1338,261,39.10093889,-77.09453611,0,12,6,0,2,2,0,1,1,1,0,1,0,0000000,11,43,11,50,12,12,0,0,0,1,0,3213
240254_2015,24,240254,3,3,0,0,0,4,4,5,0,2,8,2015,1,11,56,0,NULL,4,CR-2200,CR-2202,12,39.37956667,-76.77768056,0,12,2,0,2,3,0,1,1,1,0,1,0,0000000,11,55,12,7,13,31,0,0,0,1,0,3214
240255_2015,24,240255,3,3,0,0,0,3,3,25,0,8,9,2015,3,11,54,0,NULL,3,SR-136,CR-121,172,39.696175,-76.31999167,0,12,1,0,3,2,0,1,1,1,0,1,0,0000000,11,57,12,2,12,26,14,0,0,1,0,3215
240256_2015,24,240256,2,2,0,0,0,2,2,25,0,14,8,2015,6,22,8,0,NULL,2,US-40,NULL,71,39.46064167,-76.25465556,0,5,0,0,1,1,0,1,2,1,0,1,0,0000000,22,5,22,9,88,88,14,0,0,1,1,3216
240257_2015,24,240257,2,2,0,0,0,3,3,11,0,15,8,2015,7,20,2,0,NULL,3,SR-480,CR-59,57,38.95255556,-75.84036944,0,12,6,0,2,2,0,1,5,1,0,1,0,0000000,19,59,20,11,21,4,0,0,0,1,0,3217
240258_2015,24,240258,2,2,0,2,2,1,1,43,0,16,8,2015,1,22,31,1,NULL,1,I-70,NULL,108,39.64323889,-78.035625,0,12,7,0,1,1,0,1,2,1,0,1,0,0000000,22,30,22,40,99,99,23,17,15,1,0,3218
240259_2015,24,240259,1,1,0,0,0,1,1,21,0,7,5,2015,5,12,56,0,NULL,3,SR-464,NULL,31,39.33310278,-77.57817778,0,24,0,0,1,1,0,4,1,1,0,1,0,0000000,99,99,99,99,99,99,0,0,0,1,0,3219
240260_2015,24,240260,2,2,0,0,0,2,2,3,0,15,8,2015,7,16,14,0,NULL,3,SR-176,NULL,14,39.15859722,-76.70553611,0,12,6,0,8,1,0,1,1,1,0,1,0,0000000,16,14,16,18,16,48,0,0,0,1,0,3220
240261_2015,24,240261,1,1,0,1,1,1,1,31,0,7,9,2015,2,5,54,0,NULL,3,SR-355,CR-3365,130,39.12616667,-77.1829,0,8,0,0,2,2,0,1,2,1,0,1,0,0000000,5,55,6,14,88,88,0,0,0,1,0,3221
240262_2015,24,240262,2,2,0,0,0,6,6,33,0,15,6,2015,2,5,13,0,NULL,4,CR-3668,NULL,8,38.91826111,-76.89653889,0,12,2,0,1,1,0,1,1,1,0,1,0,0000000,99,99,99,99,99,99,0,0,0,1,1,3222
240263_2015,24,240263,2,2,0,1,1,4,4,5,0,15,9,2015,3,17,52,1,NULL,1,I-95,NULL,19,39.24349167,-76.69084167,0,25,0,0,1,1,0,4,1,1,0,1,0,0000000,99,99,99,99,99,99,23,0,0,1,0,3223
240264_2015,24,240264,2,2,0,0,0,2,2,25,0,17,8,2015,2,9,35,0,NULL,3,SR-136,NULL,271,39.70083889,-76.48244167,0,12,2,0,1,1,0,1,1,1,0,1,0,0000000,99,99,99,99,99,99,0,0,0,1,0,3224
240265_2015,24,240265,1,1,0,0,0,1,1,27,0,19,8,2015,4,22,59,0,NULL,4,CR-558,NULL,28,39.23221111,-76.97810833,0,31,0,0,1,1,0,4,2,1,0,1,0,0000000,22,59,23,7,88,88,0,0,0,1,1,3225
240266_2015,24,240266,1,1,0,0,0,1,1,41,0,14,9,2015,2,19,25,0,NULL,4,CR-67,CR-66,4,38.76496111,-76.21246389,0,5,0,0,2,3,0,1,5,1,0,1,0,0000000,19,23,19,30,19,55,0,0,0,1,0,3226
240267_2015,24,240267,2,2,0,1,1,2,2,33,0,10,8,2015,2,22,47,0,NULL,3,SR-210,NULL,105,38.77304167,-76.99589167,0,8,0,0,1,1,0,1,2,2,0,2,0,0000000,99,99,99,99,88,88,23,0,0,1,0,3227
240268_2015,24,240268,2,2,0,0,0,3,3,5,0,21,8,2015,6,1,20,1,NULL,1,I-695,NULL,168,39.40575833,-76.67156944,0,12,9,0,1,1,0,1,2,1,0,1,0,0000000,1,21,1,45,99,99,0,0,0,1,1,3228
240269_2015,24,240269,2,2,0,0,0,3,3,17,0,23,8,2015,1,14,20,0,NULL,3,SR-224,"SPRING LANE",18,38.53998333,-77.18882222,0,12,6,0,2,3,0,1,1,1,0,1,0,0000000,14,15,14,23,15,15,0,0,0,1,0,3229
240270_2015,24,240270,1,1,0,0,0,1,1,27,0,9,9,2015,4,9,7,1,NULL,1,I-70,NULL,0,39.356225,-77.13785,0,42,0,0,1,1,0,3,1,1,0,1,0,0000000,9,7,9,14,9,47,0,0,0,1,0,3230
240271_2015,24,240271,1,1,0,1,1,1,1,45,0,15,8,2015,7,4,36,1,NULL,2,US-13,"E. STATE STREET",158,38.45553333,-75.55841389,0,8,0,0,2,2,0,1,3,1,0,1,0,0000000,99,99,99,99,88,88,0,0,0,1,0,3231
240272_2015,24,240272,2,2,0,0,0,2,2,33,0,17,8,2015,2,9,31,0,NULL,3,SR-704,CR-3848,27,38.922375,-76.87696389,0,12,6,0,2,3,0,1,1,1,0,1,0,0000000,99,99,99,99,99,99,0,0,0,1,0,3232
240273_2015,24,240273,2,2,0,0,0,4,4,33,0,19,8,2015,4,21,38,0,NULL,3,SR-5,CR-2951,49,38.72819444,-76.88103889,0,12,6,0,2,98,0,1,2,10,0,10,0,0000000,99,99,99,99,99,99,0,0,0,2,1,3233
240274_2015,24,240274,1,1,0,0,0,2,2,15,0,20,9,2015,1,5,0,0,NULL,3,SR-2222,NULL,68,39.61421667,-76.12623056,0,21,0,0,1,1,0,4,2,1,0,1,0,0000000,4,59,5,21,6,20,0,0,0,1,0,3234
240275_2015,24,240275,1,1,0,2,2,1,1,15,0,21,8,2015,6,19,4,0,NULL,4,CR-618,NULL,1,39.67695556,-76.08527778,0,8,0,0,1,1,0,1,5,1,0,1,0,0000000,19,3,19,16,20,10,0,0,0,1,0,3235
240276_2015,24,240276,2,2,0,0,0,2,2,37,0,26,8,2015,4,13,33,0,NULL,3,SR-4,NULL,81,38.31634167,-76.49139167,0,12,2,0,1,1,0,1,1,1,0,1,0,0000000,99,99,99,99,99,99,0,0,0,1,0,3236
240277_2015,24,240277,1,1,0,1,1,1,1,33,0,10,9,2015,5,21,30,0,NULL,3,SR-197,SR-450,32,38.97494167,-76.75575,0,8,0,0,3,2,0,1,3,1,0,1,0,0000000,21,34,21,41,99,99,0,0,0,1,0,3237
240278_2015,24,240278,2,2,0,1,1,2,2,17,0,27,8,2015,5,22,27,1,NULL,2,US-301,NULL,262,38.65817778,-76.87424722,0,8,0,0,5,1,0,1,2,1,0,1,0,0000000,99,99,99,99,88,88,0,0,0,1,0,3238
240279_2015,24,240279,1,1,0,0,0,1,1,13,0,18,9,2015,6,23,0,0,NULL,3,SR-97,NULL,57,39.44160278,-76.99834722,0,24,0,0,1,1,0,4,2,1,0,1,0,0000000,23,1,23,10,23,28,0,0,0,1,0,3239
240280_2015,24,240280,2,2,0,0,0,2,2,33,0,23,8,2015,1,4,38,0,NULL,3,SR-197,NULL,109,39.04718889,-76.82911389,0,12,2,0,1,1,0,1,2,1,0,1,0,0000000,99,99,99,99,88,88,0,0,0,2,1,3240
240281_2015,24,240281,2,2,0,0,0,5,5,3,0,23,9,2015,4,17,9,0,NULL,4,CR-273,NULL,3,39.19944444,-76.63531944,0,12,2,0,1,1,0,1,1,1,0,1,0,0000000,99,99,99,99,99,99,0,0,0,1,0,3241
240282_2015,24,240282,1,1,0,1,1,1,1,27,0,19,9,2015,7,15,40,0,NULL,3,SR-9,NULL,75,39.35687222,-77.13769722,0,9,0,0,1,1,0,1,1,1,0,1,0,0000000,15,41,15,51,88,88,0,0,0,1,0,3242
240283_2015,24,240283,2,2,0,0,0,2,2,510,50,17,9,2015,5,15,50,0,NULL,6,"E. BIDDLE STREET","N. PATTERSON PARK AVE",0,39.30465278,-76.58539167,0,12,6,0,2,2,0,1,1,1,0,1,0,0000000,16,50,17,8,17,30,0,0,0,1,0,3243
240284_2015,24,240284,1,1,0,0,0,1,1,47,0,31,8,2015,2,20,48,1,NULL,2,US-113,NULL,64,38.11731389,-75.46031389,0,1,0,0,1,1,0,3,2,1,0,1,0,0000000,20,42,20,52,21,31,0,0,0,1,1,3244
240285_2015,24,240285,2,2,0,0,0,2,2,5,0,31,8,2015,2,10,18,0,NULL,4,CR-360,SR-45,5,39.47490556,-76.64099167,0,12,2,0,2,2,0,1,1,10,0,10,0,0000000,10,17,10,21,11,6,0,0,0,1,0,3245