st_case_year,STATE,ST_CASE,VE_TOTAL,VE_FORMS,PVH_INVL,PEDS,PERNOTMVIT,PERMVIT,PERSONS,COUNTY,CITY,DAY,MONTH,YEAR,DAY_WEEK,HOUR,MINUTE,NHS,ROAD_FNC,ROUTE,TWAY_ID,TWAY_ID2,MILEPT,LATITUDE,LONGITUD,SP_JUR,HARM_EV,MAN_COLL,RELJCT1,RELJCT2,TYP_INT,WRK_ZONE,REL_ROAD,LGT_COND,WEATHER1,WEATHER2,WEATHER,SCH_BUS,RAIL,NOT_HOUR,NOT_MIN,ARR_HOUR,ARR_MIN,HOSP_HR,HOSP_MN,CF1,CF2,CF3,FATALS,DRUNK_DR,idno
240390_2015,24,240390,1,1,0,0,0,2,2,27,0,14,11,2015,7,5,35,1,NULL,2,US-29,NULL,32,39.17057222,-76.88348611,0,24,0,0,1,1,0,3,2,1,0,1,0,0000000,99,99,99,99,99,99,0,0,0,1,0,3350
240391_2015,24,240391,2,2,0,0,0,3,3,33,0,2,11,2015,2,17,12,0,NULL,3,SR-223,CR-4016,79,38.77135833,-76.876,0,12,6,0,2,3,0,1,5,1,0,1,0,0000000,99,99,99,99,99,99,0,0,0,1,0,3351
240392_2015,24,240392,2,2,0,0,0,4,4,15,0,5,11,2015,5,13,5,0,NULL,4,CR-204,NULL,31,39.57072222,-75.88473611,0,12,6,0,1,1,0,1,1,98,0,98,0,0000000,13,3,13,14,99,99,0,0,0,2,0,3352
240393_2015,24,240393,1,1,0,0,0,3,3,21,0,8,11,2015,1,13,55,0,NULL,6,"CRUM RD",NULL,8,39.478575,-77.34190833,0,30,0,0,1,1,0,4,1,1,0,1,0,0000000,13,54,14,12,99,99,0,0,0,1,0,3353
240394_2015,24,240394,1,1,0,0,0,1,1,45,0,21,11,2015,7,16,52,0,NULL,4,CR-221,NULL,10,38.29457222,-75.67740556,0,35,0,0,1,1,0,4,5,1,0,1,0,0000000,16,50,16,57,17,20,0,0,0,1,1,3354
240395_2015,24,240395,1,1,0,1,1,1,1,510,50,17,11,2015,3,19,40,1,NULL,2,US-1,"MOSHER ST",36,39.299975,-76.64578889,0,8,0,0,2,2,0,1,2,1,0,1,0,0000000,17,31,17,39,17,50,0,0,0,1,0,3355
240396_2015,24,240396,2,2,0,0,0,4,4,25,0,20,11,2015,6,17,55,0,NULL,4,CR-260,NULL,15,39.49045,-76.37454722,0,12,2,0,1,1,0,1,2,1,0,1,0,0000000,99,99,99,99,99,99,0,0,0,1,0,3356
240397_2015,24,240397,1,1,0,1,1,2,2,33,0,2,11,2015,2,18,12,0,NULL,3,SR-201,NULL,36,38.95703889,-76.921825,0,8,0,0,1,1,0,1,3,1,0,1,0,0000000,99,99,99,99,99,99,0,0,0,1,0,3357
240398_2015,24,240398,2,2,0,0,0,2,2,5,0,26,11,2015,5,12,55,1,NULL,1,I-695,NULL,263,39.37918611,-76.51967778,0,12,1,0,1,1,0,1,1,1,0,1,0,0000000,12,51,12,59,88,88,0,0,0,1,0,3358
240399_2015,24,240399,1,1,0,0,0,1,1,5,0,26,11,2015,5,2,21,0,NULL,3,SR-158,"SHIPYARD RD",12,39.23606944,-76.47084444,0,33,0,0,3,2,0,4,2,1,0,1,0,0000000,2,19,2,26,3,4,0,0,0,1,1,3359
240400_2015,24,240400,2,2,0,0,0,5,5,5,0,28,11,2015,7,11,15,0,NULL,3,SR-542,NULL,0,39.37251111,-76.58174722,0,30,0,0,1,1,0,4,1,10,0,10,0,0000000,99,99,99,99,99,99,0,0,0,1,0,3360
240401_2015,24,240401,2,2,0,0,0,2,2,510,50,29,11,2015,1,8,20,0,NULL,9,"FREDERICK AVE",NULL,0,39.28092222,-76.704875,0,12,6,0,1,1,0,1,4,2,0,2,0,0000000,99,99,99,99,99,99,0,0,0,1,1,3361
240402_2015,24,240402,1,1,0,1,1,1,1,31,0,13,11,2015,6,18,11,0,NULL,3,SR-355,"MAGNOLIA DR",177,39.17700833,-77.23846111,0,8,0,0,3,3,0,1,2,1,0,1,0,0000000,18,12,18,17,18,55,0,0,0,1,0,3362
240403_2015,24,240403,2,2,0,0,0,2,2,33,0,17,11,2015,3,9,27,0,NULL,3,SR-381,CR-191,77,38.64981667,-76.77092222,0,12,6,0,2,3,0,1,1,1,0,1,0,0000000,9,27,9,38,99,99,0,0,0,1,0,3363
240404_2015,24,240404,2,2,0,0,0,5,5,21,0,2,12,2015,4,20,51,1,NULL,1,I-70,NULL,4,39.52345556,-77.60213333,0,12,1,0,1,1,0,2,2,1,0,1,0,0000000,99,99,99,99,99,99,0,0,0,1,0,3364
240405_2015,24,240405,2,2,0,0,0,2,2,17,0,27,11,2015,6,4,59,1,NULL,2,US-301,NULL,207,38.59571667,-76.938075,2,12,6,0,1,1,0,1,2,5,0,5,0,0000000,99,99,99,99,99,99,0,0,0,1,1,3365
240406_2015,24,240406,2,2,0,0,0,3,3,13,0,30,11,2015,2,16,55,0,NULL,3,SR-32,NULL,140,39.53402222,-76.99469167,0,12,6,0,1,1,0,1,5,2,0,2,0,0000000,99,99,99,99,99,99,0,0,0,1,0,3366
240407_2015,24,240407,2,2,0,0,0,3,3,31,0,30,11,2015,2,2,57,0,NULL,4,CR-4359,CR-6053,6,39.05618889,-76.95429167,0,12,6,0,2,2,0,1,3,1,0,1,0,0000000,99,99,99,99,99,99,0,0,0,1,0,3367
240408_2015,24,240408,2,2,0,0,0,3,3,33,0,19,11,2015,5,12,48,0,NULL,3,SR-197,NULL,90,39.04299167,-76.79838611,0,12,2,0,1,1,0,1,1,2,0,2,0,0000000,12,48,13,4,13,30,0,0,0,1,0,3368
240409_2015,24,240409,2,2,0,0,0,3,3,33,0,19,11,2015,5,23,55,0,NULL,4,CR-49,CR-415,22,38.99881667,-76.74085556,0,12,2,0,3,4,0,1,3,1,0,1,0,0000000,99,99,99,99,88,88,0,0,0,2,0,3369
240410_2015,24,240410,1,1,0,1,1,4,4,33,0,24,11,2015,3,6,28,0,NULL,3,SR-212,CR-1925,65,39.03495833,-76.94929167,0,8,0,0,2,3,0,1,3,1,0,1,0,0000000,99,99,99,99,99,99,0,0,0,1,0,3370
240411_2015,24,240411,2,2,0,0,0,8,8,33,0,5,11,2015,5,15,50,0,NULL,3,SR-650,MU-1120,5,38.97226111,-76.99712778,0,12,6,0,2,3,0,1,1,1,0,1,0,0000000,15,8,15,34,16,6,0,0,0,1,1,3371
240412_2015,24,240412,3,3,0,0,0,18,18,33,0,8,11,2015,1,16,54,0,NULL,3,SR-501,NULL,18,38.95342778,-76.97333056,0,12,1,0,1,1,0,1,1,1,0,1,0,0000000,99,99,99,99,99,99,0,0,0,4,1,3372
240413_2015,24,240413,4,4,0,0,0,4,4,25,0,3,11,2015,3,15,44,1,NULL,1,I-95,NULL,17,39.44198056,-76.35877222,0,12,6,0,1,1,0,1,1,1,0,1,0,0000000,15,37,15,42,88,88,19,0,0,1,1,3373
240414_2015,24,240414,1,1,0,1,1,1,1,5,0,3,12,2015,5,14,20,0,NULL,3,SR-43,CR-6158,6,39.38098333,-76.51213333,0,8,0,0,3,2,0,1,1,1,0,1,0,0000000,99,99,99,99,99,99,0,0,0,1,0,3374
240416_2015,24,240416,1,1,0,0,0,2,2,37,0,5,12,2015,7,19,51,0,NULL,3,SR-238,NULL,70,38.34690556,-76.56505833,0,33,0,0,1,1,0,4,3,1,0,1,0,0000000,99,99,99,99,88,88,0,0,0,2,1,3375
240417_2015,24,240417,1,1,0,0,0,2,2,13,0,7,12,2015,2,21,48,0,NULL,3,SR-140,NULL,13,39.49723611,-76.89334167,0,30,0,0,1,1,0,4,3,1,0,1,0,0000000,99,99,99,99,99,99,0,0,0,1,1,3376
240418_2015,24,240418,3,3,0,0,0,3,3,25,0,9,12,2015,4,17,6,1,NULL,1,I-95,NULL,24,39.44926667,-76.32399444,0,12,1,0,1,1,0,1,2,1,0,1,0,0000000,17,5,17,30,18,3,0,0,0,1,0,3377
240419_2015,24,240419,2,2,0,0,0,3,3,15,0,3,12,2015,5,6,48,0,NULL,4,CR-52,CR-971,1,39.674775,-76.07034167,0,12,6,0,2,3,0,1,2,1,0,1,0,0000000,6,45,6,55,88,88,0,0,0,1,0,3378
240420_2015,24,240420,1,1,0,0,0,1,1,5,0,8,12,2015,3,4,52,0,NULL,4,CR-8700,NULL,9,39.35622778,-76.40223056,0,18,0,0,1,1,0,1,2,1,0,1,0,0000000,99,99,99,99,99,99,0,0,0,1,1,3379
240421_2015,24,240421,2,2,0,0,0,4,4,33,0,11,12,2015,6,6,28,1,NULL,1,I-95,NULL,17,38.79987778,-77.00586111,0,12,6,0,1,1,0,1,3,1,0,1,0,0000000,6,28,6,35,99,99,0,0,0,2,0,3380
240422_2015,24,240422,2,2,0,0,0,2,2,21,0,11,12,2015,6,15,27,0,NULL,2,US-15,CR-585,300,39.64051667,-77.40125278,0,12,6,0,2,2,0,1,1,1,0,1,0,0000000,99,99,99,99,88,88,0,0,0,1,0,3381
240423_2015,24,240423,3,1,2,0,0,2,2,5,0,12,12,2015,7,1,27,0,NULL,4,CR-5069,NULL,4,39.31578056,-76.60840833,0,39,0,0,1,1,0,4,3,1,0,1,0,0000000,1,31,1,38,2,10,0,0,0,1,1,3382
240424_2015,24,240424,1,1,0,1,1,1,1,3,0,14,12,2015,2,8,31,0,NULL,3,SR-70,NULL,1,38.98120556,-76.49475,0,33,0,0,1,1,0,4,1,10,0,10,0,0000000,8,30,8,33,8,41,0,0,0,1,0,3383
240425_2015,24,240425,1,1,0,1,1,1,1,5,0,17,12,2015,5,6,53,0,NULL,3,SR-45,CR-797,70,39.46648889,-76.63735833,0,8,0,0,3,3,0,1,3,10,0,10,0,0000000,99,99,99,99,88,88,0,0,0,1,0,3384
240426_2015,24,240426,2,2,0,0,0,2,2,33,0,17,12,2015,5,22,28,0,NULL,3,SR-202,NULL,20,38.85303889,-76.76985833,0,12,2,0,1,1,0,1,2,10,0,10,0,0000000,99,99,99,99,99,99,0,0,0,1,1,3385
240427_2015,24,240427,2,2,0,0,0,3,3,3,0,17,12,2015,5,22,32,0,NULL,4,CR-443,NULL,4,39.17476111,-76.59768611,0,12,6,0,1,1,0,1,3,10,0,10,0,0000000,99,99,99,99,99,99,0,0,0,1,1,3386
240428_2015,24,240428,3,3,0,0,0,4,4,1,0,17,12,2015,5,7,22,0,NULL,3,SR-51,CR-512,49,39.59904722,-78.73834167,0,12,6,0,2,3,0,1,1,2,0,2,0,0000000,7,18,7,23,7,44,0,0,0,1,0,3387
240429_2015,24,240429,1,1,0,0,0,1,1,27,0,19,12,2015,7,13,42,0,NULL,3,SR-32,NULL,20,39.14271667,-76.817675,0,42,0,1,19,1,0,4,1,1,0,1,0,0000000,99,99,99,99,99,98,0,0,0,1,0,3388
240430_2015,24,240430,1,1,0,1,1,1,1,510,50,17,12,2015,5,9,45,0,NULL,8,"W. 21ST STREET","N. HOWARD STREET",0,39.31319722,-76.61935278,0,8,0,0,2,2,0,1,1,2,0,2,0,0000000,99,99,99,99,88,88,0,0,0,1,0,3389
240431_2015,24,240431,4,4,0,0,0,6,6,11,0,20,12,2015,1,16,7,0,NULL,3,SR-313,NULL,307,39.03982222,-75.79969722,0,12,6,0,1,1,0,1,1,1,0,1,0,0000000,99,99,99,99,99,99,0,0,0,1,0,3390
240432_2015,24,240432,3,3,0,0,0,3,3,17,0,22,12,2015,3,17,9,0,NULL,3,SR-321,CR-80,63,38.53240833,-76.73575278,0,12,1,0,2,3,0,1,2,1,0,1,0,0000000,99,99,99,99,99,99,0,0,0,1,0,3391
240433_2015,24,240433,1,1,0,1,1,1,1,3,0,13,12,2015,1,1,42,0,NULL,3,SR-170,NULL,27,39.12617222,-76.68906667,0,8,0,0,1,1,0,1,3,1,0,1,0,0000000,99,99,99,99,88,88,0,0,0,1,1,3392
240434_2015,24,240434,2,2,0,0,0,2,2,17,0,12,12,2015,7,14,38,0,NULL,4,CR-623,"SHOPPING CENTER ENTRANCE",13,38.60384167,-76.90125556,0,12,6,0,2,2,0,1,1,1,0,1,0,0000000,99,99,99,99,99,99,0,0,0,1,1,3393
240435_2015,24,240435,2,2,0,0,0,2,2,33,0,23,12,2015,4,21,42,0,NULL,3,SR-5,CR-130,65,38.75073611,-76.87931389,0,12,6,0,2,2,0,1,1,2,0,2,0,0000000,21,15,21,19,21,27,0,0,0,1,0,3394
240436_2015,24,240436,2,2,0,0,0,2,2,33,0,25,12,2015,6,3,36,1,NULL,1,I-95,NULL,73,38.81848333,-76.911375,0,12,2,0,1,1,0,1,3,98,0,98,0,0000000,99,99,99,99,99,99,0,0,0,1,0,3395
240437_2015,24,240437,1,1,0,1,1,1,1,5,0,25,12,2015,6,20,24,0,NULL,4,CR-2511,NULL,8,39.29632222,-76.73420278,0,8,0,0,1,1,0,1,2,1,0,1,0,0000000,20,23,20,32,20,55,0,0,0,1,0,3396
240438_2015,24,240438,1,1,0,0,0,1,1,23,0,26,12,2015,7,19,57,1,NULL,1,I-68,NULL,171,39.68835278,-79.19036944,0,35,0,0,1,1,0,4,2,2,0,2,0,0000000,19,53,20,10,20,47,0,0,0,1,1,3397
240439_2015,24,240439,1,1,0,1,1,1,1,41,0,26,12,2015,7,19,6,1,NULL,2,US-50,MU-293,123,38.75968056,-76.06209167,0,8,0,0,2,2,0,1,3,1,0,1,0,0000000,99,99,99,99,88,88,0,0,0,1,0,3398
240440_2015,24,240440,1,1,0,0,0,1,1,43,0,27,12,2015,1,19,36,9,NULL,9,"CANAL RD",NULL,0,39.43047778,-77.76470833,9,1,0,0,1,1,0,4,2,2,0,2,0,0000000,19,36,19,47,20,24,0,0,0,1,1,3399
240441_2015,24,240441,1,1,0,0,0,1,1,31,0,22,12,2015,3,18,25,0,NULL,3,SR-650,NULL,219,39.23838333,-77.10448889,0,35,0,0,1,1,0,4,2,1,0,1,0,0000000,99,99,99,99,88,88,0,0,0,1,0,3400
240442_2015,24,240442,1,1,0,1,1,1,1,31,0,12,12,2015,7,18,54,0,NULL,4,CR-3815,CR-140,30,39.09759444,-77.13652222,0,9,0,0,2,2,0,1,3,1,0,1,0,0000000,99,99,99,99,99,99,0,0,0,1,0,3401
240443_2015,24,240443,1,1,0,0,0,1,1,25,0,27,12,2015,1,4,37,9,NULL,9,"GRANITE DR","MAPLE DR",0,39.645625,-76.24768611,0,30,0,0,3,3,0,4,2,5,0,5,0,0000000,4,35,4,43,5,20,0,0,0,1,0,3402
240444_2015,24,240444,2,2,0,0,0,6,6,5,0,11,12,2015,6,13,45,1,NULL,1,I-95,NULL,236,39.41035,-76.41452778,0,12,2,0,1,1,0,1,1,1,0,1,0,0000000,13,45,14,6,14,35,20,0,0,2,0,3403
240445_2015,24,240445,1,1,0,1,1,0,0,25,0,12,12,2015,7,15,45,0,NULL,8,OP-328,NULL,0,39.51589722,-76.14648889,0,8,0,0,1,1,0,4,1,1,0,1,0,0000000,15,46,15,53,16,12,24,0,0,1,0,3404
240446_2015,24,240446,2,2,0,0,0,3,3,3,0,27,12,2015,1,8,20,0,NULL,3,SR-295,NULL,143,39.22115,-76.6546,0,12,6,0,5,1,0,1,1,10,0,10,0,0000000,99,99,99,99,99,99,0,0,0,1,0,3405
240447_2015,24,240447,2,1,1,1,1,1,1,31,0,3,12,2015,5,21,47,9,NULL,3,SR-355,NULL,84,39.07771667,-77.13337222,0,8,0,0,1,1,0,1,3,1,0,1,0,0000000,21,48,21,54,22,14,0,0,0,1,1,3406
240448_2015,24,240448,1,1,0,1,1,1,1,33,0,14,12,2015,2,18,33,0,NULL,3,SR-4,NULL,119,38.85346111,-76.90916667,0,8,0,0,1,1,0,1,2,2,0,2,0,0000000,99,99,99,99,99,99,0,0,0,1,0,3407
240449_2015,24,240449,1,1,0,1,1,1,1,31,0,18,12,2015,6,19,28,0,NULL,3,SR-586,CR-2011,30,39.06004722,-77.08916944,0,9,0,0,3,3,0,1,3,2,0,2,0,0000000,99,99,99,99,99,99,0,0,0,1,0,3408
240450_2015,24,240450,2,2,0,0,0,3,3,13,0,26,12,2015,7,15,54,0,NULL,3,SR-32,NULL,107,39.48819722,-76.96763611,0,30,0,0,1,1,0,4,1,1,0,1,0,0000000,15,54,16,6,99,99,0,0,0,1,0,3409
240451_2015,24,240451,2,2,0,0,0,5,5,3,0,23,12,2015,4,12,32,0,NULL,3,SR-170,SR-32,81,39.19170278,-76.67655833,0,12,6,0,2,2,0,1,1,2,0,2,0,0000000,12,32,99,99,12,45,0,0,0,1,0,3410
240452_2015,24,240452,1,1,0,0,0,1,1,21,0,31,12,2015,5,18,31,0,NULL,4,CR-1621,NULL,2,39.36751389,-77.52271111,0,32,0,0,1,1,0,4,2,1,0,1,0,0000000,18,36,18,50,19,17,0,0,0,1,1,3411
240453_2015,24,240453,2,2,0,0,0,2,2,27,0,31,12,2015,5,17,11,1,NULL,2,US-29,SR-99,75,39.30281111,-76.82437222,0,12,2,0,2,3,0,1,5,1,0,1,0,0000000,99,99,99,99,99,99,0,0,0,1,0,3412
240454_2015,24,240454,1,1,0,1,1,3,3,510,50,3,12,2015,5,16,45,0,NULL,6,"WOODBOURNE AVE",NULL,14,39.35484722,-76.60288889,0,8,0,0,1,1,0,1,3,1,0,1,0,0000000,99,99,99,99,99,99,0,0,0,1,0,3413
240455_2015,24,240455,1,1,0,1,1,1,1,5,0,27,12,2015,1,13,11,0,NULL,4,CR-7709,NULL,0,39.40028611,-76.79902778,0,8,0,0,1,1,0,1,1,1,0,1,0,0000000,13,9,13,15,14,42,0,0,0,1,0,3414
240456_2015,24,240456,2,2,0,0,0,3,3,510,50,20,9,2015,1,2,19,1,NULL,2,US-1,NULL,117,39.35330278,-76.53250556,0,12,2,0,1,1,0,1,3,1,0,1,0,0000000,99,99,99,99,99,99,0,0,0,2,1,3415
240457_2015,24,240457,1,1,0,1,1,1,1,5,0,27,12,2015,1,18,11,0,NULL,2,US-49,NULL,183,39.34686111,-76.46225,0,8,0,0,1,1,0,1,2,10,0,10,0,0000000,18,8,18,16,88,88,0,0,0,1,0,3416
240458_2015,24,240458,2,2,0,0,0,3,3,33,0,27,12,2015,1,17,45,0,NULL,4,CR-367,CR-3126,16,38.87523333,-76.87888333,0,12,8,0,2,3,0,1,3,10,0,10,0,0000000,17,46,17,52,18,11,0,0,0,1,1,3417
240459_2015,24,240459,1,1,0,1,1,2,2,33,0,18,12,2015,6,9,3,0,NULL,3,SR-332,CR-1678,5,38.88524722,-76.90888333,0,8,0,0,3,2,0,1,1,1,0,1,0,0000000,9,5,9,12,9,31,0,0,0,1,0,3418
240460_2015,24,240460,1,1,0,0,0,1,1,15,0,24,12,2015,5,12,13,0,NULL,4,CR-204,NULL,31,39.56845556,-75.88512778,0,1,0,0,1,1,0,4,1,2,0,2,0,0000000,12,11,12,12,88,88,0,0,0,1,0,3419
240461_2015,24,240461,2,2,0,0,0,3,3,23,0,17,10,2015,7,11,9,0,NULL,3,SR-38,NULL,22,39.39421111,-79.193575,0,12,2,0,1,1,0,1,1,2,0,2,0,0000000,11,9,11,34,12,35,0,0,0,2,0,3420
240462_2015,24,240462,1,1,0,0,0,1,1,33,0,26,11,2015,5,4,43,0,NULL,3,SR-458A,NULL,32,38.862575,-76.90034722,0,33,0,0,1,1,0,3,3,1,0,1,0,0000000,99,99,99,99,99,99,0,0,0,1,0,3421
240463_2015,24,240463,1,1,0,0,0,1,1,33,0,10,12,2015,5,2,46,0,NULL,3,SR-202,NULL,103,38.92257222,-76.8673,0,33,0,0,1,1,0,3,2,1,0,1,0,0000000,99,99,99,99,88,88,0,0,0,1,0,3422
240464_2015,24,240464,1,1,0,1,1,2,2,15,0,18,12,2015,6,18,2,1,NULL,2,US-40,NULL,142,39.60349444,-75.83810278,0,8,0,0,1,1,0,1,2,1,0,1,0,0000000,99,99,99,99,99,99,0,0,0,1,0,3423
240465_2015,24,240465,1,1,0,2,2,1,1,3,0,1,2,2015,1,21,18,0,NULL,3,SR-295,NULL,126,39.06998611,-76.830525,1,8,0,0,1,1,0,6,2,1,0,1,0,0000000,99,99,99,99,99,99,0,0,0,1,0,3424
240466_2015,24,240466,1,1,0,0,0,2,2,1,0,23,12,2015,4,13,15,0,NULL,3,SR-935,NULL,16,39.54098333,-79.00673333,0,34,0,0,1,1,0,4,1,2,0,2,0,0000000,99,99,99,99,99,99,0,0,0,1,0,3425
240468_2015,24,240468,2,2,0,0,0,2,2,25,0,26,9,2015,7,18,23,0,NULL,3,SR-7,NULL,20,39.43804444,-76.34532778,0,12,6,0,8,1,0,1,1,1,0,1,0,0000000,99,99,99,99,99,99,0,0,0,1,0,3426
240469_2015,24,240469,1,1,0,2,2,1,1,510,50,16,11,2015,2,15,15,1,NULL,2,US-1,MU-4006,3,39.31011667,-76.64258889,0,8,0,0,2,2,0,1,1,10,0,10,0,0000000,99,99,99,99,99,99,0,0,0,1,0,3427
240470_2015,24,240470,2,2,0,0,0,2,2,33,0,20,3,2015,6,2,45,0,NULL,3,SR-295,NULL,0,38.93535833,-76.91658056,1,12,98,0,1,1,0,1,2,1,0,1,0,0000000,99,99,99,99,99,99,0,0,0,1,1,3428
240471_2015,24,240471,2,2,0,0,0,2,2,33,0,16,8,2015,1,0,31,1,NULL,8,GV-119,"MEADOWVIEW DR",0,38.83562778,-76.91986389,1,12,6,0,2,2,0,1,2,1,0,1,0,0000000,99,99,99,99,99,99,0,0,0,1,0,3429
240472_2015,24,240472,2,2,0,0,0,2,2,33,0,6,9,2015,1,23,49,1,NULL,8,GV-119,NULL,0,38.85060833,-76.96120833,1,12,99,0,1,1,0,1,3,1,0,1,0,0000000,99,99,99,99,99,99,0,0,0,1,0,3430
240473_2015,24,240473,1,1,0,0,0,3,3,3,0,14,10,2015,4,2,35,0,NULL,3,SR-295,NULL,167,39.11769722,-76.77159444,1,99,99,0,1,1,0,4,2,1,0,1,0,0000000,99,99,99,99,99,99,0,0,0,2,1,3431
240474_2015,24,240474,1,1,0,0,0,1,1,33,0,16,10,2015,6,13,53,0,NULL,3,SR-295,NULL,149,39.09889444,-76.79666944,1,99,98,0,98,98,0,98,1,1,0,1,0,0000000,99,99,99,99,99,99,0,0,0,1,1,3432
240475_2015,24,240475,5,4,1,0,0,8,8,510,50,20,11,2015,6,21,20,0,NULL,3,SR-129,"KEYWORTH AVE",32,39.33336667,-76.66171667,0,12,6,0,2,2,0,1,3,1,0,1,0,0000000,99,99,99,99,99,99,0,0,0,1,0,3433
100001_2016,10,100001,1,1,0,0,0,1,1,1,0,7,1,2016,5,19,7,0,NULL,6,"WILLIAMSVILLE ROAD",NULL,12,38.88663056,-75.55126944,0,34,0,0,1,1,0,10,2,1,0,1,0,0000000,19,10,19,15,19,45,0,0,0,1,0,3434
100002_2016,10,100002,2,2,0,0,0,3,3,3,0,5,1,2016,3,6,44,0,NULL,3,"SR-1 KOREAN WAR VETS MEM HWY",NULL,48,39.67316944,-75.65393056,0,5,0,0,1,1,0,1,3,1,0,1,0,0000000,6,46,6,48,88,88,0,0,0,1,0,3435
100003_2016,10,100003,1,1,0,0,0,3,3,5,0,17,1,2016,1,0,14,0,NULL,3,"SR-23 LONG NECK RD",NULL,36,38.62836944,-75.16191111,0,42,0,0,1,1,0,5,2,1,0,1,0,0000000,0,15,0,21,0,53,0,0,0,1,1,3436
100004_2016,10,100004,1,1,0,0,0,1,1,3,0,12,3,2016,7,2,1,0,NULL,6,"CALDWELL CORNER ROAD",NULL,35,39.38786944,-75.71205,0,30,0,0,1,1,0,4,2,1,0,1,0,0000000,1,59,2,5,88,88,0,0,0,1,1,3437
100005_2016,10,100005,2,2,0,1,1,2,2,1,130,11,3,2016,6,19,58,0,NULL,2,"US-13 S DUPONT HWY","EVERGREEN DRIVE",73,39.14448889,-75.51691944,0,8,0,0,2,2,0,1,2,1,0,1,0,0000000,20,1,20,4,20,11,0,0,0,1,0,3438
100006_2016,10,100006,1,1,0,1,1,1,1,3,0,29,2,2016,2,18,30,0,NULL,2,"US-13B PHILADELPHIA PIKE",NULL,61,39.79326111,-75.46888056,0,8,0,1,18,1,0,1,2,1,0,1,0,0000000,18,35,18,38,19,7,0,0,0,1,0,3439
100007_2016,10,100007,1,1,0,1,1,1,1,3,85,31,1,2016,1,18,10,0,NULL,2,"US-13B PHILADELPHIA PIKE",NULL,62,39.7939,-75.46816944,0,8,0,0,1,1,0,1,3,1,0,1,0,0000000,18,9,18,15,18,45,0,0,0,1,0,3440
100008_2016,10,100008,1,1,0,0,0,1,1,3,380,2,3,2016,4,2,22,1,NULL,3,"SR-4 WILMINGTON CHRISTIANA PK",NULL,31,39.71508889,-75.60535,0,42,0,0,1,1,0,6,3,2,0,2,0,0000000,88,88,88,88,88,88,0,0,0,1,0,3441
100009_2016,10,100009,1,1,0,0,0,2,2,3,0,9,3,2016,4,22,52,0,NULL,6,"NEW CASTLE AVE",NULL,42,39.72276667,-75.544575,0,33,0,0,1,1,0,3,3,10,0,10,0,0000000,88,88,88,88,88,88,0,0,0,2,1,3442
100010_2016,10,100010,2,2,0,0,0,2,2,3,0,25,3,2016,6,15,56,0,NULL,3,"SR-299 MAIN ST",NULL,27,39.45393889,-75.67913889,0,12,6,0,1,1,0,1,1,10,0,10,0,0000000,99,99,99,99,99,99,0,0,0,1,0,3443
100011_2016,10,100011,1,1,0,0,0,1,1,5,0,15,1,2016,6,22,13,0,NULL,6,"GREEN BRIAR ROAD",NULL,21,38.6364,-75.67813889,0,34,0,0,1,1,0,4,2,2,0,2,0,0000000,22,17,22,26,22,52,0,0,0,1,1,3444
100012_2016,10,100012,2,2,0,0,0,2,2,5,0,12,1,2016,3,17,42,0,NULL,6,"MOUNT JOY ROAD",NULL,57,38.62276111,-75.21793056,0,12,2,0,1,1,0,1,2,1,0,1,0,0000000,17,43,17,48,18,23,0,0,0,1,1,3445
100013_2016,10,100013,2,2,0,0,0,2,2,5,0,26,1,2016,3,12,7,0,NULL,4,"CR-64 WHITESVILLE RD","CR-68 OLD STAGE RD",33,38.50063889,-75.35381944,0,12,6,0,2,2,0,1,1,1,0,1,0,0000000,12,10,12,17,12,41,0,0,0,1,0,3446
100014_2016,10,100014,2,2,0,0,0,3,3,1,0,27,3,2016,1,2,7,0,NULL,2,"US-13 N DUPONT HWY","W DENNYS RD",59,39.20245,-75.55898056,0,12,98,0,2,2,0,1,2,10,0,10,0,0000000,2,8,2,14,2,31,0,0,0,1,0,3447
100015_2016,10,100015,1,1,0,0,0,3,3,1,0,14,1,2016,5,17,18,0,NULL,2,"US-113 BAY RD",NULL,118,38.96666944,-75.43251111,0,59,0,0,1,1,0,3,2,1,0,1,0,0000000,17,23,17,29,17,55,0,0,0,2,0,3448
100016_2016,10,100016,2,2,0,0,0,2,2,5,0,19,1,2016,3,8,50,0,NULL,6,"MOUNT JOY RD",NULL,99998,38.62271111,-75.21751944,0,59,0,0,1,1,0,4,1,1,0,1,0,0000000,8,52,8,56,9,33,0,0,0,1,0,3449
100017_2016,10,100017,1,1,0,0,0,1,1,3,0,8,2,2016,2,6,54,1,NULL,1,"I-95 JOHN F KENNEDY MEMORIAL H",NULL,68,39.69446944,-75.62316111,0,25,0,0,1,1,0,3,3,1,0,1,0,0000000,6,57,7,0,7,14,0,0,0,1,0,3450
100018_2016,10,100018,1,1,0,0,0,3,3,5,0,8,4,2016,6,23,36,0,NULL,6,"N OLD STATE RD",NULL,91,38.88536111,-75.42601944,0,42,0,0,1,1,0,4,2,1,0,1,0,0000000,23,37,23,44,0,7,20,0,0,1,1,3451
100019_2016,10,100019,2,2,0,0,0,5,5,3,0,11,3,2016,6,23,33,1,NULL,2,"US-301 MIDDLETOWN WARWICK RD","STRAWBERRY LN",3,39.41506111,-75.7666,0,12,6,0,2,2,0,1,2,1,0,1,0,0000000,23,34,23,43,0,27,0,0,0,1,1,3452