st_case_year,STATE,ST_CASE,VE_TOTAL,VE_FORMS,PVH_INVL,PEDS,PERNOTMVIT,PERMVIT,PERSONS,COUNTY,CITY,DAY,MONTH,YEAR,DAY_WEEK,HOUR,MINUTE,NHS,ROAD_FNC,ROUTE,TWAY_ID,TWAY_ID2,MILEPT,LATITUDE,LONGITUD,SP_JUR,HARM_EV,MAN_COLL,RELJCT1,RELJCT2,TYP_INT,WRK_ZONE,REL_ROAD,LGT_COND,WEATHER1,WEATHER2,WEATHER,SCH_BUS,RAIL,NOT_HOUR,NOT_MIN,ARR_HOUR,ARR_MIN,HOSP_HR,HOSP_MN,CF1,CF2,CF3,FATALS,DRUNK_DR,idno
100020_2016,10,100020,2,2,0,0,0,6,6,5,0,16,3,2016,4,16,42,0,NULL,3,"SR-30 CEDAR CREEK RD",NULL,62,38.86245,-75.37186111,0,12,1,0,8,1,0,1,1,1,0,1,0,0000000,16,46,16,58,17,21,0,0,0,1,0,3453
100021_2016,10,100021,2,1,1,0,0,2,2,3,490,1,3,2016,3,16,18,0,NULL,6,"N FRANKLIN ST","DELAWARE AVE",11,39.75413889,-75.55828889,0,14,0,0,3,2,0,4,1,1,0,1,0,0000000,99,99,99,99,99,99,0,0,0,1,0,3454
100022_2016,10,100022,2,2,0,0,0,2,2,5,0,22,2,2016,2,14,49,0,NULL,3,"SR-30 GRAVEL HILL RD","SAND HILL RD",128,38.77091944,-75.34066944,0,12,6,0,2,2,0,1,1,1,0,1,0,0000000,14,51,15,0,16,3,0,0,0,1,0,3455
100023_2016,10,100023,1,1,0,1,1,1,1,3,0,27,4,2016,4,14,55,0,NULL,2,"US-13 N DUPONT HWY",NULL,24,39.68231111,-75.58856111,0,8,0,0,1,1,0,1,1,10,0,10,0,0000000,14,56,14,58,15,19,0,0,0,1,0,3456
100024_2016,10,100024,1,1,0,1,1,1,1,5,0,26,1,2016,3,17,13,0,NULL,3,"SR-18 FEDERALSBURG RD",NULL,15,38.73196111,-75.62571111,0,8,0,0,1,1,0,99,5,1,0,1,0,0000000,17,14,17,19,88,88,0,0,0,1,0,3457
100025_2016,10,100025,2,2,0,0,0,9,9,5,200,20,2,2016,7,16,10,0,NULL,4,"CR-40 REDDEN RD",NULL,99998,38.74433056,-75.44238056,0,12,6,0,1,1,0,1,1,1,0,1,0,0000000,16,1,16,5,16,42,0,0,0,1,0,3458
100026_2016,10,100026,3,3,0,0,0,4,4,3,0,11,4,2016,2,19,47,1,NULL,3,"SR-273 CHRISTIANA RD",SR-1,28,39.65998056,-75.65536111,0,12,6,0,3,2,0,1,2,1,0,1,0,0000000,19,50,19,52,99,99,23,0,0,1,1,3459
100027_2016,10,100027,2,1,1,1,1,5,5,3,490,16,5,2016,2,19,34,1,NULL,1,I-95,NULL,55,39.75653056,-75.55248889,0,8,0,0,1,1,0,1,1,1,0,1,0,0000000,19,36,19,39,99,99,14,16,0,1,0,3460
100028_2016,10,100028,1,1,0,0,0,1,1,3,0,27,4,2016,4,0,31,1,NULL,2,"US-202 CONCORD PIKE",NULL,43,39.77831944,-75.54501944,0,39,0,0,1,1,0,4,2,1,0,1,0,0000000,0,31,0,36,88,88,0,0,0,1,1,3461
100029_2016,10,100029,2,2,0,0,0,2,2,3,0,25,5,2016,4,7,47,0,NULL,3,"SR-100 MONTCHANIN RD",NULL,21,39.79961944,-75.58903889,0,12,2,0,1,1,0,1,1,1,0,1,0,0000000,7,53,99,99,99,99,0,0,0,1,0,3462
100030_2016,10,100030,2,2,0,0,0,2,2,5,0,7,1,2016,5,15,3,0,NULL,3,"SR-20 HARDSCRABBLE RD",NULL,156,38.60101111,-75.34521944,0,12,2,0,1,1,0,1,1,1,0,1,0,0000000,15,4,15,11,15,54,0,0,0,1,0,3463
100031_2016,10,100031,2,2,0,0,0,2,2,1,0,2,4,2016,7,21,32,0,NULL,4,"CR-100 W DENNEYS RD",NULL,32,39.17931944,-75.59368056,0,12,6,0,1,1,0,1,2,2,0,2,0,0000000,21,35,21,44,22,10,0,0,0,1,1,3464
100032_2016,10,100032,1,1,0,1,1,1,1,1,130,2,7,2016,7,2,38,0,NULL,2,"US-13 N DUPONT HWY","W DENNEYS RD",66,39.2023,-75.55911944,0,9,0,0,2,2,0,1,2,1,0,1,0,0000000,88,88,88,88,88,88,0,0,0,1,0,3465
100033_2016,10,100033,2,2,0,0,0,5,5,3,490,30,7,2016,7,13,20,0,NULL,3,"SR-9 FOURTH ST","N VANBUREN ST",7,39.74473056,-75.56186111,0,12,6,0,2,2,0,1,1,10,0,10,0,0000000,99,99,99,99,99,99,0,0,0,1,0,3466
100034_2016,10,100034,1,1,0,1,1,1,1,3,0,12,7,2016,3,11,44,1,NULL,3,"SR-2 KIRKWOOD HWY","SR-7 LIMESTONE RD",90,39.72366944,-75.65825,0,8,0,0,3,2,0,1,1,1,0,1,0,0000000,11,46,11,46,99,99,0,0,0,1,0,3467
100035_2016,10,100035,2,1,1,0,1,4,5,5,0,28,5,2016,7,22,57,0,NULL,3,"SR-26 VINES CREEK RD",NULL,133,38.55098056,-75.22598889,0,14,0,0,1,1,0,2,2,1,0,1,0,0000000,23,4,23,9,0,14,0,0,0,1,1,3468
100036_2016,10,100036,1,1,0,0,0,1,1,3,0,20,7,2016,4,0,40,1,NULL,3,"SR-1 KOREAN WAR VETS MEMORIAL",NULL,99998,39.42408056,-75.6581,0,26,0,0,1,1,0,10,2,1,0,1,0,0000000,0,41,0,58,1,20,0,0,0,1,0,3469
100037_2016,10,100037,1,1,0,0,0,1,1,5,0,18,4,2016,2,22,6,0,NULL,4,"CR-504 PROVIDENCE CHURCH RD",NULL,20,38.48703889,-75.63138889,0,32,0,0,1,1,0,4,2,1,0,1,0,0000000,22,8,22,16,22,55,0,0,0,1,1,3470
100038_2016,10,100038,1,1,0,1,1,1,1,3,0,28,2,2016,1,21,28,1,NULL,3,"SR-41 LANCASTER PIKE",NULL,8,39.7939,-75.71226944,0,8,0,0,1,1,0,1,2,1,0,1,0,0000000,21,33,21,35,88,88,0,0,0,1,0,3471
100039_2016,10,100039,1,1,0,1,1,1,1,3,0,10,2,2016,4,4,33,0,NULL,3,"SR-261 FOULK RD",NULL,24,39.80803889,-75.51526944,0,8,0,0,1,1,0,1,2,4,0,4,0,0000000,4,34,4,39,88,88,0,0,0,1,0,3472
100040_2016,10,100040,2,2,0,0,0,2,2,3,0,21,8,2016,1,5,34,1,NULL,3,"SR-52 PENNSYLVANIA AVE","BROOM ST",26,39.75371111,-75.56073889,0,12,6,0,2,2,0,1,4,10,0,10,0,0000000,99,99,99,99,99,99,0,0,0,1,0,3473
100041_2016,10,100041,1,1,0,0,0,2,2,3,0,4,6,2016,7,19,10,0,NULL,6,"BLACKBIRD LANDING RD",NULL,27,39.40268889,-75.65518056,0,34,0,0,1,1,0,4,1,10,0,10,0,0000000,19,9,19,20,19,55,0,0,0,1,0,3474
100042_2016,10,100042,1,1,0,0,0,1,1,1,0,21,7,2016,5,0,1,0,NULL,9,"IRISH HILL RD","PEACHTREE RUN RD",99998,39.05043056,-75.52558056,0,5,0,0,3,3,0,5,2,1,0,1,0,0000000,7,43,7,51,88,88,0,0,0,1,1,3475
100043_2016,10,100043,3,3,0,0,0,3,3,3,0,28,5,2016,7,16,51,0,NULL,6,"CLAYTON DELANY RD","DELANEY MARYLAND LINE RD",6,39.30046944,-75.74978056,0,5,0,0,3,4,0,1,1,1,0,1,0,0000000,16,55,17,13,17,40,0,0,0,1,2,3476
100044_2016,10,100044,2,1,1,0,1,1,2,1,0,14,6,2016,3,11,35,0,NULL,3,"SR-300 WHEATLEYS POND RD",NULL,65,39.23933056,-75.65111111,0,14,0,0,1,1,0,2,1,1,0,1,0,0000000,11,44,11,50,12,11,0,0,0,1,0,3477
100045_2016,10,100045,2,2,0,0,0,4,4,1,320,19,4,2016,3,7,3,1,NULL,3,"SR-1 MILFORD-BYPASS","SR-14 NORTHEAST FRONT ST",5,38.92581944,-75.413,0,12,6,0,2,2,0,1,1,1,0,1,0,0000000,7,6,7,15,99,99,0,0,0,1,0,3478
100046_2016,10,100046,1,1,0,0,0,1,1,5,0,22,3,2016,3,21,41,0,NULL,2,"US-9 COUNTY SEAT HWY",NULL,31,38.59546944,-75.53003056,0,42,0,0,1,1,0,5,2,1,0,1,0,0000000,21,42,21,49,88,88,0,0,0,1,0,3479
100047_2016,10,100047,2,2,0,0,0,3,3,1,0,17,4,2016,1,13,24,0,NULL,3,"SR-10 WILLOW GROVE RD",NULL,78,39.07439444,-75.61319722,0,12,2,0,1,1,0,1,1,1,0,1,0,0000000,13,27,13,32,14,6,0,0,0,1,0,3480
100048_2016,10,100048,2,1,1,1,1,1,1,1,0,7,6,2016,3,13,54,1,NULL,3,"SR-1 BAY RD",NULL,60,39.04599444,-75.45797222,0,53,0,0,1,1,3,5,1,1,0,1,0,0000000,13,57,14,3,14,32,0,0,0,1,0,3481
100049_2016,10,100049,2,2,0,0,0,2,2,3,0,1,7,2016,6,20,14,0,NULL,6,"PORTER RD","WOODS RD",99998,39.59006111,-75.714125,0,12,6,0,2,3,0,1,1,1,0,1,0,0000000,20,15,20,23,20,37,0,0,0,1,1,3482
100050_2016,10,100050,1,1,0,0,0,3,3,3,0,7,5,2016,7,1,4,0,NULL,5,"SAWMILL RD",NULL,32,39.34937778,-75.74612222,0,42,0,0,1,1,0,5,2,2,0,2,0,0000000,1,3,1,17,88,88,0,0,0,1,1,3483
100051_2016,10,100051,1,1,0,1,1,1,1,1,130,2,9,2016,6,1,23,0,NULL,6,"SOUTH STATE ST",NULL,1,39.14278056,-75.52273889,0,8,0,0,1,1,0,1,2,1,0,1,0,0000000,99,99,99,99,88,88,0,0,0,1,0,3484
100052_2016,10,100052,1,1,0,1,1,2,2,3,0,7,9,2016,4,7,28,1,NULL,3,"SR-48 LANCASTER AVE","WOODLAWN AVE",82,39.74828056,-75.57811944,0,8,0,0,3,2,0,1,1,1,0,1,0,0000000,99,99,99,99,99,99,0,0,0,1,0,3485
100053_2016,10,100053,1,1,0,0,0,3,3,5,0,18,6,2016,7,5,20,0,NULL,3,"SR-36 SHAWNEE RD",NULL,99998,38.83610833,-75.53836111,0,42,0,0,1,1,0,5,4,1,0,1,0,0000000,5,22,5,37,5,59,0,0,0,2,1,3486
100054_2016,10,100054,1,1,0,0,0,1,1,5,0,8,7,2016,6,23,59,1,NULL,2,"US-113 DUPONT BLVD",NULL,45,38.51705,-75.23953056,0,1,0,0,1,1,0,1,2,1,0,1,0,0000000,0,2,0,4,88,88,20,0,0,1,1,3487
100055_2016,10,100055,2,2,0,0,0,4,4,3,0,2,4,2016,7,14,14,1,NULL,2,"US-13 DUPONT PARKWAY",NULL,11,39.66791944,-75.60163889,0,12,6,0,7,1,0,1,1,1,0,1,0,0000000,14,16,14,21,14,43,0,0,0,1,0,3488
100056_2016,10,100056,1,1,0,1,1,2,2,3,0,6,8,2016,7,21,33,1,NULL,2,"US-13 S. DUPONT HWY.","LLANGOLLEN BLVD.",4,39.64860556,-75.62174722,0,8,0,0,2,2,0,1,3,1,0,1,0,0000000,21,34,21,37,21,55,0,0,0,1,0,3489
100057_2016,10,100057,1,1,0,0,0,2,2,3,0,6,8,2016,7,15,41,1,NULL,3,"SR-1 KOREAN WAR VETS MEM HWY",NULL,63,39.38334167,-75.66315833,0,1,0,0,1,1,0,3,1,1,0,1,0,0000000,15,45,15,58,16,27,0,0,0,1,0,3490
100058_2016,10,100058,2,2,0,0,0,2,2,5,0,30,6,2016,5,4,40,0,NULL,3,"SR-24 JOHN J. WILLIAMS HWY",NULL,282,38.60206111,-75.25056944,0,12,2,0,1,1,0,1,2,1,0,1,0,0000000,4,41,4,50,88,88,0,0,0,1,1,3491
100059_2016,10,100059,2,2,0,0,0,4,4,5,0,30,7,2016,7,1,40,1,NULL,2,"US-13 SUSSEX HWY",NULL,99998,38.59393056,-75.57743889,0,12,1,0,1,1,0,1,2,1,0,1,0,0000000,1,41,1,47,2,18,0,0,0,1,1,3492
100060_2016,10,100060,1,1,0,1,1,2,2,1,130,26,10,2016,4,21,16,0,NULL,2,"US-13 BAY RD","EAST LOOCKERMAN ST",88888,39.16163333,-75.51372778,0,8,0,0,3,2,0,1,3,10,0,10,0,0000000,19,17,19,24,19,33,0,0,0,1,0,3493
100061_2016,10,100061,1,1,0,1,1,1,1,3,0,7,8,2016,1,21,37,1,NULL,3,"SR-2 KIRKWOOD HWY","DELAWARE PARK RD",88888,39.71398889,-75.67555,0,8,0,0,2,3,0,1,2,1,0,1,0,0000000,21,39,21,40,21,58,0,0,0,1,1,3494
100062_2016,10,100062,2,2,0,1,1,3,3,3,0,2,9,2016,6,19,52,1,NULL,1,"I-95 JOHN F KENNEDY MEM HWY",NULL,130,39.65083889,-75.72275,0,8,0,0,1,1,0,1,5,1,0,1,0,0000000,19,50,19,52,88,88,0,0,0,1,0,3495
100063_2016,10,100063,2,1,1,0,0,1,1,1,0,29,9,2016,5,14,55,0,NULL,3,"SR-8 HALLTOWN RD",NULL,88888,39.14571944,-75.67396667,0,53,0,0,1,1,0,5,1,2,0,2,0,0000000,14,57,15,5,88,88,14,0,0,1,1,3496
100064_2016,10,100064,2,2,0,0,0,3,3,1,0,18,6,2016,7,18,22,0,NULL,6,"DYKE BRANCH RD","LEWIS DR",10,39.21023889,-75.5464,0,12,6,0,2,2,0,1,1,1,0,1,0,0000000,18,26,18,32,18,58,0,0,0,1,0,3497
100065_2016,10,100065,2,2,0,0,0,3,3,5,0,2,4,2016,7,14,27,1,NULL,3,"SR-1 COASTAL HWY",NULL,99998,38.71994444,-75.11741944,0,12,1,0,1,1,0,1,1,10,0,10,0,0000000,88,88,88,88,88,88,0,0,0,1,0,3498
100066_2016,10,100066,2,2,0,0,0,2,2,5,0,3,6,2016,6,13,25,1,NULL,3,"SR-1 COASTAL HWY","SR-5 UNION ST EXT",99998,38.82153056,-75.3066,0,12,6,0,2,3,0,1,1,1,0,1,0,0000000,13,27,13,30,14,52,0,0,0,1,0,3499
100067_2016,10,100067,1,1,0,0,0,1,1,1,0,13,8,2016,7,17,34,0,NULL,8,"HENRY COWGILL RD",NULL,8,39.05740833,-75.62181667,0,34,0,0,1,1,0,4,5,1,0,1,0,0000000,19,38,19,47,88,88,18,0,0,1,1,3500
100068_2016,10,100068,2,2,0,0,0,2,2,3,0,23,7,2016,7,0,43,0,NULL,3,"SR-4 CHESTNUT HILL RD","OLD NEWARK RD",11,39.66946111,-75.71218889,0,12,6,0,2,3,0,1,2,1,0,1,0,0000000,0,47,0,53,99,99,0,0,0,1,2,3501
100069_2016,10,100069,1,1,0,0,0,2,2,3,0,7,8,2016,1,20,0,1,NULL,3,"SR-1 KOREAN WAR VETS MEM HWY",NULL,77,39.334175,-75.63283333,0,1,0,0,1,1,0,1,5,1,0,1,0,0000000,20,3,20,13,20,50,0,0,0,1,1,3502
100070_2016,10,100070,2,2,0,0,0,5,5,1,0,27,8,2016,7,21,43,0,NULL,3,"SR-42 BLACKISTON RD",NULL,29,39.23446111,-75.67601111,0,12,1,0,1,1,0,1,2,1,0,1,0,0000000,21,46,21,56,22,56,0,0,0,1,1,3503
100071_2016,10,100071,2,2,0,0,0,2,2,3,0,16,9,2016,6,17,18,1,NULL,2,"US-301 SUMMIT BRIDGE RD",NULL,18,39.47663056,-75.72046111,0,12,6,0,8,1,0,1,1,1,0,1,0,0000000,17,17,17,20,99,99,0,0,0,1,0,3504
100072_2016,10,100072,1,1,0,1,1,1,1,3,0,16,9,2016,6,19,38,1,NULL,2,"US-RT40 PULASKI HWY","CHURCH RD",56,39.62261944,-75.68358889,0,8,0,0,3,2,0,1,2,1,0,1,0,0000000,19,38,19,44,19,58,0,0,0,1,0,3505
100073_2016,10,100073,1,1,0,0,0,1,1,1,0,19,10,2016,4,18,0,0,NULL,6,"SMYRNA LEIPSIC RD",NULL,52,39.28563889,-75.57956111,0,34,0,0,1,1,0,4,1,1,0,1,0,0000000,18,2,18,8,88,88,24,0,0,1,0,3506
100074_2016,10,100074,1,1,0,1,1,1,1,3,490,2,12,2016,6,16,19,0,NULL,6,"S MARKET ST",NULL,0,39.73693889,-75.55366944,0,8,0,0,1,1,0,1,5,1,0,1,0,0000000,16,22,16,27,16,51,0,0,0,1,0,3507
100075_2016,10,100075,1,1,0,1,1,1,1,5,0,9,9,2016,6,21,22,1,NULL,2,"US-13 SUSSEX HWY","CHIPMAN LN",99998,38.5626,-75.55806111,0,8,0,0,2,98,0,1,2,1,0,1,0,0000000,21,25,21,30,21,46,0,0,0,1,0,3508
100076_2016,10,100076,1,1,0,1,1,1,1,1,0,12,9,2016,2,20,28,0,NULL,2,"US-13 N DUPONT HWY",NULL,99998,39.20458056,-75.56231944,0,8,0,0,1,1,0,1,2,1,0,1,0,0000000,20,32,20,36,20,49,0,0,0,1,0,3509
100077_2016,10,100077,1,1,0,0,0,1,1,3,0,13,10,2016,5,1,15,1,NULL,1,"I-95 RAMP",NULL,1,39.69560556,-75.61646667,0,32,0,1,5,1,0,8,3,1,0,1,0,0000000,1,21,1,26,88,88,0,0,0,1,1,3510
100078_2016,10,100078,2,2,0,0,0,2,2,3,0,9,11,2016,4,10,41,1,NULL,3,"SR-48 LANCASTER PIKE",NULL,99998,39.76798889,-75.65751944,0,12,2,0,1,1,0,1,1,10,2,2,0,0000000,10,44,10,50,11,20,0,0,0,1,0,3511
100079_2016,10,100079,5,5,0,0,0,9,9,1,0,26,5,2016,5,13,49,1,NULL,3,"SR-1 KOREAM WAR VET MEM HWY.",NULL,99998,39.23661389,-75.58016111,0,12,2,0,1,1,0,1,1,1,0,1,0,0000000,13,55,14,16,99,99,0,0,0,1,0,3512
100080_2016,10,100080,1,1,0,0,0,2,2,3,0,11,10,2016,3,10,37,1,NULL,1,"I-95 JOHN F KENNEDY MEM HWY.",NULL,20,39.64678056,-75.75065,0,34,0,0,1,1,0,4,1,1,0,1,0,0000000,99,99,99,99,99,99,0,0,0,1,0,3513
100081_2016,10,100081,2,2,0,0,0,2,2,3,0,24,5,2016,3,10,42,0,NULL,2,"US-13 DUPONT PARKWAY","MEMORIAL DRIVE",47,39.70963056,-75.56388889,0,12,6,0,2,2,0,1,1,1,0,1,0,0000000,10,43,10,46,11,6,0,0,0,1,0,3514
100082_2016,10,100082,3,3,0,0,0,5,5,3,0,1,7,2016,6,15,30,0,NULL,2,"US-13 DUPONT PARKWAY","BLACKBIRD LANDING RD",31,39.4066,-75.66151111,0,12,6,0,2,2,0,1,1,1,0,1,0,0000000,15,30,15,35,16,26,0,0,0,1,0,3515
100083_2016,10,100083,1,1,0,0,0,2,2,5,0,10,11,2016,5,19,47,0,NULL,3,"SR-5 HARBESON RD","DIAMOND FARM RD",153,38.747975,-75.29069444,0,30,0,0,3,2,0,4,2,1,0,1,0,0000000,19,50,19,54,21,54,24,0,0,1,0,3516
100084_2016,10,100084,1,1,0,0,0,1,1,3,460,29,11,2016,3,22,33,0,NULL,2,"US-13 DUPONT PKWY",NULL,64,39.36846389,-75.65666111,0,42,0,1,19,1,0,4,2,10,0,10,0,0000000,22,33,22,41,88,88,99,99,99,1,1,3517
100085_2016,10,100085,2,1,1,0,0,1,1,3,0,18,8,2016,5,21,6,0,NULL,3,"SR-71 RED LION RD",NULL,99998,39.59345,-75.67753889,0,14,0,0,1,1,0,2,2,1,0,1,0,0000000,21,6,21,14,21,22,0,0,0,1,1,3518
100086_2016,10,100086,2,1,1,0,0,1,1,1,0,13,10,2016,5,20,1,0,NULL,6,"BURRISVILLE RD",NULL,32,38.87258056,-75.715775,0,30,0,0,1,1,0,4,2,1,0,1,0,0000000,20,4,20,14,21,8,14,0,0,1,0,3519
100087_2016,10,100087,1,1,0,0,0,1,1,3,0,30,10,2016,1,4,56,0,NULL,3,"SR-71 SUMMIT BRIDGE RD",NULL,19,39.53017778,-75.73744722,0,26,0,0,1,1,0,5,2,1,0,1,0,0000000,4,52,4,56,99,99,0,0,0,1,0,3520
100088_2016,10,100088,1,1,0,1,1,1,1,3,0,14,11,2016,2,20,17,1,NULL,2,"US-202 CONCORD PK",NULL,14,39.81965,-75.54781944,0,8,0,0,1,1,0,1,2,10,0,10,0,0000000,20,17,20,21,20,52,0,0,0,1,0,3521
100089_2016,10,100089,1,1,0,0,0,1,1,1,0,27,12,2016,3,8,35,0,NULL,6,"BARRETTS CHAPEL RD",NULL,99998,39.03443056,-75.48423889,0,35,0,0,1,1,0,4,1,1,0,1,0,0000000,8,39,8,46,9,12,0,0,0,1,0,3522
100090_2016,10,100090,2,1,1,1,3,1,3,1,0,3,12,2016,7,1,39,0,NULL,3,"SR-12 MIDSTATE RD",NULL,13,39.00591111,-75.54488056,0,8,0,0,1,1,0,1,2,1,0,1,0,0000000,1,43,1,50,88,88,23,14,0,1,0,3523
100091_2016,10,100091,2,2,0,0,0,2,2,3,0,31,10,2016,2,6,41,1,NULL,3,"SR-141 BASIN RD",NULL,28,39.7001,-75.60396111,0,24,0,0,1,1,4,3,2,1,0,1,0,0000000,6,46,6,53,7,8,0,0,0,1,0,3524
100092_2016,10,100092,1,1,0,0,0,1,1,1,0,23,9,2016,6,16,9,0,NULL,3,"SR-10 WILLOW GROVE RD",NULL,30,39.04406111,-75.68585,0,42,0,0,1,1,0,5,1,1,0,1,0,0000000,16,14,16,25,88,88,0,0,0,1,0,3525
100093_2016,10,100093,1,1,0,0,0,2,2,5,0,5,6,2016,1,21,21,0,NULL,3,"SR-24 SHARPTOWN RD",NULL,99998,38.51733056,-75.64061111,0,35,0,0,1,1,0,4,2,1,0,1,0,0000000,21,24,21,29,21,59,0,0,0,1,1,3526
100094_2016,10,100094,2,2,0,0,0,2,2,1,0,15,9,2016,5,17,55,1,NULL,3,"SR-1 KOREAN WAR VET MEM HWY",NULL,99998,39.1688,-75.494275,0,12,2,0,1,1,0,1,1,1,0,1,0,0000000,17,55,17,59,18,42,0,0,0,1,0,3527
100095_2016,10,100095,2,2,0,0,0,2,2,5,0,6,7,2016,4,20,51,0,NULL,3,"SR-5 INDIAN MISSION RD","HARMONS HILL RD",19,38.65673889,-75.2191,0,12,6,0,2,2,0,1,2,1,0,1,0,0000000,20,53,20,58,21,46,0,0,0,1,0,3528
100096_2016,10,100096,1,1,0,0,0,1,1,1,0,27,12,2016,3,3,40,0,NULL,3,"SR-8 HALLTOWN RD",NULL,99998,39.14821111,-75.65678889,0,42,0,0,1,1,0,5,2,10,0,10,0,0000000,3,58,4,9,4,21,24,0,0,1,1,3529
100097_2016,10,100097,2,2,0,0,0,4,4,3,0,12,11,2016,7,16,22,0,NULL,3,"SR-2 KIRKWOOD HWY","MAPLE AVE",120,39.73843889,-75.60691944,0,12,6,0,2,3,0,1,1,1,0,1,0,0000000,99,99,99,99,99,99,0,0,0,1,0,3530
100098_2016,10,100098,2,2,0,0,0,2,2,1,0,25,8,2016,5,18,16,1,NULL,6,"SCARBOROUGH RD",NULL,1,39.18631944,-75.56056944,0,12,6,0,1,1,0,1,5,1,0,1,0,0000000,18,19,18,23,18,49,0,0,0,1,0,3531
100099_2016,10,100099,1,1,0,0,0,2,2,1,0,17,9,2016,7,20,2,0,NULL,6,"OAK POINT SCHOOL RD","JEBB RD",46,39.10251944,-75.65091111,0,1,0,0,2,3,0,1,2,1,0,1,0,0000000,20,4,20,12,20,46,0,0,0,1,0,3532
100100_2016,10,100100,2,1,1,1,1,1,1,3,0,17,10,2016,2,12,31,1,NULL,3,"SR-1 KOREAN WAR VETS MEM HWY",NULL,92,39.32201111,-75.60966389,0,8,0,1,19,1,0,2,1,1,0,1,0,0000000,12,33,12,37,88,88,14,0,0,1,0,3533
100101_2016,10,100101,2,2,0,0,0,2,2,3,0,24,11,2016,5,9,46,1,NULL,1,I-95,NULL,99998,39.78135,-75.5031,0,12,1,0,1,1,0,1,1,10,0,10,0,0000000,9,46,9,52,88,88,0,0,0,1,1,3534
100102_2016,10,100102,2,2,0,0,0,4,4,5,0,20,2,2016,7,15,58,0,NULL,4,"CR-40 REDDEN RD","CR-579 WEST ROBBINS RD",99998,38.74611389,-75.45385278,0,12,6,0,2,2,0,1,1,1,0,1,0,0000000,16,0,16,5,17,34,0,0,0,1,0,3535
100103_2016,10,100103,1,1,0,1,1,1,1,3,0,24,12,2016,7,19,57,1,NULL,3,"SR-273 CHRISTIANA RD","EDINBURGH DR",13,39.66373056,-75.62961667,0,8,0,0,3,2,0,1,3,10,0,10,0,0000000,19,58,20,3,88,88,0,0,0,1,0,3536
100104_2016,10,100104,1,1,0,1,1,2,2,3,0,17,11,2016,5,18,48,0,NULL,2,"US-13B PHILADELPHIA PK","SR-3 WASHINGTON ST",36,39.76948889,-75.50291944,0,8,0,0,3,3,0,1,2,1,0,1,0,0000000,18,48,18,51,19,14,0,0,0,1,0,3537
100105_2016,10,100105,1,1,0,0,0,2,2,1,0,24,6,2016,6,23,0,0,NULL,6,"WILLIAMSVILLE RD",NULL,14,38.88746944,-75.54553056,0,34,0,0,1,1,0,4,2,10,0,10,0,0000000,23,7,23,12,88,88,24,0,0,1,0,3538
100106_2016,10,100106,3,3,0,0,0,3,3,5,0,12,6,2016,1,13,55,0,NULL,3,"SR-26 VINES CREEK RD","CR-341 FALLING POINT RD",146,38.55682222,-75.20096389,0,12,1,0,2,4,0,1,1,1,0,1,0,0000000,13,56,14,3,14,41,14,0,0,1,0,3539
100107_2016,10,100107,1,1,0,1,1,2,2,5,0,29,10,2016,7,20,6,0,NULL,6,"WESLEY CHURCH RD",NULL,31,38.72516944,-75.61513056,0,8,0,0,1,1,0,1,2,1,0,1,0,0000000,20,7,20,14,20,51,0,0,0,1,0,3540
100108_2016,10,100108,2,2,0,0,0,2,2,5,0,10,9,2016,7,1,15,1,NULL,3,"SR-1 COASTAL HWY",NULL,200,38.87206944,-75.35326944,0,12,2,0,1,1,0,1,2,1,0,1,0,0000000,1,11,1,22,1,54,0,0,0,1,2,3541
100109_2016,10,100109,1,1,0,0,0,1,1,1,0,22,12,2016,5,17,46,0,NULL,6,"WILLIAMSVILLE RD",NULL,24,38.88865,-75.52718889,0,53,0,0,1,1,0,5,2,1,0,1,0,0000000,17,40,17,44,88,88,0,0,0,1,1,3542
100110_2016,10,100110,1,1,0,1,1,1,1,3,0,13,11,2016,1,18,22,1,NULL,3,"SR-2 KIRKWOOD HWY",NULL,99998,39.73376111,-75.63831111,0,8,0,0,1,1,0,1,2,1,0,1,0,0000000,18,21,18,23,18,38,0,0,0,1,0,3543
100111_2016,10,100111,1,1,0,1,1,1,1,5,20,29,6,2016,4,23,9,0,NULL,3,"SR-54 KENT AVE","BEACHWOOD LN",30,38.53273056,-75.06295,0,9,0,0,2,3,0,1,3,1,0,1,0,0000000,23,12,23,17,0,4,0,0,0,1,0,3544
100112_2016,10,100112,2,2,0,0,0,2,2,5,0,21,10,2016,6,13,58,0,NULL,3,"SR-30 WHITESVILLE RD","OLD STAGE RD",15,38.50063056,-75.53816667,0,12,6,0,2,2,0,1,1,1,0,1,0,0000000,14,0,14,9,88,88,0,0,0,1,0,3545
100113_2016,10,100113,2,2,0,0,0,3,3,5,0,14,7,2016,5,17,50,0,NULL,4,"CR-86 AVE OF HONOR","CR-326 BETHESDA RD",30,38.62016111,-75.32903889,0,12,6,0,2,2,0,1,1,1,0,1,0,0000000,17,48,17,54,18,33,0,0,0,1,1,3546
100114_2016,10,100114,2,2,0,0,0,3,3,5,0,12,12,2016,2,7,51,0,NULL,4,"CR-70 GORDY RD",NULL,19,38.52286944,-75.52118889,0,12,6,0,1,1,0,1,1,2,0,2,0,0000000,7,51,8,8,8,38,0,0,0,1,0,3547