st_case_year,STATE,ST_CASE,VE_TOTAL,VE_FORMS,PVH_INVL,PEDS,PERNOTMVIT,PERMVIT,PERSONS,COUNTY,CITY,DAY,MONTH,YEAR,DAY_WEEK,HOUR,MINUTE,NHS,ROAD_FNC,ROUTE,TWAY_ID,TWAY_ID2,MILEPT,LATITUDE,LONGITUD,SP_JUR,HARM_EV,MAN_COLL,RELJCT1,RELJCT2,TYP_INT,WRK_ZONE,REL_ROAD,LGT_COND,WEATHER1,WEATHER2,WEATHER,SCH_BUS,RAIL,NOT_HOUR,NOT_MIN,ARR_HOUR,ARR_MIN,HOSP_HR,HOSP_MN,CF1,CF2,CF3,FATALS,DRUNK_DR,idno
100115_2016,10,100115,2,2,0,0,0,8,8,5,0,28,10,2016,6,5,43,1,NULL,3,"SR-404 SEASHORE HWY",NULL,7,38.71716111,-75.5788,0,12,6,0,1,1,0,1,2,1,0,1,0,0000000,5,45,5,50,6,39,0,0,0,1,0,3548
100116_2016,10,100116,3,1,2,0,0,1,1,5,0,5,9,2016,2,1,0,0,NULL,2,"US-113 S DUPONT BLVD",NULL,99998,38.52038056,-75.24226944,0,59,0,0,1,1,0,3,2,1,0,1,0,0000000,1,3,1,6,88,88,14,24,0,1,1,3549
110001_2016,11,110001,1,1,0,1,1,1,1,1,10,1,1,2016,6,4,8,0,NULL,6,"MINNESOTA AVE SE","C STREET SE",0,38.88598889,-76.95580556,0,8,0,0,3,3,0,1,3,1,0,1,0,0000000,4,16,4,24,88,88,16,0,0,1,0,3550
110002_2016,11,110002,1,1,0,1,1,1,1,1,10,22,2,2016,2,18,44,0,NULL,6,"2121 WISCONSIN AVENUE SE",NULL,0,38.91830278,-77.06986944,0,8,0,0,1,1,0,1,3,1,0,1,0,0000000,18,44,18,45,99,99,0,0,0,1,1,3551
110003_2016,11,110003,2,2,0,0,0,2,2,1,10,25,3,2016,6,15,47,0,NULL,6,"16TH STREET SOUTHEAST","GOOD HOPE ROAD SOUTHEAST",0,38.86616944,-76.98193889,0,12,6,0,2,3,0,1,1,1,0,1,0,0000000,15,47,99,99,99,99,0,0,0,1,0,3552
110004_2016,11,110004,1,1,0,0,0,1,1,1,10,5,4,2016,3,23,56,0,NULL,6,"5700 DIX STREET NORTHEAST","57TH STREET NORTHEAST",0,38.89458611,-76.91910278,0,42,0,0,3,10,0,5,3,1,0,1,0,0000000,23,58,0,1,0,8,0,0,0,1,1,3553
110005_2016,11,110005,2,2,0,0,0,2,2,1,10,20,4,2016,4,20,15,0,NULL,6,"1310 SOUTHERN AVENUE SOUTHEAST",NULL,0,38.83560556,-76.98285833,0,12,2,0,4,1,0,1,3,1,0,1,0,0000000,20,16,20,18,20,37,99,99,99,1,1,3554
110006_2016,11,110006,2,1,1,0,0,1,1,1,10,18,6,2016,7,2,0,1,NULL,1,"I-695 WESTBOUND",NULL,0,38.86977222,-76.98823333,0,35,0,0,1,1,0,4,3,1,0,1,0,0000000,2,2,2,6,99,99,99,99,99,1,1,3555
110007_2016,11,110007,1,1,0,1,1,1,1,1,10,23,6,2016,5,1,10,0,NULL,6,"2600 MINNESOTA AVENUE SE","BURNS ST SE",0,38.92011111,-76.9271,0,9,0,0,2,3,0,1,3,1,0,1,0,0000000,1,11,1,14,99,99,99,99,99,1,0,3556
110008_2016,11,110008,2,2,0,0,0,2,2,1,10,26,6,2016,1,22,42,1,NULL,1,I-295,NULL,0,38.85239167,-77.00634722,0,34,0,0,1,1,0,3,3,1,0,1,0,0000000,22,44,22,48,99,99,13,0,0,1,1,3557
110009_2016,11,110009,2,2,0,0,0,2,2,1,10,2,7,2016,7,20,46,0,NULL,6,"2500 GEORGIA AVE NW",NULL,0,38.92326944,-77.02244722,0,12,1,0,1,1,0,1,3,1,0,1,0,9999999,20,48,20,49,99,99,99,99,99,1,0,3558
110010_2016,11,110010,1,1,0,0,0,1,1,1,10,23,7,2016,7,4,54,0,NULL,6,"1340 MICHIGAN AVE NE",NULL,0,38.942525,-76.98589444,0,33,0,0,1,1,0,4,3,1,0,1,0,0000000,4,55,4,58,99,99,20,0,0,1,1,3559
110011_2016,11,110011,2,2,0,0,0,11,11,1,10,10,8,2016,4,14,35,0,NULL,6,"2400 NAYLOR ROAD SE",NULL,0,38.85903889,-76.968175,0,12,1,0,1,1,0,1,1,1,0,1,0,0000000,14,35,14,38,99,99,0,0,0,1,0,3560
110012_2016,11,110012,1,1,0,0,0,1,1,1,10,15,8,2016,2,4,38,1,NULL,1,I-66,NULL,0,38.89263056,-77.05739722,0,33,0,0,1,1,0,4,3,1,0,1,0,0000000,4,46,4,53,99,99,0,0,0,1,0,3561
110013_2016,11,110013,1,1,0,1,1,1,1,1,10,18,8,2016,5,2,20,0,NULL,6,"1400 9TH STREET NW","P ST NW",0,38.9096,-77.02398056,0,8,0,0,3,2,0,1,3,2,0,2,0,0000000,99,99,99,99,99,99,0,0,0,1,1,3562
110014_2016,11,110014,1,1,0,1,1,1,1,1,10,19,8,2016,6,2,44,0,NULL,6,"NEW HAMSHIRE AVE NW","M STREET NW",0,38.90536389,-77.04743889,0,8,0,0,3,4,0,1,3,1,0,1,0,0000000,2,45,2,48,99,99,99,99,99,1,0,3563
110015_2016,11,110015,1,1,0,0,0,1,1,1,10,11,9,2016,1,3,50,0,NULL,6,"1300 BLOCK OF SOUTHERN AVE SE",NULL,0,38.83451111,-76.98418889,0,33,0,0,1,1,0,4,3,1,0,1,0,0000000,3,51,3,57,99,99,99,99,99,1,1,3564
110016_2016,11,110016,1,1,0,0,0,1,1,1,10,6,9,2016,3,2,27,0,NULL,6,"2427 MARTIN LUTHER KING AVE SE",NULL,0,38.86217222,-76.9933,0,33,0,0,1,1,0,4,3,1,0,1,0,0000000,2,28,99,99,99,99,24,0,0,1,0,3565
110017_2016,11,110017,2,2,0,0,0,2,2,1,10,15,9,2016,5,18,59,0,NULL,6,"4600 MARTIN LUTHER KING JR AVE",NULL,0,38.82481389,-77.01236944,0,33,0,0,1,1,0,4,3,1,0,1,0,0000000,18,59,19,0,99,99,13,14,0,1,0,3566
110018_2016,11,110018,1,1,0,0,0,1,1,1,10,27,9,2016,3,1,50,0,NULL,6,"ALABAMA AVE SE","BECK STREET SE",0,38.87173889,-76.93900556,0,33,0,0,3,3,0,4,3,2,0,2,0,0000000,1,56,99,99,88,88,99,99,99,1,0,3567
110019_2016,11,110019,1,1,0,1,1,1,1,1,10,8,4,2016,6,1,28,0,NULL,6,"1300 MASSACHUSETTS AVE NW",NULL,0,38.90501111,-77.03050556,0,8,0,0,1,1,0,1,3,1,0,1,0,0000000,99,99,99,99,99,99,0,0,0,1,1,3568
110020_2016,11,110020,1,1,0,1,1,2,2,1,10,2,10,2016,1,3,5,0,NULL,6,"5300 GEORGIA AVE NW",NULL,0,38.95424444,-77.02775,0,8,0,0,1,1,0,1,3,1,0,1,0,0000000,3,6,3,8,99,99,0,0,0,1,1,3569
110021_2016,11,110021,2,2,0,0,0,3,3,1,10,12,10,2016,4,22,8,0,NULL,6,"SUITLAND PKWY SE","STANTON RD SE",0,38.85333889,-76.98329722,0,12,6,0,2,2,0,1,3,1,0,1,0,0000000,22,9,99,99,0,0,13,0,0,1,0,3570
110022_2016,11,110022,1,1,0,1,1,1,1,1,10,26,10,2016,4,0,14,0,NULL,6,"400 NEW YORK AVE NE","4TH STREET NE",0,38.91104722,-76.99838333,0,8,0,0,3,3,0,1,3,1,0,1,0,0000000,0,14,99,99,88,88,0,0,0,1,0,3571
110023_2016,11,110023,7,3,4,0,0,6,6,1,10,29,10,2016,7,15,19,0,NULL,6,"900 BLOCK OF EASTERN AVE NE",NULL,0,38.90249167,-76.92169167,0,12,1,0,1,1,0,1,1,1,0,1,0,0000000,15,21,15,26,99,99,14,0,0,1,0,3572
110024_2016,11,110024,1,1,0,0,0,3,3,1,10,9,7,2016,7,22,46,9,NULL,6,"NORTHBOUND ROCK CREEK PARKWAY",NULL,99999,38.89240556,-77.05515833,1,3,0,9,99,99,0,5,6,99,0,99,0,0000000,99,99,99,99,99,99,99,99,99,2,0,3573
110025_2016,11,110025,4,4,0,0,0,6,6,1,10,23,12,2016,6,19,22,0,NULL,6,"4100 EAST CAPTIOL STREET SE",NULL,0,38.8897,-76.94230556,0,12,1,0,1,1,0,1,3,1,0,1,0,0000000,19,23,19,28,99,99,13,20,0,1,0,3574
110026_2016,11,110026,1,1,0,1,1,1,1,1,10,27,12,2016,3,6,22,0,NULL,6,"14TH STREET NW","PARKWOOD PLACE NW",0,38.93543056,-77.03271111,0,8,0,0,3,3,0,1,3,2,0,2,0,0000000,6,24,6,26,99,99,99,99,99,1,0,3575
240001_2016,24,240001,2,2,0,0,0,2,2,3,0,14,1,2016,5,17,23,0,NULL,4,CR-3207,CR-3198,1,38.90550556,-76.51831944,0,12,6,0,2,2,0,1,3,1,0,1,0,0000000,99,99,99,99,99,99,0,0,0,1,1,3576
240002_2016,24,240002,1,1,0,1,1,1,1,3,0,21,2,2016,1,13,39,0,NULL,3,SR-2,NULL,392,39.20197778,-76.61356944,0,8,0,0,1,1,0,1,1,1,0,1,0,0000000,99,99,99,99,99,99,0,0,0,1,0,3577
240003_2016,24,240003,1,1,0,1,1,2,2,3,0,4,1,2016,2,19,12,0,NULL,4,CR-2099,NULL,4,39.09611111,-76.57113056,0,8,0,0,1,1,0,1,3,1,0,1,0,0000000,99,99,99,99,99,99,0,0,0,1,0,3578
240004_2016,24,240004,3,3,0,0,0,4,4,3,0,14,2,2016,1,16,26,0,NULL,3,SR-2,NULL,143,38.90568889,-76.58420833,0,12,2,0,1,1,0,2,1,10,0,10,0,0000000,99,99,99,99,99,99,0,0,0,2,0,3579
240005_2016,24,240005,1,1,0,0,0,2,2,5,0,1,2,2016,2,0,48,0,NULL,4,CR-1488,NULL,7,39.40826667,-76.66055556,0,48,0,0,1,1,0,4,2,10,0,10,0,0000000,99,99,99,99,99,99,0,0,0,1,1,3580
240006_2016,24,240006,1,1,0,1,1,1,1,5,0,1,2,2016,2,5,50,1,NULL,2,US-1,NULL,9,39.22704444,-76.69559722,0,8,0,0,1,1,0,1,2,1,0,1,0,0000000,99,99,99,99,88,88,0,0,0,1,0,3581
240007_2016,24,240007,3,3,0,0,0,4,4,33,0,18,1,2016,2,2,52,0,NULL,4,CR-367,NULL,0,38.87357778,-76.858375,0,12,2,0,1,1,0,1,3,1,0,1,0,0000000,99,99,99,99,88,88,0,0,0,1,1,3582
240008_2016,24,240008,1,1,0,1,1,1,1,33,0,3,2,2016,4,20,43,0,NULL,3,SR-223,NULL,65,38.76472222,-76.90143056,0,8,0,0,8,1,0,1,3,5,0,5,0,0000000,99,99,99,99,88,88,0,0,0,1,0,3583
240009_2016,24,240009,2,2,0,0,0,2,2,33,0,19,1,2016,3,7,30,1,NULL,3,SR-4,NULL,94,38.83975556,-76.86713611,0,12,7,0,1,1,0,1,1,6,0,6,0,0000000,99,99,99,99,88,88,0,0,0,1,0,3584
240010_2016,24,240010,1,1,0,0,0,2,2,33,0,25,2,2016,5,14,59,0,NULL,4,CR-59,NULL,71,38.88201111,-76.76004167,0,30,0,0,1,1,0,4,1,1,0,1,0,0000000,99,99,99,99,99,99,0,0,0,1,1,3585
240011_2016,24,240011,1,1,0,1,1,1,1,31,0,5,1,2016,3,7,50,0,NULL,3,SR-187,CR-352,5,38.99032778,-77.103525,0,8,0,0,2,2,0,1,1,1,0,1,0,0000000,99,99,99,99,99,99,0,0,0,1,0,3586
240012_2016,24,240012,2,2,0,0,0,4,4,31,0,3,1,2016,1,15,9,0,NULL,3,SR-198,NULL,2,39.11927778,-76.98336667,0,12,6,0,8,1,0,1,1,1,0,1,0,0000000,99,99,99,99,99,99,0,0,0,1,0,3587
240013_2016,24,240013,2,2,0,0,0,5,5,31,0,27,2,2016,7,18,55,0,NULL,3,SR-190,CR-847,130,38.98037778,-77.13341944,0,12,6,0,2,2,0,1,3,1,0,1,0,0000000,99,99,99,99,99,99,0,0,0,3,0,3588
240014_2016,24,240014,1,1,0,0,0,1,1,1,0,20,1,2016,4,13,8,1,NULL,1,I-68,NULL,207,39.71222222,-78.61773611,0,32,0,0,1,1,0,4,1,1,0,1,0,0000000,99,99,99,99,88,88,0,0,0,1,0,3589
240015_2016,24,240015,1,1,0,1,1,1,1,25,0,19,2,2016,6,22,20,1,NULL,2,US-1,NULL,137,39.63034722,-76.27596111,0,8,0,0,1,1,0,1,2,1,0,1,0,0000000,99,99,99,99,99,99,0,0,0,1,0,3590
240016_2016,24,240016,1,1,0,0,0,1,1,25,0,15,2,2016,2,17,45,0,NULL,3,SR-155,NULL,51,39.57441111,-76.15944444,0,30,0,0,1,1,0,4,2,2,0,2,0,0000000,99,99,99,99,88,88,0,0,0,1,0,3591
240017_2016,24,240017,2,2,0,0,0,2,2,33,0,13,2,2016,7,20,59,0,NULL,3,SR-5,NULL,85,38.77781111,-76.88893056,0,12,2,0,1,1,0,1,2,1,0,1,0,0000000,99,99,99,99,88,88,0,0,0,1,1,3592
240018_2016,24,240018,2,2,0,0,0,2,2,13,0,19,2,2016,6,4,8,0,NULL,3,SR-27,CR-302,159,39.54243333,-77.01861111,0,12,6,0,2,2,0,1,3,1,0,1,0,0000000,99,99,99,99,88,88,0,0,0,1,0,3593
240019_2016,24,240019,1,1,0,0,0,4,4,1,0,20,2,2016,7,15,44,0,NULL,4,CR-889,CR-485,3,39.64537778,-78.73591944,0,24,0,0,3,3,0,4,1,1,0,1,0,0000000,99,99,99,99,99,99,0,0,0,1,1,3594
240020_2016,24,240020,1,1,0,0,0,1,1,11,0,1,3,2016,3,18,20,0,NULL,4,CR-47,NULL,28,38.99614444,-75.75694444,0,42,0,0,1,1,0,4,2,1,0,1,0,0000000,99,99,99,99,99,99,0,0,0,1,0,3595
240021_2016,24,240021,1,1,0,0,0,3,3,23,0,16,1,2016,7,14,30,1,NULL,1,I-68,NULL,138,39.69444444,-79.26085278,0,34,0,0,1,1,0,3,1,3,0,3,0,0000000,99,99,99,99,99,99,0,0,0,1,0,3596
240022_2016,24,240022,2,2,0,0,0,5,5,23,0,11,2,2016,5,12,28,0,NULL,3,SR-42,NULL,12,39.58732222,-79.36972222,0,12,2,0,1,1,0,1,1,4,0,4,0,0000000,99,99,99,99,99,99,0,0,0,2,0,3597
240023_2016,24,240023,1,1,0,0,0,1,1,17,0,28,2,2016,1,14,23,0,NULL,3,SR-5,NULL,11,38.52537778,-76.779125,0,24,0,0,1,1,0,3,1,1,0,1,0,0000000,99,99,99,99,88,88,0,0,0,1,0,3598
240024_2016,24,240024,1,1,0,0,0,1,1,31,0,26,1,2016,3,19,47,1,NULL,1,I-270,NULL,91,39.1192,-77.19559722,0,24,0,0,5,1,0,4,3,1,0,1,0,0000000,99,99,99,99,99,99,0,0,0,1,0,3599
240025_2016,24,240025,2,2,0,0,0,2,2,31,0,19,2,2016,6,4,43,1,NULL,1,I-495,NULL,82,39.00728889,-77.08583333,0,39,11,0,1,1,0,4,3,1,0,1,0,0000000,99,99,99,99,88,88,0,0,0,1,0,3600
240026_2016,24,240026,1,1,0,0,0,1,1,43,0,7,2,2016,1,7,27,1,NULL,1,I-70,NULL,278,39.60661667,-77.75281111,0,24,0,0,1,1,0,3,1,1,0,1,0,0000000,99,99,99,99,88,88,0,0,0,1,0,3601
240027_2016,24,240027,1,1,0,0,0,1,1,3,0,22,2,2016,2,11,5,0,NULL,3,SR-424,NULL,33,38.95906667,-76.65448611,0,33,0,0,5,1,0,4,1,1,0,1,0,0000000,99,99,99,99,88,88,0,0,0,1,0,3602
240028_2016,24,240028,2,2,0,0,0,4,4,13,0,20,2,2016,7,16,0,0,NULL,3,SR-27,NULL,103,39.47812222,-77.07008611,0,12,2,0,1,1,0,1,1,1,0,1,0,0000000,99,99,99,99,99,99,0,0,0,2,1,3603
240029_2016,24,240029,1,1,0,0,0,2,2,23,0,4,2,2016,5,22,46,0,NULL,4,CR-170,NULL,22,39.56128889,-79.31545,0,42,0,0,1,1,0,4,2,1,0,1,0,0000000,99,99,99,99,99,99,0,0,0,1,1,3604
240030_2016,24,240030,2,2,0,0,0,2,2,25,0,10,2,2016,4,12,50,0,NULL,3,SR-152,NULL,13,39.41834444,-76.32838056,0,12,2,0,1,1,0,1,1,99,0,99,0,0000000,99,99,99,99,99,99,0,0,0,1,0,3605
240031_2016,24,240031,1,1,0,1,1,1,1,31,0,21,2,2016,1,18,56,1,NULL,1,I-270,NULL,147,39.19944444,-77.26536389,0,8,0,0,1,1,0,1,3,1,0,1,0,0000000,99,99,99,99,99,99,0,0,0,1,0,3606
240032_2016,24,240032,2,2,0,0,0,3,3,47,0,5,2,2016,6,11,24,1,NULL,2,US-113,SR-367,357,38.42864444,-75.21944444,0,12,6,0,2,2,0,1,1,1,0,1,0,0000000,99,99,99,99,88,88,0,0,0,2,1,3607
240033_2016,24,240033,3,3,0,0,0,8,8,25,0,9,1,2016,7,10,5,0,NULL,2,US-40,CR-1913,47,39.44135556,-76.29296944,0,12,1,0,2,2,0,1,1,10,0,10,0,0000000,99,99,99,99,99,99,0,0,0,1,0,3608
240034_2016,24,240034,1,1,0,0,0,1,1,19,0,7,1,2016,5,0,4,0,NULL,3,SR-331,SR-14,59,38.5766,-75.83675278,0,18,0,0,3,3,0,6,2,1,0,1,0,0000000,99,99,99,99,88,88,0,0,0,1,1,3609
240035_2016,24,240035,1,1,0,1,1,2,2,41,0,13,2,2016,7,21,41,1,NULL,2,US-41,NULL,16,38.9133,-76.06218056,1,8,0,0,1,1,0,1,2,1,0,1,0,0000000,99,99,99,99,99,99,0,0,0,1,0,3610
240036_2016,24,240036,1,1,0,1,1,1,1,15,0,18,1,2016,2,18,16,1,NULL,2,US-40,CR-213,163,39.601675,-75.80194444,0,8,0,0,2,3,0,1,2,1,0,1,0,0000000,99,99,99,99,99,99,0,0,0,1,0,3611
240037_2016,24,240037,1,1,0,0,0,1,1,13,0,28,2,2016,1,18,46,0,NULL,3,SR-140,NULL,135,39.60308889,-77.05369722,0,1,0,0,1,1,0,6,5,1,0,1,0,0000000,99,99,99,99,88,88,0,0,0,1,0,3612
240038_2016,24,240038,1,1,0,0,0,1,1,5,0,3,1,2016,1,20,44,1,NULL,1,I-83,NULL,229,39.65145556,-76.66355556,0,52,0,0,1,1,0,3,2,1,0,1,0,0000000,99,99,99,99,88,88,0,0,0,1,1,3613
240039_2016,24,240039,1,1,0,1,1,1,1,33,0,21,1,2016,5,0,26,1,NULL,2,US-1,NULL,87,39.04353611,-76.90291389,0,8,0,0,1,1,0,1,3,4,0,4,0,0000000,99,99,99,99,88,88,0,0,0,1,0,3614
240040_2016,24,240040,2,2,0,0,0,2,2,33,0,13,1,2016,4,4,53,1,NULL,1,I-495,NULL,10,39.01867778,-76.96349167,0,12,1,0,1,1,0,1,2,1,0,1,0,0000000,99,99,99,99,99,99,0,0,0,1,0,3615
240041_2016,24,240041,1,1,0,0,0,4,4,41,0,4,1,2016,2,12,46,0,NULL,3,SR-309,NULL,38,38.85132222,-76.01611111,0,42,0,0,1,1,0,4,1,1,0,1,0,0000000,99,99,99,99,99,99,0,0,0,1,1,3616
240042_2016,24,240042,2,2,0,0,0,3,3,37,0,16,1,2016,7,9,45,0,NULL,3,SR-234,NULL,21,38.33395556,-76.67615278,0,31,0,0,1,1,0,4,1,1,0,1,0,0000000,99,99,99,99,88,88,0,0,0,1,0,3617
240043_2016,24,240043,1,1,0,0,0,1,1,3,0,21,2,2016,1,2,21,1,NULL,2,US-50,NULL,148,39.0275,-76.45388889,0,24,0,0,1,1,0,3,3,1,0,1,0,0000000,99,99,99,99,88,88,0,0,0,1,0,3618
240044_2016,24,240044,9,9,0,0,0,10,10,33,0,14,1,2016,5,10,34,0,NULL,3,SR-202,CR-64,87,38.91256667,-76.83861111,0,12,6,0,2,2,0,1,1,1,0,1,0,0000000,99,99,99,99,99,99,0,0,0,1,0,3619
240045_2016,24,240045,1,1,0,0,0,2,2,5,0,19,2,2016,6,18,19,1,NULL,1,I-695,NULL,58,39.28722222,-76.73944444,0,24,0,1,5,1,0,4,5,1,0,1,0,0000000,99,99,99,99,99,99,0,0,0,1,0,3620
240046_2016,24,240046,4,4,0,0,0,5,5,17,0,6,2,2016,7,20,59,1,NULL,2,US-301,CR-47,208,38.59663333,-76.93769167,0,12,6,0,2,2,0,1,3,1,0,1,0,0000000,99,99,99,99,99,99,0,0,0,1,0,3621
240047_2016,24,240047,1,1,0,0,0,1,1,33,0,1,2,2016,2,15,41,1,NULL,2,US-50,NULL,41,38.94365556,-76.87972222,0,42,0,0,1,1,0,4,1,2,0,2,0,0000000,99,99,99,99,99,99,0,0,0,1,0,3622
240048_2016,24,240048,1,1,0,0,0,1,1,33,0,10,3,2016,5,23,29,0,NULL,3,SR-5,SR-373,31,38.70083333,-76.87533056,0,59,0,0,3,2,0,4,3,1,0,1,0,0000000,99,99,99,99,99,99,0,0,0,1,0,3623
240049_2016,24,240049,2,2,0,0,0,3,3,1,0,14,1,2016,5,21,57,0,NULL,3,SR-135,NULL,24,39.4725,-79.03551389,0,24,0,0,1,1,0,4,3,1,0,1,0,0000000,99,99,99,99,99,99,0,0,0,1,1,3624
240050_2016,24,240050,1,1,0,1,1,1,1,13,0,25,1,2016,2,10,20,0,NULL,4,CR-849A,NULL,0,39.44815556,-76.99980833,0,8,0,0,1,1,0,1,1,1,0,1,0,0000000,99,99,99,99,99,99,0,0,0,1,0,3625
240051_2016,24,240051,2,2,0,0,0,2,2,25,0,1,1,2016,6,0,57,0,NULL,4,CR-18,NULL,8,39.68968889,-76.481025,0,12,1,0,1,1,0,1,2,1,0,1,0,0000000,99,99,99,99,88,88,0,0,0,2,2,3626
240052_2016,24,240052,1,1,0,1,1,1,1,37,0,3,1,2016,1,17,48,0,NULL,3,SR-235,"MERCEDES DR",145,38.29042778,-76.490725,0,9,0,0,2,3,0,1,2,1,0,1,0,0000000,99,99,99,99,88,88,0,0,0,1,0,3627
240053_2016,24,240053,1,1,0,0,0,1,1,37,0,26,2,2016,6,22,34,0,NULL,3,SR-235,NULL,238,38.37611111,-76.61051389,0,32,0,0,1,1,0,3,2,1,0,1,0,0000000,99,99,99,99,99,99,0,0,0,1,0,3628
240054_2016,24,240054,1,1,0,1,1,1,1,5,0,12,2,2016,6,15,47,0,NULL,4,CR-2486,NULL,0,39.29,-76.73305556,0,8,0,0,1,1,0,1,1,1,0,1,0,0000000,99,99,99,99,88,88,0,0,0,1,0,3629
240055_2016,24,240055,2,2,0,1,1,2,2,31,0,4,3,2016,6,7,55,0,NULL,4,CR-99,CR-7234,19,39.06558889,-76.97365278,0,8,0,0,2,2,0,1,1,99,0,99,0,0000000,99,99,99,99,99,99,0,0,0,1,0,3630
240056_2016,24,240056,4,4,0,0,0,4,4,9,0,10,3,2016,5,16,28,0,NULL,3,SR-2,NULL,132,38.49086667,-76.51643056,0,12,1,0,1,1,0,1,1,1,0,1,0,0000000,99,99,99,99,99,99,20,0,0,1,0,3631
240057_2016,24,240057,2,2,0,0,0,5,5,17,0,28,2,2016,1,17,15,0,NULL,4,CR-470,NULL,13,38.57708889,-76.988975,0,12,2,0,1,1,0,1,5,98,0,98,0,0000000,99,99,99,99,99,99,0,0,0,1,1,3632
240058_2016,24,240058,2,2,0,0,0,3,3,37,0,4,3,2016,6,9,54,0,NULL,3,SR-5,NULL,378,38.41857778,-76.71630278,0,12,6,0,8,1,0,1,1,11,0,11,0,0000000,99,99,99,99,99,99,0,0,0,1,0,3633
240059_2016,24,240059,1,1,0,1,1,2,2,37,0,14,3,2016,2,6,32,0,NULL,3,SR-234,NULL,9,38.40232222,-76.83284167,0,8,0,0,1,1,0,2,2,10,0,10,0,0000000,99,99,99,99,88,88,0,0,0,1,0,3634
240060_2016,24,240060,3,3,0,0,0,3,3,43,0,16,3,2016,4,21,56,1,NULL,1,I-70,NULL,366,39.55836667,-77.61254167,0,24,0,0,1,1,0,3,2,1,0,1,0,0000000,99,99,99,99,99,99,0,0,0,1,0,3635
240061_2016,24,240061,1,1,0,0,0,1,1,33,0,2,3,2016,4,17,10,0,NULL,4,CR-6705,NULL,0,38.7884,-77.01309722,0,33,0,0,1,1,0,4,5,1,0,1,0,0000000,99,99,99,99,99,99,0,0,0,1,0,3636
240062_2016,24,240062,1,1,0,0,0,1,1,5,0,24,3,2016,5,7,19,1,NULL,1,"I-795 RAMP",NULL,86,39.47013333,-76.83634722,0,24,0,0,5,1,0,4,2,1,0,1,0,0000000,99,99,99,99,88,88,0,0,0,1,1,3637
240063_2016,24,240063,1,1,0,0,0,1,1,3,0,23,3,2016,4,18,20,0,NULL,3,SR-100,NULL,22,39.15558889,-76.71361111,0,1,0,0,1,1,0,1,1,1,0,1,0,0000000,99,99,99,99,99,99,0,0,0,1,0,3638
240064_2016,24,240064,1,1,0,0,0,2,2,3,0,21,3,2016,2,22,39,0,NULL,6,MU-240,MU-1155,13,38.95281111,-76.49365278,0,57,0,0,3,3,0,4,3,1,0,1,0,0000000,99,99,99,99,99,99,0,0,0,1,0,3639
240065_2016,24,240065,2,2,0,0,0,2,2,17,0,24,3,2016,5,23,47,0,NULL,3,SR-5,NULL,50,38.55138889,-76.82829167,0,12,6,0,7,1,0,1,2,1,0,1,0,0000000,99,99,99,99,99,99,0,0,0,1,1,3640
240066_2016,24,240066,2,2,0,0,0,2,2,21,0,10,3,2016,5,10,39,1,NULL,2,US-15,CR-83,326,39.66541111,-77.36805556,1,12,6,0,2,2,0,1,1,99,0,99,0,0000000,99,99,99,99,99,99,0,0,0,1,0,3641
240067_2016,24,240067,2,2,0,0,0,3,3,33,0,4,3,2016,6,8,50,1,NULL,2,US-301,NULL,8,38.67142222,-76.87619722,1,12,6,0,7,1,0,1,1,10,0,10,0,0000000,99,99,99,99,99,99,0,0,0,1,0,3642
240068_2016,24,240068,1,1,0,0,0,1,1,25,0,29,3,2016,3,11,59,0,NULL,4,CR-29,NULL,5,39.57163333,-76.40023611,0,42,0,0,1,1,0,4,1,1,0,1,0,0000000,99,99,99,99,99,99,0,0,0,1,0,3643
240069_2016,24,240069,1,1,0,0,0,1,1,31,0,3,4,2016,1,2,46,1,NULL,1,I-495,NULL,84,39.00642222,-77.07453056,0,23,0,0,5,1,0,6,3,1,0,1,0,0000000,99,99,99,99,88,88,0,0,0,1,1,3644
240070_2016,24,240070,1,1,0,0,0,1,1,33,0,2,3,2016,4,14,37,0,NULL,3,SR-414,NULL,46,38.83874444,-76.94083333,0,33,0,0,1,1,0,4,1,1,0,1,0,0000000,99,99,99,99,99,99,0,0,0,1,0,3645
240071_2016,24,240071,1,1,0,0,0,1,1,3,0,2,4,2016,7,11,56,1,NULL,1,"I-97 RAMP",NULL,138,39.15361111,-76.64893056,0,24,0,1,5,1,0,4,1,10,0,10,0,0000000,99,99,99,99,99,99,0,0,0,1,0,3646
240072_2016,24,240072,1,1,0,1,1,1,1,3,0,1,4,2016,6,6,15,0,NULL,3,SR-214,NULL,80,38.91201111,-76.54296944,0,8,0,0,1,1,0,2,3,10,0,10,0,0000000,99,99,99,99,88,88,0,0,0,1,0,3647
240073_2016,24,240073,4,3,1,0,0,3,3,27,0,24,3,2016,5,12,20,0,NULL,3,SR-175,SR-108,27,39.18451111,-76.79856944,0,12,6,0,2,3,0,1,1,1,0,1,0,0000000,99,99,99,99,99,99,26,23,0,2,0,3648
240074_2016,24,240074,1,1,0,1,1,2,2,33,0,15,3,2016,3,18,26,0,NULL,3,SR-5,SR-458,140,38.83937778,-76.94630278,0,8,0,0,2,2,0,1,1,1,0,1,0,0000000,99,99,99,99,99,99,0,0,0,1,0,3649
240075_2016,24,240075,1,1,0,1,1,1,1,5,0,24,2,2016,4,11,4,9,NULL,9,"CLEARLEIGH DR",NULL,99999,39.37277778,-76.56416667,0,8,0,0,8,1,0,1,1,2,0,2,0,0000000,99,99,99,99,99,99,0,0,0,1,0,3650