st_case_year,STATE,ST_CASE,VE_TOTAL,VE_FORMS,PVH_INVL,PEDS,PERNOTMVIT,PERMVIT,PERSONS,COUNTY,CITY,DAY,MONTH,YEAR,DAY_WEEK,HOUR,MINUTE,NHS,ROAD_FNC,ROUTE,TWAY_ID,TWAY_ID2,MILEPT,LATITUDE,LONGITUD,SP_JUR,HARM_EV,MAN_COLL,RELJCT1,RELJCT2,TYP_INT,WRK_ZONE,REL_ROAD,LGT_COND,WEATHER1,WEATHER2,WEATHER,SCH_BUS,RAIL,NOT_HOUR,NOT_MIN,ARR_HOUR,ARR_MIN,HOSP_HR,HOSP_MN,CF1,CF2,CF3,FATALS,DRUNK_DR,idno
240076_2016,24,240076,2,2,0,0,0,2,2,25,0,7,4,2016,5,11,19,1,NULL,2,US-1,NULL,36,39.51947778,-76.37365278,0,12,6,0,1,1,0,1,1,2,0,2,1,0000000,99,99,99,99,99,99,0,0,0,1,0,3651
240077_2016,24,240077,1,1,0,0,0,1,1,19,0,2,4,2016,7,11,41,1,NULL,2,US-50,NULL,61,38.55451111,-75.98309722,0,30,0,0,1,1,0,4,1,2,0,2,0,0000000,99,99,99,99,99,99,0,0,0,1,0,3652
240078_2016,24,240078,2,2,0,0,0,3,3,3,0,16,3,2016,4,20,31,1,NULL,1,I-97,NULL,148,39.15537778,-76.64564167,0,12,1,0,1,1,0,1,3,99,0,99,0,0000000,99,99,99,99,99,99,0,0,0,1,1,3653
240079_2016,24,240079,1,1,0,1,1,2,2,25,0,6,4,2016,4,0,32,0,NULL,8,"1015 PULASKI HWY",NULL,99998,39.43034444,-76.33769167,0,8,0,0,98,1,0,1,3,1,0,1,0,0000000,99,99,99,99,88,88,24,0,0,1,0,3654
240080_2016,24,240080,2,2,0,0,0,5,5,35,0,2,4,2016,7,2,21,1,NULL,2,US-50,NULL,6,38.98784444,-76.35869722,0,12,1,0,1,1,0,1,2,1,0,1,0,0000000,99,99,99,99,99,99,0,0,0,1,1,3655
240081_2016,24,240081,1,1,0,0,0,1,1,37,0,4,4,2016,2,1,35,0,NULL,3,SR-249,NULL,65,38.1908,-76.51275833,0,24,0,0,1,1,0,4,2,1,0,1,0,0000000,99,99,99,99,88,88,0,0,0,1,1,3656
240082_2016,24,240082,1,1,0,1,1,1,1,25,0,9,4,2016,7,4,35,1,NULL,2,US-1,"NILLES RD",16,39.49478889,-76.39111111,0,8,0,0,2,3,0,1,3,1,0,1,0,0000000,99,99,99,99,99,99,0,0,0,1,0,3657
240083_2016,24,240083,2,2,0,0,0,2,2,41,0,8,4,2016,6,21,24,0,NULL,3,SR-404,NULL,38,38.93003333,-76.01211667,0,12,2,0,1,1,0,1,2,1,0,1,0,0000000,99,99,99,99,99,99,0,0,0,1,2,3658
240084_2016,24,240084,1,1,0,0,0,1,1,45,0,4,4,2016,2,22,42,0,NULL,4,CR-243,NULL,19,38.33857778,-75.54611111,0,42,0,0,1,1,0,4,2,2,0,2,0,0000000,99,99,99,99,88,88,0,0,0,1,1,3659
240085_2016,24,240085,2,2,0,0,0,2,2,33,0,11,4,2016,2,22,54,0,NULL,3,SR-5,NULL,107,38.80777778,-76.90814167,0,12,1,0,1,1,0,1,3,1,0,1,0,0000000,99,99,99,99,99,99,0,0,0,1,1,3660
240086_2016,24,240086,2,2,0,0,0,2,2,13,0,2,4,2016,7,2,50,0,NULL,3,SR-97,NULL,211,39.63392222,-77.00356944,0,12,2,0,1,1,0,1,2,1,0,1,0,0000000,99,99,99,99,99,99,0,0,0,1,0,3661
240087_2016,24,240087,4,4,0,0,0,5,5,5,0,13,4,2016,4,23,10,1,NULL,1,I-695,NULL,102,39.34343333,-76.74495833,0,12,1,0,1,1,0,1,3,1,0,1,0,0000000,99,99,99,99,88,88,14,0,0,1,1,3662
240088_2016,24,240088,1,1,0,1,1,1,1,17,0,10,4,2016,1,16,5,0,NULL,4,CR-2017,NULL,8,38.63725556,-76.95036389,0,9,0,0,1,1,0,1,1,1,0,1,0,0000000,99,99,99,99,99,99,0,0,0,1,0,3663
240089_2016,24,240089,1,1,0,0,0,5,5,21,0,20,4,2016,4,4,54,1,NULL,2,US-15,NULL,227,39.56121111,-77.43051389,0,35,0,0,1,1,0,3,2,1,0,1,0,0000000,99,99,99,99,99,99,0,0,0,1,0,3664
240090_2016,24,240090,2,2,0,0,0,2,2,37,0,16,4,2016,7,0,32,0,NULL,4,CR-4,NULL,43,38.49114444,-76.71309722,0,12,2,0,1,1,0,1,2,1,0,1,0,0000000,99,99,99,99,99,99,0,0,0,1,1,3665
240091_2016,24,240091,1,1,0,1,1,3,3,510,50,13,1,2016,4,8,34,0,NULL,6,MU-1552,MU-1570,0,39.27264722,-76.61393611,0,8,0,0,2,2,0,1,1,1,0,1,0,0000000,99,99,99,99,99,99,0,0,0,1,0,3666
240092_2016,24,240092,1,1,0,0,0,1,1,25,0,22,4,2016,6,0,9,0,NULL,3,SR-7,NULL,50,39.45055556,-76.29198611,0,30,0,0,1,1,0,4,2,1,0,1,0,0000000,99,99,99,99,99,99,0,0,0,1,1,3667
240093_2016,24,240093,1,1,0,0,0,1,1,3,0,23,4,2016,7,15,37,0,NULL,4,CR-2715,NULL,12,38.94698889,-76.61638889,0,42,0,0,1,1,0,4,1,1,0,1,0,0000000,99,99,99,99,99,99,0,0,0,1,0,3668
240094_2016,24,240094,1,1,0,1,1,1,1,17,0,24,4,2016,1,23,0,0,NULL,3,SR-228,NULL,30,38.6492,-76.94504167,0,8,0,0,1,1,0,1,2,1,0,1,0,0000000,99,99,99,99,99,99,0,0,0,1,0,3669
240095_2016,24,240095,3,3,0,0,0,4,4,37,0,17,4,2016,1,20,55,0,NULL,3,SR-235,CR-79,238,38.37624444,-76.61027778,0,12,6,0,2,2,0,1,2,1,0,1,0,0000000,99,99,99,99,99,99,0,0,0,1,0,3670
240096_2016,24,240096,2,2,0,0,0,2,2,35,0,17,4,2016,1,6,56,0,NULL,3,SR-18C,NULL,27,39.01781111,-76.12713611,0,12,2,0,1,1,0,1,1,1,0,1,0,0000000,99,99,99,99,99,99,0,0,0,1,0,3671
240097_2016,24,240097,1,1,0,1,1,2,2,5,0,28,2,2016,1,2,40,0,NULL,4,CR-1900,NULL,41,39.32707778,-76.73523611,0,8,0,0,1,1,0,2,3,1,0,1,0,0000000,99,99,99,99,88,88,0,0,0,1,0,3672
240098_2016,24,240098,3,2,1,0,0,2,2,5,0,19,4,2016,3,6,26,0,NULL,4,CR-3004,NULL,1,39.25635556,-76.69972222,0,12,2,0,1,1,0,1,1,1,0,1,0,0000000,99,99,99,99,99,99,0,0,0,1,1,3673
240099_2016,24,240099,2,2,0,0,0,2,2,3,0,29,4,2016,6,15,37,0,NULL,3,SR-162,NULL,0,39.1683,-76.64611111,0,12,2,0,1,1,0,1,1,10,0,10,0,0000000,99,99,99,99,99,99,0,0,0,1,0,3674
240100_2016,24,240100,1,1,0,1,1,1,1,3,0,26,4,2016,3,5,44,0,NULL,3,SR-3,NULL,27,39.02555556,-76.69198611,0,8,0,0,1,1,0,1,2,1,0,1,0,0000000,99,99,99,99,88,88,0,0,0,1,0,3675
240101_2016,24,240101,1,1,0,0,0,1,1,33,0,30,4,2016,7,0,53,0,NULL,3,SR-210,NULL,105,38.7784,-76.99685833,0,24,0,0,1,1,0,3,2,2,0,2,0,0000000,99,99,99,99,88,88,0,0,0,1,1,3676
240102_2016,24,240102,1,1,0,0,0,1,1,5,0,11,3,2016,6,11,35,0,NULL,4,CR-611,NULL,6,39.44251111,-76.80189444,0,33,0,0,1,1,0,4,1,1,0,1,0,0000000,88,88,88,88,88,88,0,0,0,1,0,3677
240103_2016,24,240103,1,1,0,0,0,1,1,1,0,16,4,2016,7,18,37,1,NULL,1,I-68,NULL,328,39.6684,-78.43277778,0,24,0,0,1,1,0,3,1,1,0,1,0,0000000,99,99,99,99,88,88,0,0,0,1,1,3678
240104_2016,24,240104,1,1,0,1,1,1,1,33,0,24,4,2016,1,21,21,0,NULL,3,SR-201,CR-5409,44,38.96725556,-76.91805556,0,8,0,0,2,2,0,1,3,1,0,1,0,0000000,99,99,99,99,99,99,0,0,0,1,0,3679
240105_2016,24,240105,1,1,0,0,0,2,2,33,0,16,4,2016,7,1,57,0,NULL,4,CR-81,NULL,20,38.83944444,-76.91388889,0,30,0,0,1,1,0,4,3,1,0,1,0,0000000,99,99,99,99,99,99,0,0,0,1,0,3680
240106_2016,24,240106,1,1,0,0,0,1,1,3,0,4,1,2016,2,7,25,0,NULL,3,SR-261,NULL,37,38.72593333,-76.56773611,0,1,0,0,1,1,0,4,4,1,0,1,0,0000000,99,99,99,99,88,88,0,0,0,1,0,3681
240107_2016,24,240107,1,1,0,1,1,2,2,27,0,10,2,2016,4,19,47,1,NULL,2,US-1,NULL,11,39.11586667,-76.83190278,0,8,0,0,1,1,0,1,2,1,0,1,0,0000000,99,99,99,99,99,99,0,0,0,1,0,3682
240108_2016,24,240108,2,2,0,0,0,2,2,13,0,11,5,2016,4,14,7,0,NULL,3,SR-140,CR-466,50,39.53923333,-76.93100556,0,12,6,0,2,2,0,1,1,10,0,10,0,0000000,99,99,99,99,99,99,0,0,0,1,0,3683
240109_2016,24,240109,1,1,0,0,0,2,2,31,0,14,2,2016,1,15,0,0,NULL,4,CR-780,NULL,43,39.06468056,-77.26660556,0,30,0,0,1,1,0,4,1,10,0,10,0,0000000,99,99,99,99,99,99,0,0,0,1,0,3684
240110_2016,24,240110,2,2,0,0,0,2,2,31,0,29,2,2016,2,15,4,0,NULL,3,SR-107,CR-269,46,39.1283,-77.34649722,0,12,6,0,2,2,0,1,1,99,0,99,0,0000000,99,99,99,99,99,99,0,0,0,1,1,3685
240111_2016,24,240111,1,1,0,1,1,1,1,43,0,18,2,2016,5,18,27,0,NULL,3,SR-63,NULL,127,39.66343333,-77.79741389,0,8,0,0,1,1,0,1,2,1,0,1,0,0000000,99,99,99,99,99,99,0,0,0,1,0,3686
240112_2016,24,240112,1,1,0,0,0,1,1,21,0,29,2,2016,2,22,46,0,NULL,3,SR-80,NULL,34,39.32885556,-77.38128333,0,1,0,0,1,1,0,1,2,1,0,1,0,0000000,99,99,99,99,88,88,0,0,0,1,0,3687
240113_2016,24,240113,2,2,0,0,0,2,2,37,0,29,2,2016,2,7,59,0,NULL,3,SR-4,CR-675,54,38.29586667,-76.52818333,0,12,2,0,2,3,0,1,4,1,0,1,0,0000000,99,99,99,99,99,99,0,0,0,1,0,3688
240114_2016,24,240114,1,1,0,1,1,1,1,510,0,30,1,2016,7,6,0,0,NULL,6,MU-1022,NULL,22,39.35472222,-76.68004167,0,8,0,0,1,1,0,1,3,1,0,1,0,0000000,99,99,99,99,99,99,0,0,0,1,0,3689
240115_2016,24,240115,1,1,0,0,0,1,1,21,0,19,2,2016,6,2,15,0,NULL,4,CR-123,NULL,0,39.53055556,-77.54286389,0,31,0,0,1,1,0,4,2,99,0,99,0,0000000,99,99,99,99,88,88,0,0,0,1,1,3690
240116_2016,24,240116,1,1,0,1,1,1,1,33,0,8,1,2016,6,6,6,0,NULL,3,SR-197,OP-852,145,39.0934,-76.843375,0,8,0,0,3,2,0,1,3,2,0,2,0,0000000,99,99,99,99,99,99,0,0,0,1,0,3691
240117_2016,24,240117,1,1,0,0,0,3,3,1,0,30,4,2016,7,1,54,0,NULL,4,CR-353,NULL,4,39.65325,-78.81531944,0,42,0,0,1,1,0,4,2,1,0,1,0,0000000,99,99,99,99,88,88,0,0,0,3,1,3692
240118_2016,24,240118,1,1,0,0,0,1,1,21,0,16,5,2016,2,11,58,0,NULL,3,SR-550,NULL,97,39.58083333,-77.36611111,0,42,0,0,1,1,0,4,1,1,0,1,0,0000000,99,99,99,99,99,99,0,0,0,1,0,3693
240119_2016,24,240119,1,1,0,1,1,1,1,510,50,11,5,2016,4,21,30,0,NULL,6,"LIGHT STREET",NULL,0,39.28833611,-76.61366389,0,8,0,0,1,1,0,1,3,2,0,2,0,0000000,99,99,99,99,99,99,0,0,0,1,0,3694
240120_2016,24,240120,2,2,0,0,0,2,2,27,0,5,5,2016,5,10,32,0,NULL,3,SR-97,NULL,87,39.35003333,-77.01694444,0,12,6,0,1,1,0,1,1,10,0,10,0,0000000,99,99,99,99,99,99,0,0,0,1,1,3695
240121_2016,24,240121,2,2,0,0,0,2,2,43,0,20,5,2016,6,12,55,0,NULL,2,US-40AL,NULL,54,39.57145556,-77.68935833,0,12,2,0,1,1,0,1,1,1,0,1,0,0000000,99,99,99,99,88,88,0,0,0,1,0,3696
240122_2016,24,240122,1,1,0,0,0,2,2,33,0,22,5,2016,1,23,8,1,NULL,1,I-595,NULL,21,38.94704444,-76.82893056,0,25,0,0,1,1,0,3,3,99,0,99,0,0000000,99,99,99,99,99,99,0,0,0,1,0,3697
240123_2016,24,240123,1,1,0,0,0,3,3,45,0,13,5,2016,6,0,25,1,NULL,2,US-50,NULL,292,38.38597778,-75.34865278,0,42,0,0,1,1,0,3,3,99,0,99,0,0000000,99,99,99,99,99,99,0,0,0,1,1,3698
240124_2016,24,240124,1,1,0,0,0,2,2,43,0,9,1,2016,7,22,35,1,NULL,2,US-11,NULL,78,39.65062222,-77.72273611,0,30,0,0,1,1,0,4,6,2,0,2,0,0000000,99,99,99,99,99,99,0,0,0,1,0,3699
240125_2016,24,240125,1,1,0,1,1,1,1,27,0,24,2,2016,4,6,20,1,NULL,2,US-1,NULL,12,39.11895556,-76.82893056,0,8,0,0,1,1,0,1,2,2,0,2,0,0000000,99,99,99,99,99,99,0,0,0,1,0,3700
240126_2016,24,240126,2,1,1,2,2,1,1,47,0,22,2,2016,2,13,20,0,NULL,4,CR-84,NULL,25,38.03312222,-75.39579167,0,8,0,0,1,1,4,2,1,1,0,1,0,0000000,99,99,99,99,99,99,0,0,0,1,0,3701
240127_2016,24,240127,1,1,0,1,1,3,3,510,50,18,2,2016,5,23,34,9,NULL,8,"E. NORTH AVE",NULL,0,39.31228889,-76.58777778,0,8,0,0,1,1,0,1,3,1,0,1,0,0000000,99,99,99,99,99,99,0,0,0,1,0,3702
240128_2016,24,240128,2,1,1,0,0,1,1,1,0,27,5,2016,6,21,57,0,NULL,3,SR-935,NULL,25,39.54944444,-79.00106944,0,14,0,0,1,1,0,6,2,1,0,1,0,0000000,99,99,99,99,99,99,0,0,0,1,1,3703
240129_2016,24,240129,1,1,0,1,1,1,1,31,0,30,4,2016,7,23,2,0,NULL,4,CR-3185,"CALHOUN DR",20,39.10586667,-77.14472222,0,15,0,0,2,2,0,1,2,2,0,2,0,0000000,99,99,99,99,99,99,0,0,0,1,0,3704
240130_2016,24,240130,1,1,0,0,0,2,2,27,0,17,5,2016,3,9,43,0,NULL,3,SR-100,NULL,16,39.23027778,-76.81222222,0,24,0,0,1,1,0,3,1,2,0,2,0,0000000,99,99,99,99,99,99,0,0,0,1,0,3705
240131_2016,24,240131,2,2,0,0,0,3,3,47,0,19,5,2016,5,12,8,0,NULL,3,SR-528,MU-9160,67,38.35705278,-75.07504167,0,12,6,0,2,2,0,1,1,1,0,1,0,0000000,99,99,99,99,88,88,20,0,0,1,0,3706
240132_2016,24,240132,1,1,0,0,0,1,1,31,0,27,5,2016,6,15,38,0,NULL,3,SR-28,NULL,37,39.18746667,-77.42008611,0,18,0,0,1,1,0,4,1,1,0,1,0,0000000,99,99,99,99,88,88,0,0,0,1,0,3707
240133_2016,24,240133,1,1,0,1,1,2,2,33,0,4,5,2016,4,21,48,0,NULL,3,SR-410,CR-680,13,38.96888889,-76.97278333,0,8,0,0,2,2,0,1,3,8,0,8,0,0000000,99,99,99,99,99,99,0,0,0,1,0,3708
240134_2016,24,240134,2,2,0,0,0,2,2,15,0,12,5,2016,5,9,34,0,NULL,3,SR-213,NULL,116,39.5124,-75.82670833,0,12,6,0,8,1,0,1,1,10,0,10,0,0000000,99,99,99,99,88,88,0,0,0,1,0,3709
240135_2016,24,240135,1,1,0,0,0,1,1,3,0,26,5,2016,5,13,30,0,NULL,3,SR-3,NULL,53,39.05433889,-76.65942222,0,33,0,0,1,1,0,3,1,1,0,1,0,0000000,99,99,99,99,88,88,0,0,0,1,1,3710
240136_2016,24,240136,2,2,0,0,0,2,2,5,0,21,4,2016,5,22,13,0,NULL,3,SR-25,NULL,113,39.51944444,-76.71916667,0,12,2,0,1,1,0,1,2,1,0,1,0,0000000,99,99,99,99,99,99,0,0,0,1,2,3711
240137_2016,24,240137,2,1,1,0,0,3,3,5,0,23,4,2016,7,13,0,0,NULL,4,CR-293,NULL,19,39.48537778,-76.461625,0,31,0,0,1,1,0,4,1,99,0,99,0,0000000,99,99,99,99,99,99,14,0,0,1,0,3712
240138_2016,24,240138,3,3,0,0,0,3,3,15,0,28,2,2016,1,8,31,1,NULL,1,I-95,NULL,50,39.60833333,-76.01621667,0,12,2,0,1,1,0,1,1,1,0,1,0,0000000,99,99,99,99,88,88,0,0,0,2,0,3713
240139_2016,24,240139,1,1,0,1,1,2,2,31,0,2,6,2016,5,14,34,0,NULL,3,SR-355,NULL,142,39.13923333,-77.19619722,0,9,0,0,1,1,0,1,1,1,0,1,0,0000000,99,99,99,99,88,88,16,0,0,1,0,3714
240140_2016,24,240140,2,2,0,0,0,9,9,33,0,12,5,2016,5,20,21,1,NULL,2,US-301,NULL,12,38.68003333,-76.87444444,0,12,6,0,1,1,0,1,3,10,0,10,0,0000000,99,99,99,99,99,99,0,0,0,1,0,3715
240141_2016,24,240141,1,1,0,0,0,3,3,31,0,7,6,2016,3,23,34,0,NULL,4,CR-14,NULL,20,39.27104444,-77.25052222,0,42,0,0,1,1,0,4,2,1,0,1,0,0000000,99,99,99,99,99,99,0,0,0,3,0,3716
240142_2016,24,240142,1,1,0,1,1,1,1,43,0,9,6,2016,5,21,38,1,NULL,2,US-40,NULL,376,39.626275,-77.69836944,0,9,0,0,1,1,0,1,6,1,0,1,0,0000000,99,99,99,99,88,88,0,0,0,1,0,3717
240143_2016,24,240143,1,1,0,0,0,1,1,1,0,23,5,2016,2,13,50,0,NULL,3,SR-36,CR-66,93,39.57919444,-78.96574722,0,1,0,0,2,3,0,1,1,10,0,10,0,0000000,99,99,99,99,99,99,0,0,0,1,0,3718
240144_2016,24,240144,1,1,0,0,0,1,1,17,0,11,6,2016,7,22,13,0,NULL,3,SR-227,NULL,53,38.61621944,-77.07370833,0,38,0,0,1,1,0,4,2,1,0,1,0,0000000,99,99,99,99,99,99,0,0,0,1,0,3719
240145_2016,24,240145,1,1,0,0,0,3,3,15,0,12,6,2016,1,1,33,0,NULL,3,SR-286,NULL,18,39.52122222,-75.78361111,0,42,0,0,1,1,0,4,3,1,0,1,0,0000000,99,99,99,99,99,99,0,0,0,1,1,3720
240146_2016,24,240146,2,2,0,0,0,3,3,3,0,12,6,2016,1,20,24,0,NULL,4,CR-2624,CR-6464,33,39.00974722,-76.63321944,0,12,7,0,2,3,0,1,5,1,0,1,0,0000000,99,99,99,99,99,99,0,0,0,1,1,3721
240147_2016,24,240147,3,3,0,1,1,11,11,5,0,15,3,2016,3,20,23,0,NULL,3,SR-26,"SUN MAR CT",92,39.34446389,-76.73195,0,8,0,0,3,2,0,1,3,1,0,1,0,0000000,99,99,99,99,99,99,0,0,0,1,0,3722
240148_2016,24,240148,4,4,0,0,0,7,7,33,0,16,5,2016,2,19,37,0,NULL,4,CR-558,NULL,8,38.78312222,-76.88046944,0,12,2,0,1,1,0,1,5,1,0,1,0,0000000,99,99,99,99,99,99,0,0,0,1,0,3723
240149_2016,24,240149,2,2,0,0,0,9,9,25,0,30,5,2016,2,2,21,0,NULL,3,SR-155,RP-95,67,39.57274167,-76.14074167,0,12,6,0,2,3,0,1,3,10,0,10,0,0000000,99,99,99,99,99,99,0,0,0,1,0,3724
240150_2016,24,240150,1,1,0,0,0,1,1,510,50,16,4,2016,7,13,15,0,NULL,6,MU-1370,NULL,30,39.30002778,-76.55417778,0,43,0,0,1,1,0,4,1,1,0,1,0,0000000,99,99,99,99,99,99,0,0,0,1,0,3725
240151_2016,24,240151,1,1,0,0,0,1,1,15,0,17,5,2016,3,18,22,0,NULL,4,CR-269,NULL,4,39.57200556,-75.78300556,0,30,0,0,1,1,0,4,1,10,0,10,0,0000000,99,99,99,99,88,88,0,0,0,1,1,3726
240152_2016,24,240152,2,2,0,1,1,3,3,27,0,14,6,2016,3,22,53,1,NULL,1,I-70,NULL,184,39.18457778,-76.79832222,0,8,0,0,1,1,0,1,2,1,0,1,0,0000000,99,99,99,99,88,88,0,0,0,1,0,3727
240153_2016,24,240153,2,1,1,0,1,1,2,17,0,4,3,2016,6,9,46,0,NULL,3,SR-225,NULL,46,38.55120833,-77.08726111,0,14,0,0,1,1,0,5,1,10,0,10,0,0000000,99,99,99,99,99,99,0,0,0,1,0,3728
240154_2016,24,240154,2,2,0,0,0,5,5,15,0,14,5,2016,7,19,30,0,NULL,4,CR-248,NULL,17,39.58601389,-75.86151389,0,12,2,0,1,1,0,1,1,1,0,1,0,0000000,99,99,99,99,99,99,0,0,0,1,1,3729
240155_2016,24,240155,2,2,0,0,0,1,1,33,0,7,6,2016,3,23,9,1,NULL,2,US-301,CR-3853,4,38.66441111,-76.87507222,0,12,1,0,2,2,0,1,3,1,0,1,0,0000000,99,99,99,99,99,99,23,0,0,1,0,3730
240156_2016,24,240156,1,1,0,0,0,4,4,3,0,17,6,2016,6,22,39,0,NULL,4,CR-2747,NULL,5,38.93433056,-76.59879167,0,42,0,0,1,1,0,4,2,1,0,1,0,0000000,99,99,99,99,99,99,0,0,0,1,1,3731
240157_2016,24,240157,1,1,0,0,0,3,3,17,0,25,3,2016,6,17,50,0,NULL,4,CR-69,NULL,47,38.59305556,-76.75203056,0,42,0,0,1,1,0,4,1,1,0,1,0,0000000,99,99,99,99,99,99,0,0,0,1,0,3732
240158_2016,24,240158,2,2,0,0,0,2,2,510,0,2,3,2016,4,14,48,0,NULL,6,MU-1022,NULL,9,39.34478889,-76.70143056,0,12,6,0,8,1,0,1,1,1,0,1,0,0000000,99,99,99,99,99,99,0,0,0,1,0,3733
240159_2016,24,240159,1,1,0,0,0,1,1,45,0,24,3,2016,5,6,2,0,NULL,3,SR-349,NULL,151,38.35614444,-75.74818333,0,34,0,0,1,1,0,4,2,99,0,99,0,0000000,99,99,99,99,99,99,0,0,0,1,1,3734
240160_2016,24,240160,1,1,0,1,1,1,1,3,0,21,3,2016,2,10,40,0,NULL,3,SR-2,CR-415,411,39.230175,-76.61308611,0,8,0,0,2,3,0,1,1,1,0,1,0,0000000,99,99,99,99,99,99,0,0,0,1,0,3735
240161_2016,24,240161,2,1,1,0,0,1,1,33,0,4,4,2016,2,22,38,0,NULL,3,SR-382,NULL,23,38.63555556,-76.71991389,0,14,0,0,1,1,0,1,2,10,0,10,0,0000000,99,99,99,99,99,99,0,0,0,1,1,3736
240162_2016,24,240162,2,1,1,1,1,1,1,5,0,16,4,2016,7,19,45,1,NULL,1,I-70,NULL,47,39.30173333,-76.71416667,0,14,0,0,1,1,0,2,2,1,0,1,0,0000000,99,99,99,99,99,99,23,0,0,1,0,3737
240163_2016,24,240163,1,1,0,0,0,1,1,3,0,16,4,2016,7,13,25,0,NULL,4,CR-1975,NULL,6,39.09666667,-76.48267222,0,42,0,0,1,1,0,4,1,99,0,99,0,0000000,99,99,99,99,99,99,0,0,0,1,0,3738
240164_2016,24,240164,1,1,0,0,0,1,1,3,0,11,4,2016,2,11,55,1,NULL,2,US-50,NULL,106,38.96228889,-76.64444444,0,42,0,0,1,1,0,4,1,1,0,1,0,0000000,99,99,99,99,99,99,0,0,0,1,0,3739
240165_2016,24,240165,1,1,0,0,0,1,1,47,0,21,4,2016,5,21,10,1,NULL,2,US-50,NULL,50,38.35552222,-75.24480833,0,31,0,0,1,1,0,4,3,1,0,1,0,0000000,99,99,99,99,99,99,0,0,0,1,1,3740
240166_2016,24,240166,2,2,0,0,0,2,2,33,0,22,4,2016,6,1,54,1,NULL,1,I-95,NULL,57,38.81614444,-76.94765,0,12,6,0,1,1,0,1,2,1,0,1,0,0000000,99,99,99,99,88,88,0,0,0,1,1,3741
240167_2016,24,240167,1,1,0,0,0,1,1,5,0,3,4,2016,1,19,15,0,NULL,4,CR-2933,NULL,10,39.27585,-76.78528889,0,24,0,0,1,1,0,4,1,1,0,1,0,0000000,99,99,99,99,88,88,0,0,0,1,1,3742
240168_2016,24,240168,1,1,0,0,0,1,1,43,0,9,5,2016,2,9,11,1,NULL,1,I-70,NULL,214,39.65055556,-77.86444444,0,42,0,0,1,1,0,3,1,10,0,10,0,0000000,99,99,99,99,99,99,0,0,0,1,0,3743
240169_2016,24,240169,2,2,0,0,0,2,2,31,0,19,5,2016,5,2,39,1,NULL,1,I-270,NULL,184,39.2417,-77.29333333,0,12,1,0,1,1,0,1,2,1,0,1,0,0000000,99,99,99,99,99,99,23,0,0,1,0,3744
240170_2016,24,240170,1,1,0,1,1,1,1,47,0,3,5,2016,3,1,11,0,NULL,3,SR-528,"94TH STREET",30,38.40910833,-75.05858889,0,8,0,0,3,2,0,1,3,2,0,2,0,0000000,99,99,99,99,99,99,0,0,0,1,0,3745
240171_2016,24,240171,1,1,0,0,0,4,4,510,50,16,3,2016,4,23,15,0,NULL,3,SR-140,MU-2131,7,39.31864444,-76.65277778,0,30,0,0,3,2,0,4,3,1,0,1,0,0000000,99,99,99,99,99,99,0,0,0,2,0,3746
240172_2016,24,240172,1,1,0,0,0,4,4,35,0,29,5,2016,1,0,27,0,NULL,3,SR-18A,NULL,33,38.98531667,-76.31451111,0,5,0,0,1,1,0,1,2,1,0,1,0,0000000,99,99,99,99,99,99,0,0,0,1,0,3747
240173_2016,24,240173,3,3,0,0,0,3,3,33,0,2,6,2016,5,22,56,1,NULL,2,US-50,NULL,5,38.91781111,-76.9275,0,24,0,0,1,1,0,3,2,1,0,1,0,0000000,99,99,99,99,99,99,0,0,0,1,1,3748
240174_2016,24,240174,2,2,0,0,0,4,4,11,0,1,6,2016,4,11,43,0,NULL,3,SR-314,NULL,31,38.95898889,-75.75241389,0,12,6,0,1,1,0,1,1,1,0,1,0,0000000,99,99,99,99,88,88,0,0,0,3,0,3749
240175_2016,24,240175,1,1,0,1,1,3,3,3,0,6,6,2016,2,7,23,0,NULL,4,CR-634,OP-204,3,39.16583333,-76.62940278,0,9,0,0,2,3,0,1,1,1,0,1,0,0000000,99,99,99,99,88,88,0,0,0,1,0,3750
240176_2016,24,240176,3,2,1,0,0,2,2,3,0,31,5,2016,3,22,2,0,NULL,3,SR-198,NULL,22,39.09541111,-76.794125,0,12,6,0,1,1,0,1,3,1,0,1,0,0000000,99,99,99,99,99,99,14,0,0,2,0,3751
240177_2016,24,240177,3,3,0,0,0,4,4,25,0,11,6,2016,7,13,1,1,NULL,2,US-1,NULL,99,39.59446111,-76.32223611,0,12,1,0,1,1,0,1,1,1,0,1,0,0000000,99,99,99,99,88,88,0,0,0,1,0,3752
240178_2016,24,240178,1,1,0,0,0,1,1,17,0,3,6,2016,6,19,14,0,NULL,4,CR-1121,NULL,37,38.46062778,-76.87758333,0,42,0,0,1,1,0,4,2,10,0,10,0,0000000,99,99,99,99,88,88,0,0,0,1,1,3753
240179_2016,24,240179,1,1,0,2,2,1,1,33,0,19,6,2016,1,22,37,0,NULL,3,SR-704,NULL,22,38.91597222,-76.88366667,0,8,0,0,1,1,0,1,6,1,0,1,0,0000000,99,99,99,99,99,99,0,0,0,1,0,3754
240180_2016,24,240180,2,2,0,0,0,5,5,21,0,23,6,2016,5,13,23,1,NULL,2,US-15,CR-585,301,39.64065,-77.40169722,0,12,6,0,2,2,0,1,1,1,0,1,0,0000000,99,99,99,99,99,99,0,0,0,1,0,3755