st_case_year,STATE,ST_CASE,VE_TOTAL,VE_FORMS,PVH_INVL,PEDS,PERNOTMVIT,PERMVIT,PERSONS,COUNTY,CITY,DAY,MONTH,YEAR,DAY_WEEK,HOUR,MINUTE,NHS,ROAD_FNC,ROUTE,TWAY_ID,TWAY_ID2,MILEPT,LATITUDE,LONGITUD,SP_JUR,HARM_EV,MAN_COLL,RELJCT1,RELJCT2,TYP_INT,WRK_ZONE,REL_ROAD,LGT_COND,WEATHER1,WEATHER2,WEATHER,SCH_BUS,RAIL,NOT_HOUR,NOT_MIN,ARR_HOUR,ARR_MIN,HOSP_HR,HOSP_MN,CF1,CF2,CF3,FATALS,DRUNK_DR,idno
240181_2016,24,240181,3,3,0,0,0,4,4,25,0,14,3,2016,2,21,11,1,NULL,2,US-1,NULL,9,39.48923333,-76.39705278,0,12,2,0,1,1,0,1,3,2,0,2,0,0000000,99,99,99,99,99,99,0,0,0,1,0,3756
240182_2016,24,240182,3,3,0,0,0,4,4,13,0,17,6,2016,6,13,13,0,NULL,4,CR-1042,CR-1423,2,39.40797222,-76.94795,0,12,6,0,2,2,0,1,1,1,0,1,0,0000000,99,99,99,99,99,99,0,0,0,1,0,3757
240183_2016,24,240183,1,1,0,0,0,1,1,47,0,9,6,2016,5,3,3,0,NULL,3,SR-12,NULL,49,38.08381667,-75.39833333,0,42,0,0,1,1,0,4,2,1,0,1,0,0000000,99,99,99,99,88,88,0,0,0,1,1,3758
240184_2016,24,240184,1,1,0,0,0,1,1,25,0,27,6,2016,2,3,56,0,NULL,4,CR-160,NULL,0,39.63474167,-76.33378056,0,42,0,0,1,1,0,4,2,1,0,1,0,0000000,99,99,99,99,88,88,0,0,0,1,1,3759
240185_2016,24,240185,2,2,0,0,0,2,2,43,0,23,6,2016,5,4,30,0,NULL,4,CR-667,NULL,9,39.59808333,-77.80386667,0,12,6,0,1,1,0,1,3,10,0,10,0,0000000,99,99,99,99,99,99,0,0,0,1,0,3760
240186_2016,24,240186,3,3,0,0,0,3,3,13,0,27,4,2016,4,15,32,0,NULL,3,SR-31,NULL,94,39.58152222,-77.00968889,0,12,6,0,1,1,0,1,1,5,0,5,0,0000000,99,99,99,99,99,99,0,0,0,1,0,3761
240187_2016,24,240187,2,2,0,0,0,5,5,37,0,30,5,2016,2,14,22,0,NULL,4,CR-29,NULL,53,38.43716111,-76.74599444,0,12,2,0,1,1,0,1,1,10,0,10,0,0000000,99,99,99,99,99,99,0,0,0,1,0,3762
240189_2016,24,240189,1,1,0,0,0,1,1,5,0,13,2,2016,7,5,36,0,NULL,3,SR-26,NULL,65,39.36093333,-76.77698611,0,33,0,0,1,1,0,4,3,99,0,99,0,0000000,99,99,99,99,99,99,0,0,0,1,0,3763
240190_2016,24,240190,2,2,0,0,0,2,2,25,0,29,5,2016,1,9,44,0,NULL,3,SR-22,SR-543,21,39.54675278,-76.31333611,0,12,2,0,2,2,0,1,1,1,0,1,0,0000000,99,99,99,99,99,99,0,0,0,1,0,3764
240191_2016,24,240191,1,1,0,0,0,1,1,23,0,6,7,2016,4,13,31,0,NULL,4,CR-277,NULL,60,39.65893889,-79.36917778,0,1,0,0,1,1,0,4,1,1,0,1,0,0000000,99,99,99,99,99,99,0,0,0,1,1,3765
240192_2016,24,240192,1,1,0,0,0,1,1,15,0,11,6,2016,7,5,6,0,NULL,4,CR-40,NULL,34,39.66123056,-76.10346389,0,35,0,0,1,1,0,4,2,1,0,1,0,0000000,99,99,99,99,88,88,0,0,0,1,1,3766
240193_2016,24,240193,1,1,0,0,0,2,2,21,0,13,6,2016,2,15,22,1,NULL,1,I-70,NULL,240,39.38191389,-77.26257778,0,1,0,0,1,1,0,1,1,1,0,1,0,0000000,99,99,99,99,99,99,0,0,0,1,0,3767
240194_2016,24,240194,3,3,0,0,0,3,3,31,0,18,6,2016,7,1,45,1,NULL,1,I-495,NULL,11,38.98156944,-77.1726,0,12,6,0,1,1,0,1,2,1,0,1,0,0000000,99,99,99,99,99,99,14,0,0,1,0,3768
240195_2016,24,240195,7,7,0,0,0,10,10,3,0,16,6,2016,5,13,53,0,NULL,3,SR-2,CR-4505,333,39.12595556,-76.58970556,0,12,1,0,2,2,0,1,1,1,0,1,0,0000000,99,99,99,99,99,99,0,0,0,1,0,3769
240196_2016,24,240196,1,1,0,0,0,1,1,31,0,17,6,2016,6,6,55,0,NULL,4,CR-1659,NULL,59,39.07016389,-77.01306667,0,1,0,0,1,1,0,4,1,99,0,99,0,0000000,99,99,99,99,88,88,0,0,0,1,0,3770
240197_2016,24,240197,1,1,0,0,0,2,2,27,0,5,6,2016,1,4,51,0,NULL,4,CR-157,NULL,22,39.21976111,-76.754325,0,30,0,0,1,1,0,4,2,10,0,10,0,0000000,99,99,99,99,99,99,0,0,0,1,0,3771
240198_2016,24,240198,3,3,0,0,0,8,8,510,50,6,7,2016,4,12,11,1,NULL,1,I-95,NULL,67,39.26709167,-76.561275,0,12,1,0,1,1,0,1,1,1,0,1,0,0000000,99,99,99,99,99,99,26,0,0,1,0,3772
240199_2016,24,240199,2,2,0,0,0,3,3,9,0,11,7,2016,2,15,18,0,NULL,3,SR-497,CR-75,13,38.38405556,-76.41341111,0,12,2,0,2,3,0,1,1,99,0,99,0,0000000,99,99,99,99,99,99,0,0,0,1,0,3773
240200_2016,24,240200,1,1,0,1,1,1,1,5,0,10,1,2016,1,19,30,0,NULL,3,SR-151,NULL,41,39.27433889,-76.47345556,0,8,0,0,1,1,0,1,2,10,0,10,0,0000000,99,99,99,99,88,88,0,0,0,1,0,3774
240201_2016,24,240201,2,2,0,0,0,3,3,5,0,24,5,2016,3,15,8,0,NULL,4,CR-8007,NULL,11,39.28250278,-76.49411667,0,12,6,0,1,1,0,1,1,1,0,1,0,0000000,99,99,99,99,88,88,0,0,0,1,0,3775
240202_2016,24,240202,2,2,0,0,0,2,2,27,0,9,6,2016,5,17,20,0,NULL,4,CR-70,NULL,45,39.33215556,-76.90251667,0,12,2,0,1,1,0,1,1,1,0,1,0,0000000,99,99,99,99,99,99,0,0,0,1,0,3776
240203_2016,24,240203,1,1,0,1,1,2,2,45,0,29,6,2016,4,19,52,0,NULL,3,SR-350,NULL,68,38.33812222,-75.44970833,0,9,0,0,1,1,0,1,1,99,0,99,0,0000000,99,99,99,99,99,99,0,0,0,1,0,3777
240204_2016,24,240204,2,2,0,0,0,2,2,25,0,13,7,2016,4,16,14,0,NULL,3,SR-152,NULL,76,39.490475,-76.39303056,0,12,2,0,1,1,0,1,1,2,0,2,0,0000000,99,99,99,99,99,99,0,0,0,1,0,3778
240205_2016,24,240205,1,1,0,0,0,1,1,23,0,12,7,2016,3,5,24,1,NULL,1,I-68,NULL,169,39.68858611,-79.19012222,0,34,0,0,1,1,0,4,4,1,0,1,0,0000000,99,99,99,99,88,88,0,0,0,1,0,3779
240206_2016,24,240206,2,2,0,0,0,2,2,15,0,8,7,2016,6,4,40,1,NULL,1,I-95,NULL,60,39.61699444,-75.99754167,0,12,1,0,1,1,0,1,3,1,0,1,0,0000000,99,99,99,99,88,88,0,0,0,1,0,3780
240207_2016,24,240207,1,1,0,1,1,1,1,33,0,24,6,2016,6,12,30,0,NULL,3,SR-193,CR-3574,175,38.89783611,-76.79043611,0,8,0,0,2,2,0,1,1,1,0,1,0,0000000,99,99,99,99,99,99,0,0,0,1,0,3781
240208_2016,24,240208,1,1,0,0,0,1,1,43,0,14,7,2016,5,19,5,0,NULL,3,SR-77,NULL,21,39.64400556,-77.55078889,0,59,0,0,1,1,0,4,1,1,0,1,0,0000000,99,99,99,99,88,88,0,0,0,1,0,3782
240209_2016,24,240209,2,2,0,0,0,2,2,31,0,6,7,2016,4,4,54,0,NULL,4,CR-319,NULL,21,39.02182778,-77.08486389,0,12,2,0,1,1,0,1,3,99,0,99,0,0000000,99,99,99,99,99,99,0,0,0,1,0,3783
240210_2016,24,240210,1,1,0,1,1,1,1,3,0,15,7,2016,6,22,59,0,NULL,3,SR-170,NULL,106,39.21422222,-76.64400833,0,8,0,0,1,1,0,1,3,1,0,1,0,0000000,99,99,99,99,99,99,0,0,0,1,0,3784
240211_2016,24,240211,1,1,0,1,1,1,1,27,0,19,4,2016,3,4,47,0,NULL,3,SR-175,NULL,13,39.17003333,-76.783975,0,8,0,0,1,1,0,1,2,1,0,1,0,0000000,99,99,99,99,99,99,0,0,0,1,0,3785
240212_2016,24,240212,1,1,0,0,0,1,1,510,50,13,6,2016,2,15,19,0,NULL,3,SR-151,NULL,11,39.30010278,-76.54868611,0,33,0,0,1,1,0,4,1,1,0,1,0,0000000,99,99,99,99,99,99,0,0,0,1,0,3786
240213_2016,24,240213,1,1,0,0,0,2,2,27,0,17,7,2016,1,6,11,1,NULL,1,I-70,NULL,186,39.30023889,-76.80173333,0,42,0,0,1,1,4,4,4,1,0,1,0,0000000,99,99,99,99,99,99,3,0,0,1,0,3787
240215_2016,24,240215,3,3,0,0,0,6,6,9,0,5,7,2016,3,14,47,0,NULL,3,SR-260,CR-619,5,38.75593056,-76.64853889,0,12,1,0,2,3,0,1,1,1,0,1,0,0000000,99,99,99,99,99,99,0,0,0,1,0,3788
240216_2016,24,240216,1,1,0,0,0,1,1,5,0,20,6,2016,2,3,9,1,NULL,1,I-95,NULL,18,39.24096389,-76.69513333,0,31,0,0,1,1,0,3,9,1,0,1,0,0000000,99,99,99,99,88,88,0,0,0,1,1,3789
240217_2016,24,240217,2,1,1,0,0,1,1,3,0,21,7,2016,5,23,0,0,NULL,3,SR-3,NULL,25,39.02356389,-76.69270278,0,14,0,0,1,1,0,2,2,1,0,1,0,0000000,99,99,99,99,88,88,0,0,0,1,0,3790
240218_2016,24,240218,1,1,0,0,0,2,2,15,0,29,7,2016,6,13,14,1,NULL,2,US-1,CR-8,30,39.68932778,-76.13338056,0,1,0,0,2,2,0,1,1,1,0,1,0,0000000,99,99,99,99,99,99,0,0,0,1,0,3791
240219_2016,24,240219,2,2,0,0,0,2,2,9,0,22,7,2016,6,16,1,0,NULL,3,SR-402,NULL,16,38.55301389,-76.56316389,0,12,2,0,1,1,0,1,1,1,0,1,0,0000000,99,99,99,99,99,99,0,0,0,1,0,3792
240220_2016,24,240220,2,2,0,0,0,2,2,3,0,27,7,2016,4,21,52,0,NULL,3,SR-648E,CR-223,56,39.19463333,-76.64181111,0,12,6,0,2,3,0,1,3,1,0,1,0,0000000,99,99,99,99,88,88,0,0,0,1,1,3793
240221_2016,24,240221,2,2,0,0,0,4,4,33,0,24,7,2016,1,1,10,1,NULL,1,I-95,NULL,91,38.82076111,-76.89185833,0,12,7,0,1,1,0,1,2,1,0,1,0,0000000,99,99,99,99,99,99,0,0,0,1,0,3794
240222_2016,24,240222,2,2,0,0,0,2,2,17,0,30,7,2016,7,11,36,0,NULL,2,US-301,CR-58,240,38.63416389,-76.90260556,0,12,6,0,3,3,0,1,1,10,0,10,0,0000000,99,99,99,99,88,88,0,0,0,1,0,3795
240223_2016,24,240223,2,2,0,0,0,2,2,9,0,28,7,2016,5,10,57,0,NULL,3,SR-22,NULL,305,38.70385556,-76.64727222,0,12,6,0,7,1,0,1,1,1,0,1,0,0000000,99,99,99,99,88,88,0,0,0,1,0,3796
240224_2016,24,240224,1,1,0,1,1,1,1,33,0,17,7,2016,1,2,6,0,NULL,3,SR-193,NULL,9,38.98371667,-76.97831944,0,8,0,0,1,1,0,1,3,1,0,1,0,0000000,99,99,99,99,88,88,0,0,0,1,0,3797
240225_2016,24,240225,2,2,0,0,0,2,2,47,0,31,7,2016,1,8,6,1,NULL,2,US-50,SR-589,96,38.34651389,-75.16823056,0,12,6,0,3,3,0,1,1,1,0,1,0,0000000,99,99,99,99,88,88,0,0,0,1,0,3798
240226_2016,24,240226,1,1,0,1,1,1,1,13,0,29,7,2016,6,21,5,0,NULL,3,SR-140,NULL,87,39.57223611,-76.98361111,0,8,0,0,1,1,0,1,2,1,0,1,0,0000000,99,99,99,99,99,99,0,0,0,1,0,3799
240227_2016,24,240227,2,2,0,0,0,3,3,19,0,29,7,2016,6,15,4,0,NULL,2,US-50,CR-539,85,38.54042778,-75.94531944,0,12,6,0,2,2,0,1,1,1,0,1,0,0000000,99,99,99,99,99,99,0,0,0,1,0,3800
240228_2016,24,240228,1,1,0,0,0,1,1,21,0,31,7,2016,1,8,44,0,NULL,4,CR-308,NULL,18,39.33435,-77.46726111,0,42,0,0,1,1,0,4,1,10,0,10,0,0000000,99,99,99,99,99,99,0,0,0,1,0,3801
240229_2016,24,240229,1,1,0,1,1,1,1,510,50,1,2,2016,2,23,22,0,NULL,6,MU500,MD542,4,39.32834444,-76.59504722,0,8,0,0,3,2,0,1,3,1,0,1,0,0000000,99,99,99,99,99,99,0,0,0,1,0,3802
240230_2016,24,240230,1,1,0,0,0,1,1,33,0,15,7,2016,6,23,2,0,NULL,4,CR-123,NULL,26,38.78846944,-76.92598056,0,32,0,0,1,1,0,4,2,1,0,1,0,0000000,99,99,99,99,88,88,0,0,0,1,0,3803
240231_2016,24,240231,1,1,0,1,1,2,2,33,0,20,7,2016,4,16,19,0,NULL,3,SR-214,NULL,10,38.887225,-76.89626111,0,33,0,0,1,1,0,3,1,1,0,1,0,0000000,99,99,99,99,88,88,0,0,0,1,0,3804
240232_2016,24,240232,1,1,0,1,1,1,1,33,0,22,7,2016,6,22,5,0,NULL,4,CR-87,NULL,30,38.880225,-76.85889167,0,8,0,0,1,1,0,1,2,1,0,1,0,0000000,99,99,99,99,99,99,0,0,0,1,0,3805
240233_2016,24,240233,1,1,0,0,0,1,1,5,0,7,8,2016,1,17,21,1,NULL,1,I-83,NULL,133,39.53222778,-76.66303333,0,1,0,0,1,1,0,4,1,1,0,1,0,0000000,99,99,99,99,88,88,0,0,0,1,0,3806
240234_2016,24,240234,2,2,0,0,0,2,2,21,0,6,8,2016,7,16,39,0,NULL,2,US-40AL,NULL,11,39.47074722,-77.59916667,0,12,2,0,1,1,0,1,1,1,0,1,0,0000000,99,99,99,99,99,99,0,0,0,1,0,3807
240235_2016,24,240235,1,1,0,0,0,1,1,13,0,6,8,2016,7,0,42,0,NULL,4,CR-172,NULL,18,39.6246,-76.82731667,0,43,0,0,1,1,0,4,2,1,0,1,0,0000000,99,99,99,99,88,88,0,0,0,1,1,3808
240236_2016,24,240236,1,1,0,0,0,1,1,21,0,9,8,2016,3,23,40,0,NULL,3,SR-77,CR-17,6,39.63856944,-77.51526389,0,42,0,0,3,3,0,4,9,1,0,1,0,0000000,99,99,99,99,88,88,0,0,0,1,1,3809
240237_2016,24,240237,2,2,0,0,0,2,2,5,0,25,6,2016,7,21,4,0,NULL,4,CR-773,CR-813,48,39.45919722,-76.61396944,0,12,6,0,2,3,0,1,3,1,0,1,0,0000000,99,99,99,99,99,99,0,0,0,1,0,3810
240238_2016,24,240238,2,2,0,0,0,2,2,3,0,9,8,2016,3,16,46,0,NULL,4,CR-1371,"ELVATION ROAD",3,39.13961667,-76.62483889,0,12,6,0,3,98,0,1,1,10,0,10,0,0000000,99,99,99,99,99,99,0,0,0,1,0,3811
240239_2016,24,240239,1,1,0,0,0,1,1,5,0,19,7,2016,3,16,22,1,NULL,1,I-95,NULL,8,39.23801111,-76.70573889,0,59,0,0,1,1,4,4,1,1,0,1,0,0000000,99,99,99,99,88,88,0,0,0,1,0,3812
240240_2016,24,240240,2,2,0,0,0,2,2,31,0,9,6,2016,5,20,19,0,NULL,4,"CR-212 RAMP",NULL,0,39.13526944,-77.16605833,0,99,99,0,5,1,0,1,3,1,0,1,0,0000000,99,99,99,99,99,99,0,0,0,1,0,3813
240241_2016,24,240241,2,2,0,0,0,2,2,33,0,14,8,2016,1,8,26,1,NULL,1,I-595,NULL,51,38.94424444,-76.78323889,0,12,6,0,1,1,0,1,1,1,0,1,0,0000000,99,99,99,99,99,99,0,0,0,1,0,3814
240242_2016,24,240242,2,2,0,0,0,2,2,3,0,12,8,2016,6,13,36,0,NULL,3,SR-177,NULL,54,39.11674444,-76.50468611,0,12,6,0,1,1,0,1,1,1,0,1,0,0000000,99,99,99,99,99,99,0,0,0,1,0,3815
240243_2016,24,240243,2,2,0,0,0,7,7,17,0,9,8,2016,3,16,6,0,NULL,3,SR-6,NULL,222,38.51178611,-77.02871389,0,12,2,0,1,1,0,1,1,10,0,10,0,0000000,99,99,99,99,99,99,0,0,0,1,0,3816
240244_2016,24,240244,1,1,0,0,0,1,1,17,0,21,7,2016,5,23,50,0,NULL,4,CR-18,SR-227,5,38.62904167,-77.07251389,0,33,0,0,3,2,0,4,2,1,0,1,0,0000000,99,99,99,99,99,99,0,0,0,1,1,3817
240245_2016,24,240245,2,2,0,0,0,2,2,33,0,14,7,2016,5,14,46,0,NULL,4,CR-3074,CR-728,35,38.84899444,-76.88068889,0,12,6,0,3,2,0,1,1,1,0,1,0,0000000,99,99,99,99,99,99,0,0,0,1,0,3818
240246_2016,24,240246,1,1,0,0,0,1,1,15,0,14,7,2016,5,6,13,0,NULL,4,CR-401,NULL,11,39.71672778,-76.16235556,0,1,0,0,1,1,0,1,4,1,0,1,0,0000000,99,99,99,99,99,99,0,0,0,1,0,3819
240247_2016,24,240247,1,1,0,1,1,1,1,31,0,4,8,2016,5,21,20,0,NULL,3,SR-182,"SHOPPING CENTER ENTRANCE",24,39.09244167,-77.04520278,0,8,0,0,3,98,0,1,2,1,0,1,0,0000000,99,99,99,99,88,88,0,0,0,1,0,3820
240248_2016,24,240248,1,1,0,0,0,4,4,45,0,1,8,2016,2,22,2,0,NULL,3,SR-313,NULL,23,38.49245,-75.75341667,0,42,0,0,1,1,0,4,2,2,0,2,0,0000000,99,99,99,99,99,99,0,0,0,1,0,3821
240249_2016,24,240249,1,1,0,0,0,3,3,43,0,12,8,2016,6,7,57,0,NULL,4,CR-146,CR-151,7,39.68994722,-77.73473333,0,35,0,0,3,3,0,4,1,99,0,99,0,0000000,99,99,99,99,99,99,0,0,0,2,0,3822
240250_2016,24,240250,3,3,0,0,0,5,5,27,0,12,8,2016,6,12,17,1,NULL,1,I-95,NULL,26,39.13362778,-76.85714444,0,12,2,0,1,1,0,1,1,1,0,1,0,0000000,99,99,99,99,99,99,0,0,0,1,0,3823
240251_2016,24,240251,2,2,0,0,0,3,3,23,0,23,5,2016,2,13,58,1,NULL,2,US-219,NULL,206,39.51222222,-79.32273611,0,12,2,0,1,1,0,1,1,10,0,10,0,0000000,99,99,99,99,99,99,0,0,0,2,1,3824
240252_2016,24,240252,2,2,0,1,1,3,3,5,0,25,5,2016,4,23,32,1,NULL,2,US-40,CR-3959,225,39.38989444,-76.41484722,0,8,0,0,3,2,0,1,3,1,0,1,0,0000000,99,99,99,99,99,99,0,0,0,1,0,3825
240253_2016,24,240253,1,1,0,0,0,3,3,25,0,20,8,2016,7,14,34,0,NULL,3,SR-24,MU-60,93,39.52366389,-76.3569,0,42,0,0,3,2,0,3,1,1,0,1,0,0000000,99,99,99,99,99,99,0,0,0,2,0,3826
240254_2016,24,240254,2,2,0,0,0,2,2,5,0,21,8,2016,1,3,4,1,NULL,1,I-695,NULL,16,39.25543333,-76.688525,0,12,1,0,1,1,4,1,2,1,0,1,0,0000000,99,99,99,99,88,88,0,0,0,1,2,3827
240255_2016,24,240255,1,1,0,0,0,2,2,47,0,13,8,2016,7,19,41,0,NULL,4,CR-94,NULL,13,38.11078333,-75.35408333,0,42,0,0,1,1,0,4,5,1,0,1,0,0000000,99,99,99,99,99,99,0,0,0,1,0,3828
240257_2016,24,240257,2,2,0,0,0,2,2,31,0,20,8,2016,7,22,35,0,NULL,3,SR-193,MU-960,67,38.99271944,-76.99132778,0,12,11,0,2,2,0,1,3,1,0,1,0,0000000,99,99,99,99,88,88,0,0,0,1,0,3829
240258_2016,24,240258,2,2,0,0,0,4,4,17,0,24,8,2016,4,18,25,1,NULL,2,US-301,"HOLLY LN",239,38.63270833,-76.90409722,0,12,6,0,3,2,0,1,1,1,0,1,0,0000000,99,99,99,99,99,99,0,0,0,2,0,3830
240259_2016,24,240259,2,2,0,0,0,2,2,3,0,23,8,2016,3,17,49,0,NULL,4,CR-4237,CR-1539,6,39.15196944,-76.58393333,0,12,6,0,2,2,0,1,1,1,0,1,0,0000000,99,99,99,99,88,88,0,0,0,1,0,3831
240260_2016,24,240260,2,2,0,0,0,3,3,9,0,20,8,2016,7,16,10,0,NULL,4,CR-54,NULL,0,38.50334167,-76.64275556,0,12,2,0,1,1,0,1,1,1,0,1,0,0000000,99,99,99,99,99,99,0,0,0,1,0,3832
240261_2016,24,240261,1,1,0,1,1,1,1,19,0,14,8,2016,1,17,54,0,NULL,3,SR-392,NULL,21,38.59803056,-75.91581667,0,8,0,0,1,1,0,1,1,1,0,1,0,0000000,99,99,99,99,99,99,0,0,0,1,0,3833
240262_2016,24,240262,2,2,0,0,0,2,2,29,0,28,8,2016,1,14,12,0,NULL,3,SR-20,SR-21,66,39.19834722,-76.189975,0,12,6,0,2,2,0,1,1,1,0,1,0,0000000,99,99,99,99,99,99,0,0,0,1,0,3834
240263_2016,24,240263,2,2,0,0,0,5,5,11,0,28,8,2016,1,22,52,0,NULL,3,SR-313,SR-317,199,38.90525556,-75.81453056,0,12,6,0,2,2,0,1,2,1,0,1,0,0000000,99,99,99,99,99,99,0,0,0,1,0,3835
240264_2016,24,240264,1,1,0,1,1,1,1,510,50,15,8,2016,2,13,20,9,NULL,9,"N. CHESTER ST",NULL,0,39.30328056,-76.58807778,0,8,0,0,1,1,0,1,1,1,0,1,0,0000000,99,99,99,99,88,88,0,0,0,1,0,3836
240265_2016,24,240265,2,2,0,0,0,4,4,21,0,6,6,2016,2,14,45,0,NULL,4,CR-2122,NULL,0,39.33089167,-77.42171944,0,12,2,0,1,1,0,1,1,1,0,1,0,0000000,99,99,99,99,99,99,0,0,0,1,1,3837
240266_2016,24,240266,3,3,0,0,0,3,3,27,0,15,8,2016,2,3,27,0,NULL,3,SR-100,NULL,45,39.209675,-76.794325,0,12,2,0,1,1,0,1,3,1,0,1,0,0000000,99,99,99,99,88,88,0,0,0,1,1,3838
240269_2016,24,240269,2,2,0,0,0,2,2,33,0,27,8,2016,7,3,15,1,NULL,1,I-95,NULL,131,38.86325556,-76.84818611,0,12,1,0,1,1,0,1,2,99,0,99,0,0000000,99,99,99,99,88,88,0,0,0,1,1,3839
240270_2016,24,240270,1,1,0,0,0,1,1,33,0,7,9,2016,4,5,18,1,NULL,1,"I-595 RAMP",NULL,63,38.95154167,-76.74744167,0,42,0,0,5,1,0,4,2,1,0,1,0,0000000,99,99,99,99,88,88,0,0,0,1,1,3840
240271_2016,24,240271,1,1,0,1,1,2,2,17,0,24,8,2016,4,13,15,0,NULL,4,CR-50,CR-1787,16,38.62821944,-76.96825556,0,9,0,0,2,2,0,1,1,1,0,1,0,0000000,99,99,99,99,99,99,0,0,0,1,0,3841
240272_2016,24,240272,1,1,0,1,1,1,1,5,0,27,7,2016,4,22,15,0,NULL,3,SR-26,NULL,96,39.34197778,-76.72568333,0,8,0,0,1,1,0,1,2,1,0,1,0,0000000,99,99,99,99,99,99,0,0,0,1,0,3842
240273_2016,24,240273,1,1,0,0,0,1,1,27,0,19,8,2016,6,12,40,0,NULL,4,CR-2509,NULL,0,39.17161111,-76.80676667,0,42,0,0,1,1,0,4,1,99,0,99,0,0000000,99,99,99,99,88,88,0,0,0,1,0,3843
240274_2016,24,240274,1,1,0,0,0,1,1,47,0,6,8,2016,7,9,35,0,NULL,4,CR-236,NULL,33,38.44918889,-75.28673056,0,1,0,0,1,1,0,4,9,1,0,1,0,0000000,99,99,99,99,88,88,24,0,0,1,1,3844
240276_2016,24,240276,2,2,0,0,0,2,2,5,0,17,9,2016,7,20,35,1,NULL,1,I-695,NULL,130,39.38451111,-76.73399167,0,5,0,0,1,1,0,1,3,1,0,1,0,0000000,99,99,99,99,99,99,14,0,0,1,0,3845
240277_2016,24,240277,1,1,0,1,1,3,3,35,0,16,9,2016,6,23,6,1,NULL,2,US-301,NULL,301,39.13819444,-75.92801944,0,8,0,0,1,1,0,1,2,99,0,99,0,0000000,99,99,99,99,99,99,0,0,0,1,0,3846
240278_2016,24,240278,2,2,0,0,0,6,6,11,0,17,9,2016,7,18,47,0,NULL,3,SR-404,NULL,30,38.91593333,-75.89606944,0,12,2,0,1,1,0,1,5,1,0,1,0,0000000,99,99,99,99,99,99,0,0,0,1,1,3847
240279_2016,24,240279,1,1,0,1,1,1,1,5,0,26,8,2016,6,15,47,0,NULL,4,CR-175,CR-174,0,39.552075,-76.8196,0,9,0,0,2,3,0,1,1,1,0,1,0,0000000,99,99,99,99,88,88,0,0,0,1,0,3848
240280_2016,24,240280,1,1,0,1,1,1,1,13,0,10,8,2016,4,0,57,0,NULL,4,CR-398,NULL,17,39.56925,-76.96496944,0,8,0,0,1,1,0,1,2,1,0,1,0,0000000,99,99,99,99,99,99,0,0,0,1,0,3849
240281_2016,24,240281,3,3,0,0,0,3,3,17,0,19,9,2016,2,20,39,0,NULL,2,US-301,SR-227,196,38.58331944,-76.95144167,0,12,6,0,2,2,0,1,3,1,0,1,0,0000000,99,99,99,99,99,99,14,0,0,2,0,3850
240282_2016,24,240282,4,4,0,0,0,8,8,33,0,21,9,2016,4,13,37,0,NULL,3,SR-4,NULL,63,38.81474167,-76.82651111,0,12,1,0,1,1,0,1,1,1,0,1,0,0000000,99,99,99,99,99,99,0,0,0,1,0,3851
240284_2016,24,240284,1,1,0,1,1,1,1,5,0,13,9,2016,3,21,38,0,NULL,3,SR-122,NULL,6,39.31278333,-76.74701111,0,33,0,0,1,1,0,1,3,1,0,1,0,0000000,99,99,99,99,99,99,0,0,0,1,0,3852
240285_2016,24,240285,3,3,0,0,0,5,5,27,0,13,9,2016,3,20,5,0,NULL,3,SR-32,NULL,3,39.12997778,-76.79857222,0,12,1,0,1,1,0,1,3,1,0,1,0,0000000,99,99,99,99,99,99,0,0,0,1,0,3853
240286_2016,24,240286,2,2,0,0,0,5,5,5,0,23,9,2016,6,18,7,1,NULL,1,I-83,NULL,176,39.59266389,-76.673175,0,24,0,0,1,1,0,4,1,1,0,1,0,0000000,99,99,99,99,99,99,0,0,0,1,0,3854
240287_2016,24,240287,1,1,0,0,0,3,3,15,0,10,9,2016,7,21,41,0,NULL,4,CR-138,NULL,18,39.67606389,-75.90058889,0,42,0,0,1,1,0,4,2,1,0,1,0,0000000,99,99,99,99,99,99,0,0,0,1,0,3855
240289_2016,24,240289,4,4,0,0,0,5,5,43,0,30,9,2016,6,2,1,1,NULL,1,I-70,NULL,29,39.69901944,-78.15474167,0,12,1,0,1,1,0,1,2,2,0,2,0,0000000,99,99,99,99,99,99,0,0,0,1,0,3856
240290_2016,24,240290,2,2,0,0,0,2,2,31,0,25,9,2016,1,18,22,0,NULL,4,CR-1659,CR-1344,30,39.05936111,-77.06200556,0,12,6,0,2,2,0,1,5,99,0,99,0,0000000,99,99,99,99,99,99,0,0,0,1,0,3857
240291_2016,24,240291,2,1,1,1,1,1,1,510,50,8,6,2016,4,13,20,0,NULL,6,MU-1670,MU-6157,0,39.29531667,-76.64274167,0,9,0,0,2,2,0,1,1,1,0,1,0,0000000,99,99,99,99,88,88,14,16,0,1,0,3858
240292_2016,24,240292,1,1,0,1,1,1,1,33,0,21,9,2016,4,14,26,0,NULL,3,SR-214,NULL,10,38.88709167,-76.89629444,0,8,0,0,1,1,0,1,1,10,0,10,0,0000000,99,99,99,99,88,88,0,0,0,1,0,3859
240293_2016,24,240293,1,1,0,0,0,1,1,39,0,1,10,2016,7,20,9,0,NULL,4,CR-311,NULL,1,38.12509444,-75.65638333,0,53,0,0,1,1,0,4,2,5,0,5,0,0000000,99,99,99,99,99,99,0,0,0,1,1,3860