st_case_year,STATE,ST_CASE,VE_TOTAL,VE_FORMS,PVH_INVL,PEDS,PERNOTMVIT,PERMVIT,PERSONS,COUNTY,CITY,DAY,MONTH,YEAR,DAY_WEEK,HOUR,MINUTE,NHS,ROAD_FNC,ROUTE,TWAY_ID,TWAY_ID2,MILEPT,LATITUDE,LONGITUD,SP_JUR,HARM_EV,MAN_COLL,RELJCT1,RELJCT2,TYP_INT,WRK_ZONE,REL_ROAD,LGT_COND,WEATHER1,WEATHER2,WEATHER,SCH_BUS,RAIL,NOT_HOUR,NOT_MIN,ARR_HOUR,ARR_MIN,HOSP_HR,HOSP_MN,CF1,CF2,CF3,FATALS,DRUNK_DR,idno
240294_2016,24,240294,1,1,0,1,1,1,1,33,0,4,10,2016,3,19,36,1,NULL,2,US-1,NULL,123,39.08484444,-76.86197778,0,8,0,0,1,1,0,1,3,99,0,99,0,0000000,99,99,99,99,99,99,0,0,0,1,1,3861
240295_2016,24,240295,2,2,0,0,0,2,2,15,0,6,10,2016,5,9,2,0,NULL,3,SR-7C,"WINTERS RD",64,39.60284167,-75.91656389,0,12,6,0,2,3,0,1,1,1,0,1,0,0000000,99,99,99,99,88,88,0,0,0,1,0,3862
240296_2016,24,240296,2,2,0,0,0,2,2,5,0,30,8,2016,3,14,52,0,NULL,3,SR-150,CR-4158,86,39.34408611,-76.39400278,0,12,6,0,2,3,0,1,1,1,0,1,0,0000000,99,99,99,99,99,99,0,0,0,1,0,3863
240297_2016,24,240297,6,1,5,0,0,1,1,510,50,4,9,2016,1,10,36,0,NULL,6,MU-1960,NULL,0,39.28749167,-76.63939444,0,14,0,0,1,1,0,7,1,1,0,1,0,0000000,99,99,99,99,99,99,14,0,0,1,0,3864
240298_2016,24,240298,3,2,1,0,0,7,7,510,50,24,9,2016,7,16,37,0,NULL,3,SR-144,NULL,0,39.27990556,-76.66589722,0,12,6,0,1,1,0,1,1,1,0,1,0,0000000,99,99,99,99,99,99,0,0,0,1,1,3865
240299_2016,24,240299,2,2,0,0,0,5,5,35,0,3,10,2016,2,8,40,0,NULL,3,SR-395,CR-114,24,39.04533611,-76.01641111,0,12,2,0,3,3,0,1,1,1,0,1,0,0000000,99,99,99,99,99,99,0,0,0,1,0,3866
240300_2016,24,240300,2,2,0,0,0,2,2,17,0,8,10,2016,7,2,19,0,NULL,4,CR-345,"STONE AVE",5,38.60545556,-76.91398056,0,12,6,0,2,2,0,1,2,1,0,1,0,0000000,99,99,99,99,99,99,0,0,0,1,0,3867
240301_2016,24,240301,1,1,0,0,0,1,1,45,0,2,10,2016,1,16,55,0,NULL,4,CR-38,NULL,82,38.39062222,-75.74513056,0,42,0,0,1,1,0,4,1,1,0,1,0,0000000,99,99,99,99,99,99,0,0,0,1,1,3868
240302_2016,24,240302,1,1,0,1,1,1,1,9,0,11,10,2016,3,5,55,0,NULL,3,SR-524,NULL,2,38.617525,-76.61343611,0,8,0,0,1,1,0,1,2,1,0,1,0,0000000,99,99,99,99,88,88,0,0,0,1,0,3869
240303_2016,24,240303,1,1,0,0,0,1,1,9,0,22,6,2016,4,7,22,0,NULL,3,SR-260,CR-777,60,38.70379167,-76.57681389,0,1,0,0,2,3,0,1,1,1,0,1,0,0000000,99,99,99,99,99,99,0,0,0,1,0,3870
240304_2016,24,240304,7,7,0,0,0,9,9,43,0,29,6,2016,4,16,48,1,NULL,1,I-81,NULL,69,39.65272778,-77.75009722,0,12,1,0,1,1,0,1,1,1,0,1,0,0000000,99,99,99,99,99,99,0,0,0,1,0,3871
240305_2016,24,240305,1,1,0,1,1,2,2,5,0,3,9,2016,7,2,17,0,NULL,3,SR-295,NULL,11,39.24366111,-76.64838056,0,8,0,0,1,1,4,1,2,1,0,1,0,0000000,99,99,99,99,88,88,0,0,0,1,0,3872
240306_2016,24,240306,1,1,0,0,0,2,2,27,0,10,9,2016,7,3,0,0,NULL,4,CR-1575,NULL,11,39.24956389,-76.83263333,0,42,0,0,1,1,0,4,3,1,0,1,0,0000000,99,99,99,99,99,99,0,0,0,1,1,3873
240307_2016,24,240307,2,2,0,0,0,2,2,1,0,5,10,2016,4,15,14,0,NULL,3,SR-935,NULL,10,39.53492222,-79.016075,0,12,2,0,1,1,0,1,1,1,0,1,0,0000000,99,99,99,99,99,99,0,0,0,1,0,3874
240308_2016,24,240308,2,1,1,0,0,1,1,33,0,3,9,2016,7,15,25,0,NULL,4,CR-1948,NULL,1,38.83737222,-76.88255556,0,14,0,0,1,1,0,7,1,10,0,10,0,0000000,99,99,99,99,99,99,0,0,0,1,0,3875
240309_2016,24,240309,5,2,3,0,0,3,3,510,50,28,5,2016,7,1,5,0,NULL,6,MU-1395,MU-1875,13,39.28665833,-76.63802778,0,12,6,0,2,2,0,1,3,1,0,1,0,0000000,99,99,99,99,99,99,14,0,0,1,0,3876
240310_2016,24,240310,1,1,0,1,1,1,1,33,0,12,9,2016,2,7,30,0,NULL,4,CR-3642,"BIKE TRAIL CROSSING",7,38.98354722,-76.93089167,0,9,0,0,2,2,0,1,1,1,0,1,0,0000000,99,99,99,99,99,99,0,0,0,1,0,3877
240311_2016,24,240311,1,1,0,0,0,1,1,29,0,21,9,2016,4,13,49,0,NULL,3,SR-291,NULL,39,39.23988056,-76.03122778,0,35,0,0,1,1,0,4,1,1,0,1,0,0000000,99,99,99,99,88,88,0,0,0,1,1,3878
240312_2016,24,240312,1,1,0,1,1,1,1,25,0,14,7,2016,5,4,7,0,NULL,3,SR-7,NULL,7,39.43146944,-76.36713611,0,8,0,0,1,1,0,1,2,1,0,1,0,0000000,99,99,99,99,88,88,0,0,0,1,0,3879
240313_2016,24,240313,3,3,0,2,2,3,3,27,0,24,7,2016,1,2,58,1,NULL,1,I-95,NULL,64,39.1889,-76.77485833,0,12,1,0,1,1,0,2,3,1,0,1,0,0000000,99,99,99,99,99,99,23,0,0,1,2,3880
240314_2016,24,240314,2,2,0,0,0,4,4,45,0,23,7,2016,7,14,54,0,NULL,3,SR-350,NULL,68,38.341775,-75.46278333,0,12,2,0,1,1,0,1,1,1,0,1,0,0000000,99,99,99,99,99,99,0,0,0,1,0,3881
240315_2016,24,240315,2,2,0,0,0,2,2,33,0,29,7,2016,6,1,56,1,NULL,1,I-95,NULL,91,38.83011389,-76.87445,0,12,1,0,1,1,0,1,2,2,0,2,0,0000000,99,99,99,99,99,99,0,0,0,1,0,3882
240316_2016,24,240316,1,1,0,0,0,1,1,11,0,3,7,2016,1,23,25,0,NULL,4,CR-157,NULL,42,38.74752222,-75.835975,0,34,0,0,1,1,0,4,2,10,0,10,0,0000000,99,99,99,99,88,88,0,0,0,1,1,3883
240317_2016,24,240317,3,3,0,0,0,4,4,15,0,16,10,2016,1,16,40,1,NULL,1,I-95,NULL,6,39.58515,-76.09578889,0,12,6,0,1,1,0,1,1,1,0,1,0,0000000,99,99,99,99,99,99,28,0,0,2,0,3884
240318_2016,24,240318,1,1,0,1,1,1,1,5,0,30,9,2016,6,23,14,0,NULL,2,US-40,NULL,16,39.28483611,-76.75925278,0,8,0,0,1,1,0,1,3,2,0,2,0,0000000,99,99,99,99,99,99,0,0,0,1,0,3885
240319_2016,24,240319,2,2,0,0,0,4,4,35,0,1,10,2016,7,15,21,0,NULL,3,SR-213,NULL,111,39.09071389,-76.03374722,0,12,2,0,1,1,0,1,1,99,0,99,0,0000000,99,99,99,99,99,99,0,0,0,3,0,3886
240320_2016,24,240320,3,2,1,0,0,2,2,510,50,2,9,2016,6,22,53,0,NULL,6,MU-6168,US-1,2,39.29293333,-76.647175,0,12,6,0,2,2,0,1,3,1,0,1,0,0000000,99,99,99,99,99,99,0,0,0,1,0,3887
240321_2016,24,240321,1,1,0,1,1,1,1,510,50,10,7,2016,1,0,24,0,NULL,6,MU1230,"S. EXTER STREET",1,39.28421111,-76.60035278,0,8,0,0,2,99,0,1,3,1,0,1,0,0000000,99,99,99,99,99,99,0,0,0,2,0,3888
240322_2016,24,240322,2,2,0,0,0,3,3,21,0,22,9,2016,5,16,41,1,NULL,1,I-70,NULL,240,39.38099167,-77.26902222,0,12,6,0,1,1,0,1,1,1,0,1,0,0000000,99,99,99,99,99,99,0,0,0,1,0,3889
240323_2016,24,240323,1,1,0,1,1,1,1,31,0,16,10,2016,1,20,49,0,NULL,3,SR-28,CR-4560,250,39.09523889,-77.11253889,0,8,0,0,3,3,0,1,3,1,0,1,0,0000000,99,99,99,99,99,99,0,0,0,1,0,3890
240324_2016,24,240324,1,1,0,1,1,1,1,31,0,17,10,2016,2,11,28,0,NULL,8,GV-33,NULL,2,38.97340833,-77.10138056,1,9,0,0,1,1,0,1,1,1,0,1,0,0000000,99,99,99,99,99,99,0,0,0,1,0,3891
240325_2016,24,240325,1,1,0,1,1,1,1,31,0,24,10,2016,2,6,54,0,NULL,3,SR-97,NULL,61,39.07363056,-77.06580278,0,8,0,0,1,1,0,1,6,10,0,10,0,0000000,99,99,99,99,99,99,0,0,0,1,0,3892
240326_2016,24,240326,1,1,0,0,0,1,1,47,0,25,10,2016,3,22,26,0,NULL,3,SR-12,NULL,212,38.255525,-75.50065556,0,34,0,0,1,1,0,4,2,1,0,1,0,0000000,99,99,99,99,88,88,0,0,0,1,0,3893
240327_2016,24,240327,1,1,0,1,1,1,1,17,0,23,10,2016,1,19,59,1,NULL,2,US-301,NULL,166,38.55258889,-76.98573333,0,8,0,0,1,1,0,1,2,1,0,1,0,0000000,99,99,99,99,88,88,0,0,0,1,0,3894
240328_2016,24,240328,1,1,0,0,0,1,1,17,0,22,10,2016,7,1,44,0,NULL,3,SR-6,NULL,215,38.509,-77.04034167,0,34,0,0,1,1,0,4,3,1,0,1,0,0000000,99,99,99,99,99,99,0,0,0,1,1,3895
240329_2016,24,240329,1,1,0,0,0,1,1,43,0,29,10,2016,7,10,58,1,NULL,1,I-68,NULL,66,39.712675,-78.2312,0,24,0,0,1,1,0,4,1,1,0,1,0,0000000,99,99,99,99,88,88,0,0,0,1,0,3896
240330_2016,24,240330,2,2,0,0,0,2,2,27,0,29,10,2016,7,4,27,1,NULL,1,I-70,NULL,107,39.31482222,-76.97122778,0,12,1,0,1,1,0,1,2,1,0,1,0,0000000,99,99,99,99,88,88,23,0,0,1,0,3897
240331_2016,24,240331,2,2,0,0,0,3,3,13,0,29,10,2016,7,11,36,0,NULL,3,SR-140,SR-91,14,39.49561944,-76.89158611,0,12,6,0,2,2,0,1,1,1,0,1,0,0000000,99,99,99,99,99,99,0,0,0,1,0,3898
240332_2016,24,240332,1,1,0,2,2,2,2,27,0,15,10,2016,7,23,13,1,NULL,2,US-1,NULL,60,39.17485556,-76.77782778,0,8,0,0,1,1,0,1,3,1,0,1,0,0000000,99,99,99,99,99,99,0,0,0,2,0,3899
240333_2016,24,240333,3,3,0,0,0,5,5,15,0,8,8,2016,2,22,27,1,NULL,2,US-40,"WHITE HALL RD",153,39.59819722,-75.81976944,0,12,6,0,3,2,0,1,3,99,0,99,0,0000000,99,99,99,99,99,99,20,0,0,1,0,3900
240334_2016,24,240334,1,1,0,1,1,1,1,37,0,30,10,2016,1,2,12,0,NULL,3,SR-237,NULL,2,38.25113056,-76.48940833,0,8,0,0,1,1,0,1,2,1,0,1,0,0000000,99,99,99,99,88,88,0,0,0,1,0,3901
240335_2016,24,240335,1,1,0,1,1,1,1,17,0,23,10,2016,1,21,52,1,NULL,2,US-301,NULL,257,38.65097778,-76.88307778,0,9,0,0,8,1,0,1,2,99,0,99,0,0000000,99,99,99,99,88,88,0,0,0,1,0,3902
240336_2016,24,240336,1,1,0,1,1,1,1,27,0,30,9,2016,6,1,57,1,NULL,2,US-1,NULL,31,39.14085278,-76.81114444,0,8,0,0,1,1,0,1,3,2,0,2,0,0000000,99,99,99,99,99,99,0,0,0,1,0,3903
240337_2016,24,240337,1,1,0,1,1,1,1,33,0,12,10,2016,4,22,27,0,NULL,3,SR-450,NULL,39,38.95331389,-76.87712778,0,8,0,0,1,1,0,1,2,1,0,1,0,0000000,99,99,99,99,99,99,0,0,0,1,0,3904
240338_2016,24,240338,3,3,0,0,0,5,5,510,50,28,2,2016,1,3,40,0,NULL,6,MU1370,MU4252,7,39.29819722,-76.5976,0,12,6,0,2,2,0,1,3,1,0,1,0,0000000,99,99,99,99,99,99,0,0,0,1,1,3905
240339_2016,24,240339,1,1,0,1,1,1,1,25,0,1,10,2016,7,2,15,1,NULL,2,US-40,NULL,149,39.52943611,-76.12783889,0,9,0,0,1,1,0,1,2,10,0,10,0,0000000,99,99,99,99,99,99,0,0,0,1,0,3906
240340_2016,24,240340,2,2,0,0,0,2,2,43,0,4,11,2016,6,14,29,1,NULL,1,I-70,NULL,109,39.63533333,-78.02518056,0,35,0,0,1,1,0,3,1,99,0,99,0,0000000,99,99,99,99,88,88,0,0,0,1,0,3907
240341_2016,24,240341,1,1,0,0,0,1,1,17,0,30,10,2016,1,20,29,0,NULL,4,CR-254,NULL,5,38.63253333,-76.93093333,0,53,0,0,1,1,0,4,2,1,0,1,0,0000000,99,99,99,99,99,99,0,0,0,1,1,3908
240342_2016,24,240342,1,1,0,0,0,2,2,43,0,8,11,2016,3,18,32,1,NULL,1,I-70,NULL,139,39.62416111,-78.00095833,0,42,0,0,1,1,0,3,2,1,0,1,0,0000000,99,99,99,99,99,99,0,0,0,1,0,3909
240343_2016,24,240343,1,1,0,1,1,2,2,5,0,1,7,2016,6,20,22,0,NULL,4,CR-2621,CR-2486,13,39.29004444,-76.73156389,0,8,0,0,3,3,0,1,5,10,0,10,0,0000000,99,99,99,99,99,99,0,0,0,1,0,3910
240344_2016,24,240344,3,3,0,0,0,3,3,5,0,9,7,2016,7,23,19,0,NULL,3,SR-26,CR-200,72,39.35597778,-76.76475833,0,12,1,0,3,2,0,1,3,1,0,1,0,0000000,99,99,99,99,99,99,0,0,0,1,0,3911
240345_2016,24,240345,1,1,0,1,1,1,1,31,0,17,7,2016,1,13,23,0,NULL,3,SR-586,CR-2011,30,39.06000278,-77.08942778,0,9,0,0,2,99,0,1,1,1,0,1,0,0000000,99,99,99,99,99,99,0,0,0,1,0,3912
240346_2016,24,240346,1,1,0,0,0,1,1,5,0,11,11,2016,6,18,46,1,NULL,1,I-83,NULL,59,39.43820556,-76.63311944,0,25,0,0,1,1,0,4,3,1,0,1,0,0000000,99,99,99,99,99,99,0,0,0,1,0,3913
240347_2016,24,240347,2,2,0,0,0,2,2,1,0,13,11,2016,1,6,52,0,NULL,3,SR-36,NULL,41,39.52444722,-79.01750833,0,12,2,0,1,1,0,1,2,1,0,1,0,0000000,99,99,99,99,88,88,0,0,0,2,1,3914
240348_2016,24,240348,1,1,0,1,1,1,1,47,0,8,11,2016,3,19,15,0,NULL,3,SR-707E,NULL,7,38.34401111,-75.16128889,0,8,0,0,1,1,0,1,2,99,0,99,0,0000000,99,99,99,99,88,88,18,0,0,1,0,3915
240349_2016,24,240349,2,2,0,0,0,2,2,33,0,28,6,2016,3,12,27,0,NULL,3,SR-450,MU-2760,124,38.97853611,-76.73783889,0,12,1,0,3,2,0,1,1,1,0,1,0,0000000,99,99,99,99,99,99,0,0,0,1,0,3916
240350_2016,24,240350,1,1,0,0,0,1,1,13,0,13,8,2016,7,3,34,0,NULL,3,SR-144A,NULL,7,39.35878889,-77.16236389,0,35,0,0,1,1,0,4,2,1,0,1,0,0000000,99,99,99,99,88,88,0,0,0,1,1,3917
240351_2016,24,240351,3,1,2,0,0,1,1,510,50,27,5,2016,6,6,38,0,NULL,6,MU-4365,NULL,5,39.23401389,-76.60344444,0,14,0,0,1,1,0,7,4,1,0,1,0,0000000,99,99,99,99,99,99,0,0,0,1,0,3918
240352_2016,24,240352,1,1,0,1,1,1,1,510,50,5,7,2016,3,22,20,0,NULL,6,MU-6020,MU-1395,12,39.28704167,-76.62806944,0,8,0,0,2,2,0,1,3,1,0,1,0,0000000,99,99,99,99,99,99,0,0,0,1,0,3919
240353_2016,24,240353,2,1,1,1,1,1,1,33,0,8,10,2016,7,3,5,0,NULL,3,SR-414,CR-1838,28,38.81554722,-76.96262778,0,8,0,0,3,2,0,1,3,1,0,1,0,0000000,99,99,99,99,88,88,0,0,0,1,1,3920
240354_2016,24,240354,1,1,0,0,0,2,2,510,50,5,4,2016,3,0,16,1,NULL,2,US-1,NULL,94,39.28488333,-76.6468,0,33,0,0,1,1,0,4,3,1,0,1,0,0000000,99,99,99,99,99,99,0,0,0,1,1,3921
240356_2016,24,240356,2,2,0,0,0,2,2,9,0,4,8,2016,5,1,27,0,NULL,3,SR-2,CR-48,165,38.513475,-76.56684444,0,12,6,0,2,2,0,1,2,1,0,1,0,0000000,99,99,99,99,99,99,0,0,0,1,1,3922
240357_2016,24,240357,1,1,0,1,1,1,1,510,50,5,7,2016,3,20,53,0,NULL,6,MU-2105,NULL,17,39.34616389,-76.59095,0,8,0,0,1,1,0,1,3,1,0,1,0,0000000,99,99,99,99,99,99,0,0,0,1,0,3923
240358_2016,24,240358,1,1,0,1,1,1,1,33,0,3,10,2016,2,5,39,0,NULL,3,SR-198,NULL,41,39.09533333,-76.83854722,0,8,0,0,8,1,0,1,2,5,0,5,0,0000000,99,99,99,99,88,88,0,0,0,1,0,3924
240359_2016,24,240359,1,1,0,0,0,1,1,510,50,4,7,2016,2,0,25,1,NULL,1,I-83,NULL,47,39.34525,-76.64726111,0,24,0,0,1,1,0,4,3,1,0,1,0,0000000,99,99,99,99,88,88,0,0,0,1,1,3925
240360_2016,24,240360,1,1,0,0,0,3,3,23,0,4,8,2016,5,9,15,0,NULL,4,CR-146,NULL,24,39.47935833,-79.25149167,0,42,0,0,1,1,0,4,1,1,0,1,0,0000000,99,99,99,99,99,99,0,0,0,1,0,3926
240361_2016,24,240361,2,2,0,0,0,2,2,25,0,28,10,2016,6,14,30,0,NULL,3,SR-147,NULL,21,39.50045,-76.394375,0,12,1,0,1,1,0,1,1,1,0,1,0,0000000,88,88,88,88,88,88,0,0,0,1,0,3927
240362_2016,24,240362,1,1,0,0,0,1,1,3,0,6,11,2016,1,3,10,0,NULL,3,SR-100,NULL,31,39.14775278,-76.70168611,0,25,0,0,1,1,0,3,2,1,0,1,0,0000000,99,99,99,99,88,88,0,0,0,1,1,3928
240363_2016,24,240363,2,2,0,0,0,3,3,5,0,8,10,2016,7,23,10,0,NULL,3,SR-150,CR-5163,0,39.28830556,-76.52950556,0,12,6,0,2,3,0,1,3,8,0,8,0,0000000,99,99,99,99,99,99,0,0,0,1,0,3929
240364_2016,24,240364,1,1,0,0,0,1,1,5,0,15,10,2016,7,23,44,0,NULL,4,CR-1164,NULL,6,39.40480556,-76.59743333,0,33,0,0,1,1,0,3,2,1,0,1,0,0000000,99,99,99,99,88,88,0,0,0,1,0,3930
240365_2016,24,240365,2,2,0,0,0,2,2,5,0,30,9,2016,6,13,41,0,NULL,4,CR-675,CR-670,4,39.45743889,-76.81963611,0,12,6,0,2,2,0,1,1,2,0,2,0,0000000,99,99,99,99,99,99,0,0,0,1,0,3931
240366_2016,24,240366,3,3,0,0,0,4,4,3,0,5,11,2016,7,22,0,0,NULL,4,CR-2043,"DEERING RD",10,39.12326667,-76.53209167,0,12,9,0,2,3,0,1,3,99,0,99,0,0000000,99,99,99,99,99,99,0,0,0,2,2,3932
240367_2016,24,240367,1,1,0,0,0,2,2,25,0,19,11,2016,7,20,45,0,NULL,3,SR-23,NULL,46,39.69644444,-76.24593056,0,52,0,0,1,1,0,4,2,3,0,3,0,0000000,99,99,99,99,99,99,0,0,0,1,0,3933
240368_2016,24,240368,1,1,0,0,0,2,2,19,0,18,11,2016,6,22,42,0,NULL,3,SR-32,NULL,104,38.63128056,-75.75618611,0,58,0,0,1,1,0,4,2,99,0,99,0,0000000,99,99,99,99,99,99,0,0,0,1,0,3934
240369_2016,24,240369,2,2,0,0,0,2,2,3,0,25,6,2016,7,23,32,0,NULL,3,SR-3,"RACETRACK RD",26,39.02516944,-76.69238333,0,12,6,0,2,99,0,1,3,1,0,1,0,0000000,99,99,99,99,88,88,0,0,0,1,0,3935
240370_2016,24,240370,2,2,0,0,0,2,2,33,0,27,8,2016,7,3,4,1,NULL,1,I-95,NULL,43,38.80665833,-76.98851667,0,12,6,0,1,1,0,1,3,1,0,1,0,0000000,99,99,99,99,99,99,0,0,0,1,0,3936
240371_2016,24,240371,2,2,0,0,0,2,2,510,50,26,8,2016,6,17,50,0,NULL,3,SR-41,MJ-2850,6,39.33093889,-76.589025,0,12,6,0,2,3,0,1,1,1,0,1,0,0000000,99,99,99,99,99,99,0,0,0,1,0,3937
240372_2016,24,240372,1,1,0,1,1,3,3,510,50,22,7,2016,6,14,54,0,NULL,6,MU-1040,NULL,6,39.36303611,-76.60551389,0,8,0,0,1,1,0,1,1,1,0,1,0,0000000,99,99,99,99,99,99,0,0,0,1,0,3938
240373_2016,24,240373,1,1,0,0,0,1,1,21,0,24,9,2016,7,13,30,0,NULL,4,CR-412,NULL,4,39.39410278,-77.28796111,0,32,0,0,1,1,0,4,1,1,0,1,0,0000000,99,99,99,99,88,88,0,0,0,1,1,3939
240374_2016,24,240374,2,2,0,0,0,2,2,31,0,15,11,2016,3,17,59,0,NULL,4,CR-4552,CR-95,23,39.08443056,-76.95101111,0,12,6,0,2,2,0,1,3,1,0,1,0,0000000,99,99,99,99,88,88,0,0,0,1,1,3940
240375_2016,24,240375,3,3,0,0,0,5,5,37,0,10,11,2016,5,16,37,0,NULL,3,SR-4,NULL,77,38.45116111,-76.74990556,0,12,2,0,1,1,0,1,1,1,0,1,0,0000000,99,99,99,99,99,99,0,0,0,1,0,3941
240376_2016,24,240376,1,1,0,1,1,1,1,5,0,23,8,2016,3,0,34,0,NULL,3,SR-151,NULL,42,39.27465278,-76.47413333,0,8,0,0,1,1,0,1,2,1,0,1,0,0000000,99,99,99,99,88,88,0,0,0,1,0,3942
240377_2016,24,240377,2,2,0,0,0,3,3,33,0,3,8,2016,4,16,31,0,NULL,3,SR-3,CR-1824,16,38.97789167,-76.71484167,0,12,6,0,2,2,0,1,1,1,0,1,0,0000000,99,99,99,99,99,99,0,0,0,2,0,3943
240378_2016,24,240378,2,2,0,0,0,2,2,25,0,23,11,2016,4,17,46,0,NULL,3,SR-7,SR-136,73,39.47373889,-76.26403333,0,12,6,0,2,3,0,1,3,1,0,1,0,0000000,99,99,99,99,99,99,0,0,0,1,0,3944
240379_2016,24,240379,1,1,0,1,1,1,1,13,0,25,11,2016,6,18,10,0,NULL,3,SR-27,NULL,3,39.355625,-77.16898889,0,9,0,0,1,1,0,1,2,1,0,1,0,0000000,99,99,99,99,99,99,0,0,0,1,0,3945
240380_2016,24,240380,2,2,0,0,0,3,3,5,0,27,11,2016,1,23,1,1,NULL,1,I-695,NULL,33,39.26250278,-76.70700278,0,12,1,0,1,1,0,1,3,1,0,1,0,0000000,99,99,99,99,99,99,0,0,0,1,0,3946
240381_2016,24,240381,3,3,0,0,0,4,4,33,0,29,7,2016,6,23,17,0,NULL,3,SR-214,CR-2802,13,38.88767778,-76.88976944,0,12,6,0,3,3,0,1,3,1,0,1,0,0000000,99,99,99,99,88,88,0,0,0,1,1,3947
240382_2016,24,240382,3,3,0,0,0,3,3,9,0,6,11,2016,1,18,57,0,NULL,3,SR-2,NULL,173,38.52209444,-76.57371389,0,11,0,0,1,1,0,1,2,1,0,1,0,0000000,99,99,99,99,88,88,0,0,0,1,0,3948
240383_2016,24,240383,1,1,0,0,0,2,2,1,0,19,11,2016,7,23,11,0,NULL,4,CR-9,NULL,11,39.57825556,-78.97225833,0,30,0,0,1,1,0,4,2,4,0,4,0,0000000,99,99,99,99,99,99,0,0,0,1,1,3949
240384_2016,24,240384,4,4,0,0,0,4,4,31,0,21,11,2016,2,19,49,0,NULL,4,CR-3283,NULL,10,39.16431667,-77.14967778,0,12,6,0,1,1,0,1,3,1,0,1,0,0000000,99,99,99,99,88,88,14,0,0,2,0,3950
240385_2016,24,240385,2,2,0,0,0,3,3,3,0,25,11,2016,6,13,20,0,NULL,3,SR-10,NULL,36,39.16235833,-76.60588611,0,12,1,0,1,1,0,1,1,1,0,1,0,0000000,99,99,99,99,99,99,0,0,0,1,0,3951
240386_2016,24,240386,2,2,0,0,0,3,3,21,0,27,10,2016,5,15,10,0,NULL,4,CR-396,NULL,7,39.35436944,-77.24988333,0,12,2,0,1,1,0,1,1,2,0,2,0,0000000,99,99,99,99,99,99,0,0,0,1,0,3952
240387_2016,24,240387,1,1,0,1,1,1,1,5,0,17,10,2016,2,10,0,0,NULL,3,SR-144,NULL,6,39.26264722,-76.78621389,0,8,0,0,1,1,0,1,1,1,0,1,0,0000000,99,99,99,99,99,99,0,0,0,1,0,3953
240388_2016,24,240388,2,2,0,0,0,2,2,5,0,30,11,2016,4,7,28,1,NULL,1,I-70,NULL,24,39.30793056,-76.75461111,0,12,8,0,1,1,0,2,1,2,0,2,0,0000000,99,99,99,99,88,88,0,0,0,1,0,3954
240389_2016,24,240389,1,1,0,0,0,1,1,47,0,25,10,2016,3,11,20,0,NULL,3,SR-575A,NULL,3,38.39091667,-75.20418056,0,30,0,0,1,1,0,4,1,1,0,1,0,0000000,99,99,99,99,99,99,0,0,0,1,0,3955
240390_2016,24,240390,2,2,0,0,0,3,3,31,0,29,11,2016,3,11,32,0,NULL,4,CR-4140,CR-3726,14,39.16998056,-77.17668333,0,12,6,0,2,3,0,1,1,2,0,2,0,0000000,99,99,99,99,99,99,0,0,0,1,0,3956
240391_2016,24,240391,1,1,0,0,0,1,1,31,0,24,11,2016,5,12,32,0,NULL,3,SR-355,NULL,243,39.24775833,-77.29632778,0,42,0,0,1,1,0,4,1,1,0,1,0,0000000,99,99,99,99,88,88,0,0,0,1,1,3957
240392_2016,24,240392,1,1,0,0,0,1,1,17,0,3,12,2016,7,2,54,0,NULL,3,SR-231,NULL,99,38.51514722,-76.67946944,0,5,0,0,1,1,0,4,2,1,0,1,0,0000000,99,99,99,99,88,88,0,0,0,1,0,3958
240393_2016,24,240393,1,1,0,1,1,4,4,5,0,6,11,2016,1,21,26,0,NULL,4,CR-4465,NULL,17,39.33458889,-76.44493056,0,8,0,0,1,1,0,1,3,1,0,1,0,0000000,99,99,99,99,99,99,0,0,0,1,0,3959
240394_2016,24,240394,1,1,0,1,1,1,1,13,0,8,12,2016,5,5,23,0,NULL,3,SR-26,NULL,119,39.39573611,-76.9191,0,8,0,0,1,1,0,1,2,10,0,10,0,0000000,99,99,99,99,99,99,0,0,0,1,0,3960
240395_2016,24,240395,2,2,0,0,0,3,3,33,0,10,11,2016,5,20,4,1,NULL,2,US-301,CR-131,81,38.75671944,-76.81033611,0,12,6,0,3,2,0,1,3,99,0,99,0,0000000,99,99,99,99,99,99,0,0,0,1,0,3961
240396_2016,24,240396,2,2,0,0,0,5,5,13,0,11,10,2016,3,13,41,0,NULL,3,SR-27,MU-270,15,39.36831944,-77.14789167,0,12,6,0,2,2,0,1,1,99,0,99,0,0000000,99,99,99,99,99,99,0,0,0,1,0,3962
240397_2016,24,240397,1,1,0,1,1,1,1,33,0,28,10,2016,6,20,23,0,NULL,4,CR-920,NULL,3,38.76393056,-76.88433056,0,15,0,0,1,1,0,1,3,1,0,1,0,0000000,99,99,99,99,99,99,0,0,0,1,0,3963
240398_2016,24,240398,3,3,0,0,0,3,3,33,0,15,10,2016,7,1,7,0,NULL,3,SR-210,SR-228,29,38.66511667,-77.01737222,0,12,2,0,2,2,0,1,3,1,0,1,0,0000000,99,99,99,99,99,99,0,0,0,1,0,3964
240399_2016,24,240399,1,1,0,0,0,1,1,15,0,6,12,2016,3,22,17,0,NULL,4,CR-204,NULL,13,39.59118056,-75.86495833,0,42,0,0,1,1,0,4,2,2,0,2,0,0000000,99,99,99,99,88,88,0,0,0,1,0,3965