st_case_year,STATE,ST_CASE,VE_TOTAL,VE_FORMS,PVH_INVL,PEDS,PERNOTMVIT,PERMVIT,PERSONS,COUNTY,CITY,DAY,MONTH,YEAR,DAY_WEEK,HOUR,MINUTE,NHS,ROAD_FNC,ROUTE,TWAY_ID,TWAY_ID2,MILEPT,LATITUDE,LONGITUD,SP_JUR,HARM_EV,MAN_COLL,RELJCT1,RELJCT2,TYP_INT,WRK_ZONE,REL_ROAD,LGT_COND,WEATHER1,WEATHER2,WEATHER,SCH_BUS,RAIL,NOT_HOUR,NOT_MIN,ARR_HOUR,ARR_MIN,HOSP_HR,HOSP_MN,CF1,CF2,CF3,FATALS,DRUNK_DR,idno
240400_2016,24,240400,1,1,0,1,1,1,1,5,0,25,10,2016,3,23,7,1,NULL,2,US-40,NULL,170,39.33454167,-76.48529722,0,8,0,0,1,1,0,1,3,1,0,1,0,0000000,99,99,99,99,99,99,0,0,0,1,0,3966
240402_2016,24,240402,2,2,0,0,0,3,3,33,0,12,11,2016,7,19,38,0,NULL,4,CR-367,NULL,11,38.87586944,-76.86411389,0,12,2,0,8,1,0,1,3,1,0,1,0,0000000,99,99,99,99,99,99,0,0,0,1,0,3967
240403_2016,24,240403,4,4,0,0,0,6,6,33,0,13,12,2016,3,21,15,1,NULL,1,I-95,NULL,316,39.08060278,-76.90033056,0,12,1,0,1,1,0,1,3,1,0,1,0,0000000,99,99,99,99,99,99,0,0,0,1,0,3968
240404_2016,24,240404,1,1,0,0,0,1,1,5,0,7,11,2016,2,0,0,0,NULL,3,SR-7,NULL,33,39.34277222,-76.47883056,0,42,0,0,1,1,0,4,6,99,0,99,0,0000000,99,99,99,99,99,99,0,0,0,1,1,3969
240405_2016,24,240405,2,2,0,1,1,7,7,5,0,28,10,2016,6,6,58,0,NULL,3,SR-7,NULL,23,39.33394167,-76.49511111,0,8,0,0,1,1,0,1,3,1,0,1,0,0000000,99,99,99,99,88,88,0,0,0,1,0,3970
240406_2016,24,240406,1,1,0,1,1,3,3,17,0,4,12,2016,1,20,0,1,NULL,2,US-301,NULL,159,38.54481111,-76.98473333,0,8,0,0,1,1,0,1,2,10,0,10,0,0000000,99,99,99,99,99,99,0,0,0,1,0,3971
240407_2016,24,240407,1,1,0,0,0,1,1,11,0,16,12,2016,6,3,6,0,NULL,3,SR-314,NULL,13,38.97202778,-75.78479722,0,1,0,0,1,1,0,4,2,1,0,1,0,0000000,99,99,99,99,88,88,0,0,0,1,1,3972
240408_2016,24,240408,1,1,0,0,0,1,1,33,0,21,7,2016,5,20,46,0,NULL,3,SR-210,NULL,33,38.675575,-77.00572222,0,1,0,0,1,1,0,1,5,1,0,1,0,0000000,99,99,99,99,88,88,0,0,0,1,0,3973
240410_2016,24,240410,1,1,0,0,0,1,1,31,0,5,12,2016,2,9,2,0,NULL,4,CR-2318,CR-1279,0,38.99008611,-77.12885278,0,42,0,0,3,3,0,6,1,10,0,10,0,0000000,99,99,99,99,99,99,0,0,0,1,0,3974
240411_2016,24,240411,2,2,0,0,0,2,2,31,0,9,12,2016,6,14,21,0,NULL,3,SR-355,OP-6170,3,38.96563889,-77.08804722,0,12,1,0,3,3,0,1,1,1,0,1,0,0000000,88,88,88,88,88,88,0,0,0,1,0,3975
240412_2016,24,240412,1,1,0,1,1,1,1,43,0,22,12,2016,5,19,12,0,NULL,3,SR-64,"FOXVILLE RD",81,39.64879722,-77.56855278,0,8,0,0,3,2,0,1,3,1,0,1,0,0000000,99,99,99,99,99,99,0,0,0,1,0,3976
240413_2016,24,240413,2,2,0,0,0,3,3,15,0,24,12,2016,7,16,19,0,NULL,2,US-40,NULL,97,39.61156944,-75.92167222,0,12,6,0,7,1,0,1,1,5,0,5,0,0000000,99,99,99,99,99,99,0,0,0,1,0,3977
240414_2016,24,240414,1,1,0,1,1,2,2,33,0,27,12,2016,3,4,7,1,NULL,2,US-1,NULL,104,39.0675,-76.87821389,0,8,0,0,1,1,0,1,2,1,0,1,0,0000000,99,99,99,99,88,88,0,0,0,1,0,3978
240415_2016,24,240415,1,1,0,2,2,2,2,13,0,17,12,2016,7,10,47,0,NULL,3,SR-86,NULL,2,39.68911111,-76.87958056,0,15,0,0,8,1,0,1,1,8,0,8,0,0000000,99,99,99,99,99,99,0,0,0,1,0,3979
240416_2016,24,240416,2,2,0,0,0,3,3,5,0,25,12,2016,1,11,40,1,NULL,1,I-195,NULL,18,39.23127222,-76.70363333,0,12,2,0,1,1,0,1,1,1,0,1,0,0000000,99,99,99,99,99,99,0,0,0,1,0,3980
240417_2016,24,240417,1,1,0,1,1,1,1,17,0,24,12,2016,7,19,32,0,NULL,3,SR-228,NULL,20,38.65035833,-76.96188333,0,8,0,0,1,1,0,1,9,1,0,1,0,0000000,99,99,99,99,88,88,0,0,0,1,0,3981
240418_2016,24,240418,1,1,0,0,0,2,2,510,0,5,11,2016,7,3,46,0,NULL,6,MU-4330,NULL,9,39.25127778,-76.63213333,0,30,0,0,1,1,0,4,3,1,0,1,0,0000000,99,99,99,99,99,99,0,0,0,1,1,3982
240419_2016,24,240419,2,1,1,0,0,2,2,510,50,1,9,2016,5,9,19,0,NULL,6,MU-1020,NULL,2,39.31615556,-76.54316944,0,14,0,0,1,1,0,98,1,2,0,2,0,0000000,99,99,99,99,99,99,0,0,0,1,0,3983
240420_2016,24,240420,3,3,0,0,0,3,3,21,0,7,12,2016,4,5,33,1,NULL,1,I-70,NULL,147,39.39784167,-77.42631111,0,12,11,1,5,1,0,1,2,10,0,10,0,0000000,99,99,99,99,99,99,28,0,0,1,0,3984
240421_2016,24,240421,3,1,2,0,0,1,1,11,0,31,12,2016,7,7,3,0,NULL,6,MU-20,"SUNSET BLVD",2,38.71552222,-75.9132,0,42,0,0,3,3,0,4,2,1,0,1,0,0000000,99,99,99,99,88,88,0,0,0,1,1,3985
240422_2016,24,240422,1,1,0,1,1,1,1,31,0,31,8,2016,4,20,56,0,NULL,4,CR-165,NULL,12,39.03061667,-77.17447222,0,8,0,0,1,1,0,1,3,1,0,1,0,0000000,99,99,99,99,99,99,0,0,0,1,0,3986
240423_2016,24,240423,2,2,0,0,0,2,2,33,0,15,5,2016,1,15,50,1,NULL,2,US-1,CR-5562,12,38.94617778,-76.94551389,0,12,6,0,2,2,0,1,1,1,0,1,0,0000000,99,99,99,99,99,99,0,0,0,1,0,3987
240424_2016,24,240424,1,1,0,1,1,1,1,3,0,24,12,2016,7,19,13,0,NULL,3,SR-2,NULL,370,39.17262778,-76.61871389,0,8,0,0,1,1,0,1,2,2,0,2,0,0000000,99,99,99,99,88,88,0,0,0,1,0,3988
240425_2016,24,240425,1,1,0,1,1,1,1,510,50,9,3,2016,4,12,25,0,NULL,6,MU-1500,NULL,12,39.32823056,-76.60944167,0,8,0,0,1,1,0,1,1,1,0,1,0,0000000,99,99,99,99,99,99,0,0,0,1,0,3989
240426_2016,24,240426,3,3,0,0,0,7,7,5,0,6,11,2016,1,17,46,0,NULL,3,SR-26,"BRUBAR CT",93,39.34371389,-76.73033056,0,12,6,0,2,3,0,1,3,99,0,99,0,0000000,99,99,99,99,88,88,0,0,0,1,1,3990
240427_2016,24,240427,2,2,0,0,0,2,2,5,0,3,12,2016,7,13,44,0,NULL,4,CR-2250,NULL,19,39.3908,-76.77519167,0,12,2,0,1,1,0,1,1,1,0,1,0,0000000,99,99,99,99,99,99,0,0,0,1,0,3991
240428_2016,24,240428,2,2,0,0,0,2,2,33,0,26,12,2016,2,20,35,0,NULL,3,SR-5,CR-1756,50,38.72810278,-76.88163611,0,12,6,0,2,3,0,1,3,1,0,1,0,0000000,99,99,99,99,99,99,0,0,0,1,1,3992
240429_2016,24,240429,2,2,0,0,0,2,2,41,0,4,8,2016,5,10,27,0,NULL,3,SR-329,NULL,21,38.74664444,-76.16099167,0,12,2,0,1,1,0,1,1,1,0,1,0,0000000,99,99,99,99,99,99,0,0,0,1,0,3993
240430_2016,24,240430,1,1,0,1,1,1,1,510,50,14,9,2016,4,14,26,0,NULL,6,MU-1022,"NARCISSUS AVE",0,39.35149722,-76.68667222,0,8,0,0,2,2,0,1,1,1,0,1,0,0000000,99,99,99,99,99,99,0,0,0,1,0,3994
240431_2016,24,240431,1,1,0,1,1,1,1,510,50,27,6,2016,2,5,40,0,NULL,6,MU-1370,NULL,0,39.29964167,-76.56147222,0,8,0,0,1,1,0,1,1,1,0,1,0,0000000,99,99,99,99,88,88,0,0,0,1,0,3995
240432_2016,24,240432,1,1,0,0,0,1,1,510,0,17,11,2016,5,23,53,0,NULL,6,MU-2090,NULL,0,39.3096,-76.69861667,0,33,0,0,1,1,0,4,3,1,0,1,0,0000000,99,99,99,99,99,99,0,0,0,1,1,3996
240433_2016,24,240433,6,2,4,3,3,2,2,510,50,16,6,2016,5,14,33,0,NULL,6,MU-6157,MU-1395,2,39.28640833,-76.64227778,0,12,6,0,2,2,0,1,1,1,0,1,0,0000000,99,99,99,99,99,99,20,14,15,1,0,3997
240434_2016,24,240434,1,1,0,0,0,1,1,5,0,25,12,2016,1,0,47,0,NULL,4,CR-258,NULL,93,39.43588611,-76.52931111,0,30,0,0,1,1,0,4,3,10,0,10,0,0000000,99,99,99,99,99,99,0,0,0,1,1,3998
240435_2016,24,240435,1,1,0,0,0,1,1,3,0,24,12,2016,7,11,45,1,NULL,1,I-695,NULL,19,39.21848333,-76.65681111,0,24,0,1,5,1,0,4,1,2,0,2,0,0000000,99,99,99,99,99,99,0,0,0,1,1,3999
240436_2016,24,240436,1,1,0,1,1,1,1,31,0,6,12,2016,3,17,41,0,NULL,6,MU-650,MU-330,2,39.06125833,-77.12095278,0,8,0,0,2,2,0,1,3,2,0,2,0,0000000,99,99,99,99,99,99,0,0,0,1,0,4000
240437_2016,24,240437,1,1,0,1,1,1,1,9,0,23,12,2016,6,20,15,0,NULL,4,CR-1090,NULL,4,38.32391389,-76.46075,0,8,0,0,1,1,0,1,2,1,0,1,0,0000000,99,99,99,99,99,99,0,0,0,1,0,4001
240438_2016,24,240438,1,1,0,0,0,1,1,21,0,26,11,2016,7,0,13,0,NULL,4,CR-134,NULL,47,39.53258056,-77.43601944,0,53,0,0,1,1,0,4,2,1,0,1,0,0000000,99,99,99,99,88,88,0,0,0,1,1,4002
240439_2016,24,240439,2,2,0,0,0,2,2,3,0,10,9,2016,7,18,9,0,NULL,3,SR-175,NULL,53,39.103225,-76.72150833,0,12,6,0,1,1,0,1,1,1,0,1,0,0000000,99,99,99,99,99,99,0,0,0,1,0,4003
240440_2016,24,240440,1,1,0,0,0,1,1,510,50,17,12,2016,7,4,45,1,NULL,1,I-95,NULL,13,39.27128333,-76.65385556,0,25,0,0,1,1,0,3,3,8,0,8,0,0000000,99,99,99,99,88,88,19,26,0,1,0,4004
240441_2016,24,240441,2,2,0,0,0,2,2,13,0,27,12,2016,3,8,48,0,NULL,3,SR-31,NULL,79,39.55996944,-77.03023333,0,12,2,0,1,1,0,1,1,10,0,10,0,0000000,99,99,99,99,99,99,0,0,0,1,0,4005
240442_2016,24,240442,1,1,0,0,0,2,2,47,0,22,12,2016,5,2,30,0,NULL,4,CR-313,NULL,33,38.09466389,-75.44511389,0,1,0,0,1,1,0,6,2,1,0,1,0,0000000,99,99,99,99,99,99,0,0,0,1,1,4006
240443_2016,24,240443,1,1,0,0,0,1,1,45,0,17,12,2016,7,10,45,1,NULL,2,US-50,NULL,307,38.38493889,-75.32725556,0,42,0,0,1,1,0,4,1,2,0,2,0,0000000,99,99,99,99,99,99,0,0,0,1,0,4007
240444_2016,24,240444,2,2,0,0,0,2,2,13,0,26,8,2016,6,0,54,0,NULL,3,SR-30,NULL,91,39.69387222,-76.90125,0,12,6,0,4,1,0,1,2,1,0,1,0,0000000,99,99,99,99,99,99,0,0,0,1,1,4008
240445_2016,24,240445,1,1,0,0,0,2,2,47,0,10,9,2016,7,23,26,0,NULL,4,CR-74,NULL,45,38.04647778,-75.51246111,0,42,0,0,1,1,0,4,2,1,0,1,0,0000000,99,99,99,99,99,99,0,0,0,1,1,4009
240446_2016,24,240446,3,3,0,0,0,7,7,17,0,16,12,2016,6,19,56,1,NULL,2,US-301,"ORLAND PARK RD",25,38.36556667,-76.96928056,0,12,6,0,2,2,0,1,2,1,0,1,0,0000000,99,99,99,99,88,88,0,0,0,2,1,4010
240447_2016,24,240447,1,1,0,0,0,2,2,33,0,19,12,2016,2,17,20,0,NULL,3,SR-212,NULL,18,38.98063889,-76.97851944,0,42,0,0,1,1,0,4,5,1,0,1,0,0000000,99,99,99,99,99,99,0,0,0,1,0,4011
240448_2016,24,240448,2,2,0,0,0,2,2,45,0,16,12,2016,6,17,14,1,NULL,2,US-50,"POWELLVILLE RD",292,38.38673889,-75.35361111,0,12,6,0,2,2,0,1,3,99,0,99,0,0000000,99,99,99,99,88,88,0,0,0,1,0,4012
240449_2016,24,240449,2,2,0,0,0,5,5,5,0,26,12,2016,2,4,39,1,NULL,1,I-95,NULL,259,39.433525,-76.38084722,0,12,1,0,1,1,0,1,2,1,0,1,0,0000000,99,99,99,99,99,99,0,0,0,1,1,4013
240450_2016,24,240450,3,3,0,0,0,3,3,5,0,25,12,2016,1,20,41,1,NULL,1,I-83,NULL,59,39.43032778,-76.63480833,0,12,7,0,1,1,0,1,3,1,0,1,0,0000000,99,99,99,99,99,99,0,0,0,1,0,4014
240451_2016,24,240451,1,1,0,0,0,3,3,33,0,27,12,2016,3,5,6,0,NULL,3,SR-212,NULL,3,38.76083333,-76.92338889,0,34,0,0,1,1,0,4,2,2,0,2,0,0000000,99,99,99,99,99,99,0,0,0,1,0,4015
240453_2016,24,240453,2,2,0,1,1,3,3,27,0,24,9,2016,7,10,32,0,NULL,4,CR-672,NULL,2,39.30899167,-76.8657,0,12,8,0,1,1,0,1,1,10,0,10,0,0000000,99,99,99,99,99,99,0,0,0,1,1,4016
240454_2016,24,240454,2,2,0,0,0,7,7,510,50,20,8,2016,7,17,35,0,NULL,6,MU-955,NULL,0,39.30615278,-76.57453333,0,12,1,0,8,1,0,1,1,1,0,1,0,0000000,99,99,99,99,88,88,0,0,0,1,1,4017
240455_2016,24,240455,1,1,0,2,2,4,4,5,0,19,12,2016,2,19,15,0,NULL,3,SR-140,NULL,74,39.43965278,-76.804925,0,8,0,0,1,1,0,1,3,10,0,10,0,0000000,99,99,99,99,99,99,0,0,0,1,0,4018
240456_2016,24,240456,2,2,0,0,0,3,3,33,0,4,9,2016,1,1,14,0,NULL,3,SR-4,CR-86,116,38.85033333,-76.90541667,0,12,6,0,2,2,0,1,3,1,0,1,0,0000000,99,99,99,99,99,99,0,0,0,2,2,4019
240457_2016,24,240457,1,1,0,1,1,1,1,510,50,17,8,2016,4,23,13,0,NULL,3,SR-147,"MONTPELIER AVE",6,39.31866667,-76.59327778,0,8,0,0,3,3,0,1,3,2,0,2,0,0000000,99,99,99,99,99,99,0,0,0,1,0,4020
240458_2016,24,240458,1,1,0,1,1,1,1,33,0,28,9,2016,4,20,49,0,NULL,4,CR-75,NULL,31,38.90494722,-76.91773056,0,8,0,0,1,1,0,1,2,2,0,2,0,0000000,99,99,99,99,88,88,0,0,0,1,0,4021
240459_2016,24,240459,2,2,0,0,0,2,2,3,0,3,11,2016,5,13,45,0,NULL,3,SR-4,CR-3541,4,38.77016111,-76.65824167,0,12,6,0,2,2,0,1,1,1,0,1,0,0000000,99,99,99,99,99,99,0,0,0,1,0,4022
240460_2016,24,240460,1,1,0,1,1,1,1,33,0,23,10,2016,1,1,15,0,NULL,3,SR-201,NULL,4,38.91931111,-76.93212778,0,9,0,0,1,1,0,1,3,1,0,1,0,0000000,99,99,99,99,88,88,0,0,0,1,0,4023
240461_2016,24,240461,5,5,0,0,0,5,5,33,0,31,10,2016,2,12,30,0,NULL,3,SR-5,NULL,66,38.75841667,-76.87975,0,12,1,0,1,1,0,1,1,1,0,1,0,0000000,99,99,99,99,99,99,0,0,0,1,0,4024
240462_2016,24,240462,1,1,0,0,0,1,1,31,0,2,9,2016,6,19,36,0,NULL,4,CR-1015,NULL,11,39.11763056,-77.38091944,0,42,0,0,1,1,0,4,5,1,0,1,0,0000000,99,99,99,99,88,88,0,0,0,1,0,4025
240463_2016,24,240463,2,2,0,0,0,2,2,3,0,24,10,2016,2,99,99,0,NULL,4,CR-3549,NULL,55,38.84091111,-76.68680278,0,12,2,0,1,1,0,1,1,1,0,1,0,0000000,99,99,99,99,99,99,0,0,0,1,0,4026
240464_2016,24,240464,2,2,0,0,0,2,2,15,0,18,11,2016,6,8,49,1,NULL,1,I-95,NULL,150,39.64654444,-75.84403056,0,12,1,0,1,1,0,1,1,1,0,1,0,0000000,99,99,99,99,99,99,0,0,0,1,0,4027
240465_2016,24,240465,1,1,0,0,0,1,1,510,50,21,10,2016,6,22,0,0,NULL,6,MU-100,NULL,18,39.24921111,-76.63992222,0,30,0,0,1,1,0,4,3,1,0,1,0,0000000,99,99,99,99,99,99,0,0,0,1,0,4028
240466_2016,24,240466,3,3,0,0,0,3,3,31,0,27,12,2016,3,11,21,1,NULL,2,US-29,CR-112,51,39.04644444,-76.98694167,0,12,6,0,2,2,0,1,1,1,0,1,0,0000000,99,99,99,99,99,99,0,0,0,1,0,4029
240467_2016,24,240467,1,1,0,1,1,1,1,33,0,5,11,2016,7,22,44,0,NULL,3,SR-202,NULL,115,38.92712222,-76.88346389,0,8,0,0,1,1,0,1,3,99,0,99,0,0000000,99,99,99,99,99,99,0,0,0,1,0,4030
240468_2016,24,240468,2,2,0,0,0,2,2,3,0,12,10,2016,4,19,25,1,NULL,1,I-97,NULL,97,39.08097222,-76.62676389,0,12,7,0,1,1,0,1,2,1,0,1,0,0000000,99,99,99,99,99,99,0,0,0,1,0,4031
240469_2016,24,240469,1,1,0,0,0,1,1,33,0,21,11,2016,2,8,37,0,NULL,4,CR-118,NULL,14,38.71042778,-76.99710278,0,42,0,0,1,1,0,4,9,1,0,1,0,0000000,99,99,99,99,88,88,0,0,0,1,0,4032
240470_2016,24,240470,2,2,0,0,0,4,4,17,0,24,11,2016,5,18,29,0,NULL,4,CR-47,CR-623,36,38.58530556,-76.91889444,0,12,6,0,2,2,0,1,2,1,0,1,0,0000000,99,99,99,99,99,99,0,0,0,1,0,4033
240471_2016,24,240471,3,3,0,0,0,7,7,15,0,24,11,2016,5,21,15,0,NULL,3,SR-273,NULL,81,39.70009167,-75.94293889,0,12,2,0,1,1,0,1,2,1,0,1,0,0000000,99,99,99,99,99,99,14,0,0,1,1,4034
240472_2016,24,240472,3,3,0,2,2,1,1,5,0,3,12,2016,7,8,35,1,NULL,1,I-695,NULL,66,39.29621667,-76.74235556,0,12,1,0,1,1,0,2,1,1,0,1,0,0000000,99,99,99,99,99,99,23,0,0,1,0,4035
240473_2016,24,240473,2,2,0,0,0,2,2,27,0,7,12,2016,4,6,54,0,NULL,4,CR-1160,CR-1640,2,39.18576111,-76.8461,0,12,6,0,2,3,0,1,4,10,0,10,0,0000000,99,99,99,99,99,99,0,0,0,1,0,4036
240474_2016,24,240474,1,1,0,0,0,1,1,33,0,12,12,2016,2,21,14,0,NULL,4,CR-367,NULL,25,38.86707778,-76.89238056,0,58,0,0,1,1,0,4,2,1,0,1,0,0000000,99,99,99,99,88,88,0,0,0,1,0,4037
240475_2016,24,240475,2,2,0,0,0,2,2,510,50,16,12,2016,6,10,16,1,NULL,1,I-895,NULL,111,39.32196667,-76.52985278,0,12,1,0,1,1,0,2,1,10,0,10,0,0000000,99,99,99,99,99,99,0,0,0,1,0,4038
240476_2016,24,240476,2,2,0,0,0,2,2,3,0,20,12,2016,3,16,28,0,NULL,3,SR-178,NULL,18,39.00919722,-76.56380556,0,12,2,0,1,1,0,1,5,1,0,1,0,0000000,99,99,99,99,99,99,0,0,0,1,0,4039
240477_2016,24,240477,1,1,0,1,1,1,1,43,0,17,12,2016,7,4,36,0,NULL,2,US-40,MU-5220,365,39.63935,-77.71392222,0,8,0,0,3,3,0,1,3,2,0,2,0,0000000,99,99,99,99,99,99,0,0,0,1,1,4040
240478_2016,24,240478,1,1,0,0,0,2,2,33,0,24,11,2016,5,15,8,0,NULL,4,CR-599,NULL,52,38.62248333,-76.74073056,0,42,0,0,1,1,0,4,1,1,0,1,0,0000000,99,99,99,99,99,99,0,0,0,1,0,4041
240479_2016,24,240479,1,1,0,1,1,1,1,15,0,15,11,2016,3,19,9,0,NULL,3,SR-273,NULL,108,39.68461667,-75.89808333,0,8,0,0,1,1,0,1,5,99,0,99,0,0000000,99,99,99,99,88,88,0,0,0,1,0,4042
240480_2016,24,240480,1,1,0,0,0,2,2,33,0,26,12,2016,2,13,2,0,NULL,4,CR-3434,NULL,3,39.10363333,-76.87920556,0,33,0,0,1,1,0,4,1,10,0,10,0,0000000,99,99,99,99,99,99,0,0,0,1,0,4043
240481_2016,24,240481,2,2,0,0,0,2,2,510,50,10,8,2016,4,10,0,0,NULL,3,SR-2,NULL,12,39.24721944,-76.61145556,0,12,2,0,1,1,0,1,1,1,0,1,0,0000000,99,99,99,99,99,99,0,0,0,1,1,4044
240482_2016,24,240482,2,2,0,0,0,4,4,510,50,31,12,2016,7,12,5,0,NULL,6,MU-101,NULL,0,39.27548333,-76.67150833,0,12,1,0,1,1,0,1,1,1,0,1,0,0000000,99,99,99,99,99,99,0,0,0,1,0,4045
240483_2016,24,240483,1,1,0,0,0,1,1,33,0,4,6,2016,7,20,50,0,NULL,3,SR-295,NULL,99999,99.9999,999.9999,0,99,99,0,1,1,0,1,9,99,0,99,0,0000000,99,99,99,99,99,99,0,0,0,1,0,4046
240484_2016,24,240484,1,1,0,0,0,1,1,33,0,16,7,2016,7,0,18,9,NULL,8,GV-119,NULL,99999,99.9999,999.9999,1,24,0,0,1,1,0,4,8,98,0,98,0,0000000,99,99,99,99,99,99,99,99,99,1,0,4047
100001_2014,10,100001,2,2,0,0,0,2,2,5,0,4,1,2014,7,8,8,0,4,3,SR-24,NULL,270,39.60136944,-75.27249444,0,12,6,0,1,1,0,1,1,8,0,8,0,0000000,8,9,8,17,88,88,0,0,0,1,0,4048
100002_2014,10,100002,2,2,0,0,0,5,5,3,0,25,1,2014,7,17,45,0,4,3,SR-100,NULL,7,39.78013056,-75.58798056,0,12,6,0,1,1,0,1,2,1,0,1,0,0000000,17,45,17,54,18,25,0,0,0,1,0,4049
100003_2014,10,100003,2,2,0,0,0,3,3,1,320,28,1,2014,3,20,31,1,2,2,US-113,"NEW WHARF ROAD",25,38.92558056,-75.41303333,0,12,6,0,7,1,0,1,3,4,0,4,0,0000000,99,99,99,99,99,99,0,0,0,1,0,4050
100004_2014,10,100004,2,2,0,0,0,3,3,3,0,28,1,2014,3,22,28,1,2,2,US-301,NULL,35,39.49403056,-75.71501944,0,12,2,0,1,1,0,1,2,4,0,4,0,0000000,22,25,22,32,23,14,0,0,0,1,1,4051
100005_2014,10,100005,1,1,0,1,1,1,1,3,490,1,2,2014,7,1,30,0,13,3,SR-48,NULL,13,39.75076111,-75.58411667,0,8,0,0,1,1,0,1,3,1,0,1,0,0000000,99,99,99,99,88,88,0,0,0,1,0,4052
100006_2014,10,100006,1,1,0,0,0,2,2,5,0,7,2,2014,6,18,12,0,6,4,CR-212,NULL,26,38.82266111,-75.33521944,0,30,0,0,1,1,0,4,2,1,0,1,0,0000000,18,17,18,18,18,47,0,0,0,2,1,4053
100007_2014,10,100007,2,2,0,0,0,4,4,5,0,8,2,2014,7,10,36,0,6,4,CR-353,CR-365,23,38.53754722,-75.14939444,0,12,6,0,2,2,0,1,1,1,0,1,0,0000000,10,39,10,46,99,99,0,0,0,1,0,4054
100008_2014,10,100008,2,2,0,0,0,2,2,1,0,18,2,2014,3,22,10,0,15,3,SR-10,NULL,16,39.11905,-75.50314722,0,12,6,0,1,1,0,1,2,1,0,1,0,0000000,22,18,22,25,99,99,0,0,0,1,1,4055
100009_2014,10,100009,2,2,0,0,0,3,3,3,0,25,2,2014,3,10,48,1,2,3,SR-1,NULL,41,39.351,-75.64158056,0,12,2,0,1,1,0,1,1,4,0,4,0,0000000,10,47,11,15,12,11,0,0,0,1,0,4056
100010_2014,10,100010,2,2,0,0,0,2,2,5,420,28,2,2014,6,17,8,0,15,5,"ROSS STATION ROAD",NULL,11,38.66326944,-75.62166111,0,12,2,0,1,1,0,1,1,1,0,1,0,0000000,17,14,17,18,17,44,0,0,0,1,1,4057
100011_2014,10,100011,4,4,0,0,0,4,4,3,0,6,3,2014,5,11,28,0,14,2,US-13,"BELLEVUE PARKWAY RD",40,39.77773889,-75.48905,0,12,1,0,3,2,0,1,1,1,0,1,0,0000000,11,28,11,32,12,10,0,0,0,1,1,4058
100012_2014,10,100012,1,1,0,0,0,1,1,5,0,13,3,2014,5,16,55,0,4,3,SR-17,NULL,49,38.50748056,-75.15941667,0,32,0,0,1,1,0,4,1,1,0,1,0,0000000,16,57,17,23,88,88,0,0,0,1,0,4059
100013_2014,10,100013,2,2,0,0,0,3,3,5,340,16,3,2014,1,16,8,0,4,3,SR-17,CR-365,61,38.52346667,-75.14671111,0,12,6,0,2,2,0,1,1,1,0,1,0,0000000,16,12,16,18,16,18,0,0,0,1,0,4060
100014_2014,10,100014,2,2,0,0,0,2,2,5,0,18,3,2014,3,14,15,9,99,3,"SR-1 COASTAL HWY","SR-16 BROADKILL RD",99999,38.80443889,-75.27246111,0,12,6,1,2,2,0,1,1,10,0,10,0,0000000,14,18,14,23,88,88,0,0,0,1,0,4061
100015_2014,10,100015,1,1,0,0,0,2,2,3,0,21,3,2014,6,1,18,0,14,3,SR-72,NULL,23,39.71601111,-75.73946111,0,33,0,0,1,1,0,3,2,1,0,1,0,0000000,1,21,1,27,88,88,0,0,0,2,1,4062
100016_2014,10,100016,3,3,0,0,0,5,5,3,0,22,3,2014,7,20,41,9,99,3,SR-4,"KINGSTON RD",99999,39.66201389,-75.73012778,0,12,6,0,2,2,0,1,2,1,0,1,0,0000000,20,43,20,47,21,0,0,0,0,1,0,4063
100017_2014,10,100017,2,2,0,0,0,3,3,5,0,25,3,2014,3,13,50,1,2,3,SR-1,"COASTAL HWY",82,38.83761944,-75.317325,0,12,6,0,2,2,0,1,1,10,8,8,0,0000000,13,53,14,1,14,48,0,0,0,1,1,4064
100018_2014,10,100018,2,2,0,0,0,2,2,3,0,5,4,2014,7,22,9,0,13,8,"DE SR-4/CHESNUT HILL RD","AUGUSTA DR",42,39.67471944,-75.70338056,0,12,6,1,2,2,0,1,3,1,0,1,0,0000000,22,9,22,14,22,27,0,0,0,1,0,4065
100019_2014,10,100019,3,2,1,0,0,2,2,3,150,23,3,2014,1,1,43,0,13,8,"E-KIRKWOOD HWY",NULL,128,39.73875,-75.591775,0,12,6,0,7,1,0,1,3,1,0,1,0,0000000,99,99,99,99,99,99,0,0,0,1,1,4066
100020_2014,10,100020,2,2,0,0,0,3,3,3,360,4,4,2014,6,22,13,0,14,5,"LIBRARY AVE",NULL,82,39.6694,-75.73883889,0,12,2,0,1,1,0,1,2,10,0,10,0,0000000,99,99,99,99,99,99,0,0,0,1,0,4067
100021_2014,10,100021,2,2,0,1,1,2,2,1,0,11,4,2014,6,22,40,0,6,8,"BARRETT'S CHAPEL RD",NULL,44,39.03496111,-75.48176111,0,34,0,0,1,1,0,4,2,1,0,1,0,0000000,22,43,22,51,99,99,0,0,0,2,1,4068
100022_2014,10,100022,1,1,0,0,0,3,3,3,0,12,4,2014,7,0,23,0,15,3,"SR-37 AIRPORT RD N/B",NULL,19,39.68545,-75.61685,0,31,0,0,1,1,0,4,2,10,0,10,0,0000000,0,20,0,24,0,44,0,0,0,2,1,4069