st_case_year,STATE,ST_CASE,VE_TOTAL,VE_FORMS,PVH_INVL,PEDS,PERNOTMVIT,PERMVIT,PERSONS,COUNTY,CITY,DAY,MONTH,YEAR,DAY_WEEK,HOUR,MINUTE,NHS,ROAD_FNC,ROUTE,TWAY_ID,TWAY_ID2,MILEPT,LATITUDE,LONGITUD,SP_JUR,HARM_EV,MAN_COLL,RELJCT1,RELJCT2,TYP_INT,WRK_ZONE,REL_ROAD,LGT_COND,WEATHER1,WEATHER2,WEATHER,SCH_BUS,RAIL,NOT_HOUR,NOT_MIN,ARR_HOUR,ARR_MIN,HOSP_HR,HOSP_MN,CF1,CF2,CF3,FATALS,DRUNK_DR,idno
240101_2014,24,240101,1,1,0,1,1,1,1,31,0,29,4,2014,3,5,9,0,13,4,CR-1659,"MIDDLEVALE LN",43,39.06449444,-77.03909167,0,8,0,0,3,2,0,1,3,2,0,2,0,0000000,99,99,99,99,99,99,0,0,0,1,0,4274
240102_2014,24,240102,1,1,0,0,0,1,1,5,0,5,5,2014,2,11,45,1,11,1,I-95,NULL,0,39.22524444,-76.71805278,0,1,0,0,1,1,0,1,1,1,0,1,0,0000000,99,99,99,99,88,88,0,0,0,1,0,4275
240103_2014,24,240103,2,2,0,0,0,4,4,5,0,5,5,2014,2,19,44,1,11,1,I-95,NULL,211,39.41453889,-76.5926,0,12,6,0,1,1,0,1,1,1,0,1,0,0000000,99,99,99,99,99,99,0,0,0,1,0,4276
240104_2014,24,240104,2,2,0,0,0,2,2,31,0,19,1,2014,1,18,56,0,13,3,SR-124,"QUINCE ORCHARD BLVD",21,39.13440556,-77.22379167,0,12,6,0,2,3,0,1,3,1,0,1,0,0000000,99,99,99,99,99,99,0,0,0,2,0,4277
240105_2014,24,240105,2,2,0,0,0,2,2,15,0,11,4,2014,6,15,50,0,3,3,SR-276,NULL,39,39.64404722,-76.07241944,0,12,2,0,1,1,0,1,1,1,0,1,0,0000000,99,99,99,99,99,99,0,0,0,1,0,4278
240106_2014,24,240106,1,1,0,1,1,3,3,33,830,12,4,2014,7,23,58,0,13,3,SR-650,"BELFORD PLACE",5,38.973025,-76.99683611,0,8,0,0,2,3,0,1,3,1,0,1,0,0000000,99,99,99,99,88,88,0,0,0,1,0,4279
240107_2014,24,240107,1,1,0,1,1,2,2,27,0,25,4,2014,6,22,12,0,14,4,CR-794,NULL,0,99.9999,999.9999,0,8,0,0,1,1,0,1,2,4,0,4,0,0000000,99,99,99,99,88,88,0,0,0,1,0,4280
240108_2014,24,240108,1,1,0,0,0,2,2,43,0,8,5,2014,5,12,59,1,11,1,I-70,NULL,201,39.65080833,-77.86921667,0,35,0,0,1,1,0,4,1,1,0,1,0,0000000,99,99,99,99,99,99,26,0,0,1,0,4281
240109_2014,24,240109,2,2,0,0,0,2,2,13,0,8,5,2014,5,21,23,0,3,3,SR-26,NULL,121,39.395,-76.9102,0,12,2,0,1,1,0,1,2,1,0,1,0,0000000,99,99,99,99,99,99,0,0,0,1,0,4282
240110_2014,24,240110,2,2,0,0,0,3,3,33,0,9,5,2014,6,23,53,1,11,1,I-95,NULL,131,38.87381667,-76.84388056,0,12,6,0,1,1,0,1,2,1,0,1,0,0000000,99,99,99,99,99,99,0,0,0,1,0,4283
240111_2014,24,240111,1,1,0,0,0,3,3,33,0,10,5,2014,7,4,31,1,12,2,US-50,NULL,2,38.91907222,-76.9366,0,42,0,0,1,1,0,4,3,1,0,1,0,0000000,99,99,99,99,99,99,0,0,0,2,1,4284
240112_2014,24,240112,1,1,0,1,1,1,1,33,0,10,5,2014,7,20,31,1,11,1,I-95,NULL,147,38.88802778,-76.84557778,0,8,0,0,1,1,0,1,5,1,0,1,0,0000000,99,99,99,99,99,99,0,0,0,1,0,4285
240113_2014,24,240113,1,1,0,0,0,1,1,33,0,11,5,2014,1,18,28,1,11,1,"I-95 RAMP",NULL,4,38.94530278,-76.85909167,0,25,0,1,5,1,0,4,1,1,0,1,0,0000000,99,99,99,99,99,99,0,0,0,1,1,4286
240114_2014,24,240114,2,2,0,0,0,2,2,45,0,12,5,2014,2,16,32,1,2,2,US-13,CR-528,157,38.45318611,-75.55868056,0,12,6,0,2,2,0,1,1,1,0,1,0,0000000,99,99,99,99,99,99,0,0,0,1,0,4287
240115_2014,24,240115,1,1,0,0,0,3,3,5,0,13,5,2014,3,15,49,1,11,1,I-83,NULL,48,39.42229722,-76.63916667,0,42,0,0,5,1,0,4,1,1,0,1,0,0000000,99,99,99,99,88,88,0,0,0,3,1,4288
240116_2014,24,240116,2,2,0,0,0,2,2,33,0,5,5,2014,2,2,36,1,12,3,SR-210,NULL,89,38.757625,-76.99341667,0,12,2,0,1,1,0,1,2,1,0,1,0,0000000,99,99,99,99,99,99,0,0,0,1,1,4289
240117_2014,24,240117,3,3,0,0,0,3,3,17,0,16,5,2014,6,20,26,0,4,3,SR-381,CR-1541,7,38.54888611,-76.74395278,0,12,6,0,2,3,0,1,2,1,0,1,0,0000000,99,99,99,99,99,99,14,0,0,1,0,4290
240118_2014,24,240118,1,1,0,0,0,1,1,31,0,17,5,2014,7,14,4,1,11,1,I-495,NULL,82,39.01439722,-77.05969722,0,25,0,0,1,1,0,4,1,1,0,1,0,0000000,99,99,99,99,99,99,0,0,0,1,0,4291
240119_2014,24,240119,2,1,1,2,2,1,1,17,0,16,5,2014,6,21,29,0,5,3,SR-231,NULL,15,38.53075833,-76.81261944,0,8,0,0,1,1,0,1,2,1,0,1,0,0000000,99,99,99,99,99,99,0,0,0,2,0,4292
240120_2014,24,240120,2,2,0,0,0,3,3,15,0,19,5,2014,2,0,19,1,11,1,I-95,NULL,50,39.61284722,-76.01017778,0,12,1,0,1,1,1,2,3,1,0,1,0,0000000,99,99,99,99,99,99,3,0,0,1,1,4293
240121_2014,24,240121,2,2,0,0,0,2,2,33,0,8,5,2014,5,14,13,0,13,3,SR-214,"STATON DR",73,38.90033611,-76.78185,0,12,6,0,2,3,0,1,1,1,0,1,0,0000000,99,99,99,99,99,99,0,0,0,1,0,4294
240122_2014,24,240122,2,2,0,0,0,6,6,5,0,4,5,2014,1,13,56,1,11,1,I-95,NULL,24,39.34865278,-76.49731944,0,12,1,0,20,1,0,1,1,1,0,1,0,0000000,99,99,99,99,99,99,0,0,0,1,0,4295
240123_2014,24,240123,1,1,0,0,0,2,2,3,0,16,5,2014,6,3,29,1,12,2,US-50,NULL,113,38.96171667,-76.64926111,0,24,0,0,1,1,0,3,2,2,0,2,0,0000000,99,99,99,99,88,88,0,0,0,1,1,4296
240124_2014,24,240124,2,2,0,0,0,2,2,5,0,23,5,2014,6,19,54,1,11,1,I-83,NULL,22,39.39295278,-76.66713889,0,12,7,0,1,1,0,1,5,1,0,1,0,0000000,99,99,99,99,99,99,0,0,0,1,0,4297
240125_2014,24,240125,2,2,0,0,0,2,2,33,0,25,5,2014,1,23,0,0,13,3,SR-214,"IS-95 RAMP",36,38.89294722,-76.84437222,0,12,6,0,2,2,0,1,3,1,0,1,0,0000000,99,99,99,99,99,99,0,0,0,1,1,4298
240126_2014,24,240126,1,1,0,0,0,1,1,45,0,27,5,2014,3,16,15,0,6,4,CR-333,NULL,4,38.40709722,-75.4194,0,42,0,0,1,1,0,4,1,1,0,1,0,0000000,99,99,99,99,99,99,0,0,0,1,1,4299
240127_2014,24,240127,1,1,0,1,1,1,1,33,0,18,5,2014,1,12,53,0,13,3,SR-193,CR-2760,7,38.98549444,-76.98184444,0,8,0,0,2,2,0,1,8,98,0,98,0,0000000,99,99,99,99,99,99,0,0,0,1,0,4300
240128_2014,24,240128,1,1,0,1,1,1,1,5,0,22,5,2014,5,21,36,0,13,2,US-40,NULL,255,39.40746111,-76.39225833,0,8,0,0,1,1,0,1,2,1,0,1,0,0000000,99,99,99,99,88,88,0,0,0,1,0,4301
240129_2014,24,240129,2,2,0,0,0,2,2,33,0,23,5,2014,6,19,1,1,13,3,SR-210,"WILSON BRIDGE DRIVE",120,38.78723333,-76.99818611,0,12,6,0,2,3,0,1,1,1,0,1,0,0000000,99,99,99,99,99,99,0,0,0,1,0,4302
240130_2014,24,240130,1,1,0,0,0,1,1,33,450,24,5,2014,7,1,41,0,14,4,CR-4136,NULL,2,38.84736111,-76.86467222,0,43,0,0,1,1,0,5,3,1,0,1,0,0000000,99,99,99,99,99,99,0,0,0,1,0,4303
240131_2014,24,240131,2,2,0,0,0,3,3,33,240,24,5,2014,7,18,1,0,13,3,SR-214,CR-2802,13,38.88768056,-76.88970556,0,12,6,0,2,2,0,1,1,1,0,1,0,0000000,99,99,99,99,99,99,0,0,0,1,0,4304
240132_2014,24,240132,1,1,0,0,0,2,2,5,0,23,5,2014,6,23,11,0,4,4,CR-315,NULL,5,39.48477222,-76.52805278,0,16,0,0,1,1,0,1,2,1,0,1,0,0000000,99,99,99,99,99,99,0,0,0,1,0,4305
240133_2014,24,240133,1,1,0,0,0,1,1,13,0,25,5,2014,1,18,5,0,6,4,CR-634,NULL,0,39.44818889,-76.95088611,0,1,0,0,1,1,0,1,1,1,0,1,0,0000000,99,99,99,99,99,99,0,0,0,1,0,4306
240134_2014,24,240134,1,1,0,0,0,1,1,5,0,29,5,2014,5,16,11,1,12,3,SR-295,NULL,14,39.24641111,-76.64699167,0,25,0,0,1,1,0,3,1,2,0,2,0,0000000,99,99,99,99,99,99,0,0,0,1,0,4307
240135_2014,24,240135,2,2,0,0,0,2,2,9,0,11,5,2014,1,15,16,1,2,3,SR-2,NULL,162,38.50883333,-76.56245833,0,12,2,0,1,1,0,1,1,1,0,1,0,0000000,99,99,99,99,99,99,20,0,0,1,0,4308
240136_2014,24,240136,1,1,0,1,1,1,1,11,0,1,6,2014,1,13,9,0,3,3,SR-328,NULL,4,38.8655,-75.867,0,9,0,0,1,1,0,2,1,1,0,1,0,0000000,99,99,99,99,99,99,0,0,0,1,0,4309
240137_2014,24,240137,2,2,0,0,0,2,2,25,0,2,6,2014,2,13,32,0,14,4,CR-508,NULL,12,39.414575,-76.35764722,0,12,2,0,1,1,0,1,1,1,0,1,0,0000000,99,99,99,99,99,99,0,0,0,1,1,4310
240138_2014,24,240138,1,1,0,0,0,1,1,17,0,4,6,2014,4,23,15,0,14,4,CR-623,C6-345,17,38.60101667,-76.90716667,0,42,0,0,3,3,0,6,2,2,0,2,0,0000000,99,99,99,99,99,99,0,0,0,1,1,4311
240139_2014,24,240139,1,1,0,0,0,1,1,510,50,21,3,2014,6,7,9,1,11,1,I-83,NULL,0,39.32343611,-76.63242222,0,25,0,0,1,1,0,4,1,1,0,1,0,0000000,99,99,99,99,88,88,0,0,0,1,0,4312
240140_2014,24,240140,1,1,0,0,0,2,2,510,50,10,3,2014,2,22,20,0,14,6,"GARRISON BLVD",NULL,7,39.32066389,-76.67750278,0,33,0,0,1,1,0,4,3,1,0,1,0,0000000,99,99,99,99,99,99,0,0,0,1,0,4313
240141_2014,24,240141,2,2,0,1,1,2,2,5,1296,1,5,2014,5,22,51,0,13,3,SR-26,NULL,48,39.37129444,-76.80388889,0,8,0,0,1,1,0,1,3,1,0,1,0,0000000,99,99,99,99,88,88,0,0,0,1,0,4314
240142_2014,24,240142,1,1,0,1,1,2,2,33,0,3,5,2014,7,20,58,0,13,3,SR-202,NULL,139,38.93783889,-76.92305,0,8,0,0,1,1,0,1,3,1,0,1,0,0000000,99,99,99,99,99,99,0,0,0,1,0,4315
240143_2014,24,240143,1,1,0,0,0,2,2,37,0,5,6,2014,5,18,53,0,4,3,SR-242,NULL,69,38.30263333,-76.74875,0,34,0,0,1,1,0,4,1,1,0,1,0,0000000,99,99,99,99,99,99,0,0,0,1,1,4316
240144_2014,24,240144,1,1,0,0,0,1,1,43,0,5,6,2014,5,13,2,0,13,2,US-40,NULL,401,39.59341111,-77.67846111,0,35,0,0,1,1,0,4,1,1,0,1,0,0000000,99,99,99,99,88,88,0,0,0,1,1,4317
240145_2014,24,240145,1,1,0,0,0,1,1,33,0,7,6,2014,7,20,3,1,11,1,I-95,NULL,30,38.91381944,-76.85047222,0,20,0,0,1,1,0,4,1,1,0,1,0,0000000,99,99,99,99,99,99,0,0,0,1,0,4318
240146_2014,24,240146,1,1,0,0,0,1,1,47,0,8,6,2014,1,4,1,1,2,2,US-50,NULL,96,38.34335556,-75.16138889,0,32,0,0,1,1,0,3,3,1,0,1,0,0000000,99,99,99,99,99,99,0,0,0,1,1,4319
240147_2014,24,240147,1,1,0,0,0,4,4,25,0,8,6,2014,1,19,24,0,6,3,SR-99,NULL,4,39.6927,-76.41465556,0,30,0,0,1,1,0,4,1,1,0,1,0,0000000,99,99,99,99,88,88,0,0,0,1,1,4320
240148_2014,24,240148,2,2,0,0,0,4,4,43,0,9,6,2014,2,9,58,0,3,3,SR-67,"GARRETTS MILL RD",13,39.35075833,-77.68020278,0,12,1,0,2,2,0,1,1,1,0,1,0,0000000,99,99,99,99,99,99,0,0,0,1,0,4321
240149_2014,24,240149,2,2,0,0,0,2,2,5,0,9,6,2014,2,14,46,0,14,4,CR-3239,CR-3200,14,39.23758333,-76.66341389,0,12,6,0,2,2,0,1,1,1,0,1,0,0000000,99,99,99,99,99,99,0,0,0,1,0,4322
240150_2014,24,240150,2,2,0,0,0,7,7,43,0,12,6,2014,5,15,3,0,13,3,SR-60,NULL,12,39.67393056,-77.69136389,0,12,2,0,1,1,0,1,1,1,0,1,0,0000000,99,99,99,99,99,99,0,0,0,1,0,4323
240151_2014,24,240151,1,1,0,0,0,3,3,15,0,14,6,2014,7,0,0,0,4,3,SR-7C,NULL,97,39.60620833,-75.85396111,0,1,0,0,1,1,0,1,6,1,0,1,0,0000000,99,99,99,99,88,88,0,0,0,1,1,4324
240152_2014,24,240152,1,1,0,0,0,6,6,27,0,23,6,2014,2,4,18,1,11,1,I-70,NULL,10,39.351425,-77.11431944,0,24,0,0,1,1,0,3,2,1,0,1,0,0000000,99,99,99,99,99,99,0,0,0,1,0,4325
240153_2014,24,240153,2,2,0,0,0,3,3,27,0,12,6,2014,5,21,39,0,4,4,CR-70,"I-70 ACCESS RD",12,39.30483056,-76.89888611,0,12,6,0,2,3,0,1,2,1,0,1,0,0000000,99,99,99,99,99,99,0,0,0,1,0,4326
240154_2014,24,240154,1,1,0,0,0,1,1,1,0,28,6,2014,7,3,56,1,11,1,I-68,NULL,146,39.67313333,-78.73002778,0,25,0,0,1,1,0,3,2,1,0,1,0,0000000,99,99,99,99,88,88,0,0,0,1,0,4327
240155_2014,24,240155,2,2,0,0,0,4,4,33,0,8,7,2014,3,10,23,0,13,3,SR-214,CR-366,8,38.88743333,-76.89199722,0,12,2,0,2,2,0,1,1,1,0,1,0,0000000,99,99,99,99,99,99,0,0,0,1,1,4328
240156_2014,24,240156,1,1,0,0,0,3,3,33,0,17,7,2014,5,22,44,0,6,4,CR-3853,NULL,5,38.665825,-76.88328889,0,33,0,0,1,1,0,4,3,1,0,1,0,0000000,99,99,99,99,99,99,0,0,0,1,0,4329
240157_2014,24,240157,2,2,0,0,0,2,2,13,0,20,6,2014,6,7,6,0,3,3,SR-97,SR-32,124,39.52240278,-76.98934167,0,12,6,0,2,3,0,1,1,1,0,1,0,0000000,99,99,99,99,99,99,0,0,0,1,0,4330
240158_2014,24,240158,1,1,0,1,1,1,1,13,0,21,6,2014,7,21,32,1,13,3,SR-140,NULL,80,39.56531667,-76.97526111,0,8,0,0,1,1,0,1,2,10,0,10,0,0000000,99,99,99,99,99,99,0,0,0,1,0,4331
240159_2014,24,240159,2,2,0,0,0,3,3,11,0,25,6,2014,4,16,37,0,3,3,SR-577,NULL,37,38.67053056,-75.74814167,0,12,1,0,1,1,1,1,1,1,0,1,0,0000000,99,99,99,99,99,99,0,0,0,1,0,4332
240160_2014,24,240160,3,3,0,0,0,3,3,11,0,26,6,2014,5,9,52,0,3,3,SR-331,NULL,2,38.74723333,-75.95140556,0,12,1,0,1,1,1,1,1,1,0,1,0,0000000,99,99,99,99,99,99,0,0,0,1,1,4333
240161_2014,24,240161,1,1,0,1,1,1,1,33,830,10,5,2014,7,3,44,0,15,4,CR-1599,NULL,12,38.95624444,-76.96633333,0,8,0,0,1,1,0,1,3,1,0,1,0,0000000,99,99,99,99,99,99,0,0,0,1,0,4334
240162_2014,24,240162,1,1,0,1,1,1,1,5,0,14,5,2014,4,21,26,0,13,3,SR-150,NULL,12,39.295925,-76.508425,0,8,0,0,1,1,0,1,3,1,0,1,0,0000000,99,99,99,99,99,99,0,0,0,1,0,4335
240163_2014,24,240163,2,2,0,0,0,2,2,3,0,23,5,2014,6,7,0,0,14,3,SR-175,CO-938,81,39.13828333,-76.75226111,0,12,6,0,2,2,0,1,1,1,0,1,0,0000000,99,99,99,99,99,99,99,99,99,1,0,4336
240164_2014,24,240164,2,2,0,0,0,3,3,5,0,6,6,2014,6,15,23,0,4,4,CR-722,NULL,53,39.44822778,-76.721825,0,12,2,0,1,1,0,1,1,1,0,1,0,0000000,99,99,99,99,99,99,0,0,0,1,0,4337
240165_2014,24,240165,1,1,0,0,0,1,1,45,0,8,6,2014,1,20,8,0,5,4,CR-406,NULL,14,38.399975,-75.53687778,0,34,0,0,1,1,0,4,5,1,0,1,0,0000000,99,99,99,99,99,99,0,0,0,1,0,4338
240166_2014,24,240166,1,1,0,0,0,3,3,3,0,18,6,2014,4,21,27,1,12,3,SR-100,NULL,69,39.20266389,-76.60035833,0,42,0,0,1,1,1,3,3,10,0,10,0,0000000,99,99,99,99,99,99,0,0,0,1,0,4339
240167_2014,24,240167,2,2,0,0,0,2,2,27,0,17,6,2014,3,11,13,0,13,2,US-40,"ROGERS AVE",190,39.28273056,-76.81044167,0,12,2,0,2,2,0,1,1,1,0,1,0,0000000,99,99,99,99,99,99,0,0,0,1,0,4340
240168_2014,24,240168,1,1,0,1,1,1,1,5,0,7,6,2014,7,23,47,0,14,4,CR-4967,NULL,6,39.30727778,-76.44363611,0,8,0,0,1,1,0,1,3,1,0,1,0,0000000,99,99,99,99,99,99,0,0,0,1,0,4341
240169_2014,24,240169,1,1,0,0,0,1,1,5,0,7,6,2014,7,22,58,0,15,3,SR-134,NULL,4,39.38516944,-76.63340833,0,33,0,0,1,1,0,4,2,1,0,1,0,0000000,99,99,99,99,88,88,0,0,0,1,1,4342
240170_2014,24,240170,1,1,0,0,0,2,2,43,0,23,6,2014,2,5,12,0,5,4,CR-1271,NULL,0,39.66075278,-77.55972778,0,42,0,0,1,1,0,4,4,1,0,1,0,0000000,99,99,99,99,88,88,0,0,0,2,0,4343
240171_2014,24,240171,1,1,0,0,0,1,1,3,0,28,6,2014,7,0,1,0,16,4,CR-2473,NULL,1,39.0384,-76.45678611,0,43,0,0,1,1,0,3,7,1,0,1,0,0000000,99,99,99,99,88,88,0,0,0,1,1,4344
240172_2014,24,240172,1,1,0,0,0,1,1,33,0,17,6,2014,3,14,18,0,4,3,SR-382,NULL,99,38.73283611,-76.76275833,0,42,0,0,1,1,0,4,1,1,0,1,0,0000000,99,99,99,99,99,99,0,0,0,1,0,4345
240173_2014,24,240173,1,1,0,0,0,3,3,33,0,15,6,2014,1,20,29,0,13,3,SR-214,NULL,24,38.88914722,-76.87208611,0,43,0,0,1,1,0,3,5,1,0,1,0,0000000,99,99,99,99,99,99,0,0,0,1,0,4346
240174_2014,24,240174,1,1,0,0,0,1,1,47,0,8,7,2014,3,5,29,1,12,3,SR-90,NULL,77,38.38879722,-75.13467222,0,42,0,0,1,1,0,4,4,1,0,1,0,0000000,99,99,99,99,99,99,0,0,0,1,1,4347
240175_2014,24,240175,1,1,0,0,0,1,1,33,0,1,7,2014,3,22,49,0,13,3,SR-193,NULL,94,38.99101667,-76.83807222,0,33,0,0,1,1,0,3,2,1,0,1,0,0000000,99,99,99,99,99,99,0,0,0,1,1,4348
240176_2014,24,240176,2,2,0,0,0,4,4,31,0,4,7,2014,6,18,21,0,13,3,SR-198,CR-2190,45,39.10641944,-76.91475556,0,12,6,0,2,3,0,1,1,1,0,1,0,0000000,99,99,99,99,99,99,0,0,0,1,0,4349
240177_2014,24,240177,1,1,0,0,0,1,1,31,0,4,7,2014,6,17,5,0,13,3,SR-193,NULL,37,39.02573333,-77.02022222,0,33,0,0,1,1,0,4,1,1,0,1,0,0000000,99,99,99,99,99,99,0,0,0,1,1,4350
240178_2014,24,240178,2,2,0,0,0,2,2,5,0,8,7,2014,3,15,10,1,13,2,US-1,NULL,190,39.392875,-76.48698611,0,12,2,0,1,1,0,1,1,1,0,1,0,0000000,99,99,99,99,99,99,0,0,0,1,0,4351
240179_2014,24,240179,2,2,0,0,0,2,2,45,0,6,7,2014,1,23,45,1,2,2,US-13,"FOSKEY LA",151,38.44536667,-75.56064167,0,12,6,0,2,2,0,1,8,1,0,1,0,0000000,99,99,99,99,99,99,0,0,0,1,1,4352
240180_2014,24,240180,2,2,0,0,0,3,3,27,0,9,7,2014,4,9,7,1,11,1,I-70,NULL,106,39.31546667,-76.97374167,0,12,1,0,1,1,0,1,1,1,0,1,0,0000000,99,99,99,99,88,88,0,0,0,1,0,4353
240181_2014,24,240181,1,1,0,0,0,1,1,19,0,13,7,2014,1,2,8,0,3,3,SR-343,NULL,69,38.57237778,-76.13510278,0,34,0,0,1,1,0,4,2,1,0,1,0,0000000,99,99,99,99,88,88,0,0,0,1,1,4354
240182_2014,24,240182,1,1,0,1,1,2,2,33,370,6,7,2014,1,2,57,0,13,2,US-1,NULL,36,38.97967778,-76.93783611,0,8,0,0,1,1,0,1,3,1,0,1,0,0000000,99,99,99,99,88,88,0,0,0,1,1,4355
240183_2014,24,240183,1,1,0,0,0,1,1,31,0,11,7,2014,6,20,40,0,16,8,"BEACH DRIVE",NULL,8,38.98649444,-77.05446944,1,42,0,0,1,1,0,4,2,1,0,1,0,0000000,99,99,99,99,99,99,0,0,0,1,1,4356
240184_2014,24,240184,1,1,0,0,0,1,1,33,0,12,7,2014,7,20,52,0,16,4,CR-4864,NULL,5,38.82573056,-76.76365833,0,33,0,0,1,1,0,4,3,1,0,1,0,0000000,99,99,99,99,99,99,0,0,0,1,1,4357
240185_2014,24,240185,1,1,0,1,1,2,2,33,0,14,7,2014,2,16,50,0,15,4,CR-21,NULL,21,39.05636667,-76.86591389,0,8,0,0,1,1,0,1,1,1,0,1,0,0000000,99,99,99,99,99,99,0,0,0,1,0,4358
240186_2014,24,240186,1,1,0,1,1,1,1,33,0,4,7,2014,6,21,11,1,12,3,SR-4,NULL,97,38.84138056,-76.8757,0,8,0,0,1,1,0,1,2,1,0,1,0,0000000,99,99,99,99,88,88,0,0,0,1,0,4359
240187_2014,24,240187,2,2,0,0,0,2,2,17,0,23,7,2014,4,15,32,1,2,3,SR-5,"HERBERT RD",5,38.51726389,-76.77497222,0,33,0,0,3,3,0,4,1,1,0,1,0,0000000,99,99,99,99,99,99,0,0,0,1,1,4360
240188_2014,24,240188,1,1,0,0,0,1,1,19,0,27,7,2014,1,1,50,0,6,4,CR-1,NULL,37,38.24723611,-75.79425278,0,34,0,0,1,1,0,4,2,1,0,1,0,0000000,99,99,99,99,99,99,0,0,0,1,1,4361
240189_2014,24,240189,2,2,0,0,0,2,2,11,0,28,7,2014,2,13,58,0,4,3,SR-302,NULL,2,39.13393333,-75.78245833,0,12,2,0,1,1,0,1,1,1,0,1,0,0000000,99,99,99,99,99,99,0,0,0,1,1,4362
240190_2014,24,240190,4,4,0,0,0,4,4,31,0,9,7,2014,4,13,18,1,12,2,US-29,CR-98,76,39.07333333,-76.95581389,0,12,7,0,3,2,0,1,1,1,0,1,0,0000000,99,99,99,99,99,99,0,0,0,1,0,4363
240191_2014,24,240191,1,1,0,1,1,1,1,43,0,31,7,2014,5,0,24,0,3,2,US-40,NULL,338,39.65346667,-77.75684167,0,8,0,0,1,1,0,1,2,2,0,2,0,0000000,99,99,99,99,99,99,0,0,0,1,0,4364
240192_2014,24,240192,3,3,0,0,0,3,3,3,0,30,7,2014,4,19,15,0,4,3,SR-450,"GIBRALTER AVE",102,38.98196667,-76.53064167,0,1,0,0,3,3,0,1,1,1,0,1,0,0000000,99,99,99,99,99,99,0,0,0,1,1,4365
240193_2014,24,240193,2,2,0,0,0,3,3,3,0,26,7,2014,7,14,16,0,3,3,SR-424,CR-2715,19,38.945875,-76.64290278,0,12,6,0,2,2,0,1,1,1,0,1,0,0000000,99,99,99,99,99,99,0,0,0,1,0,4366
240194_2014,24,240194,5,5,0,0,0,10,10,33,0,18,7,2014,6,17,47,1,12,3,SR-5,SR-373,30,38.70094722,-76.87561389,0,12,6,0,2,2,0,1,1,1,0,1,0,0000000,99,99,99,99,99,99,0,0,0,1,0,4367
240195_2014,24,240195,1,1,0,0,0,1,1,15,0,2,8,2014,7,20,20,0,4,3,SR-285,NULL,21,39.54016667,-75.78184167,0,34,0,0,1,1,0,4,5,1,0,1,0,0000000,99,99,99,99,99,99,0,0,0,1,1,4368
240196_2014,24,240196,3,3,0,0,0,3,3,25,0,3,8,2014,1,6,9,0,3,3,SR-146,NULL,8,39.57266667,-76.51944167,0,12,8,0,1,1,0,1,4,1,0,1,0,0000000,99,99,99,99,99,99,0,0,0,1,0,4369
240197_2014,24,240197,1,1,0,1,1,1,1,31,0,3,8,2014,1,23,38,0,3,3,SR-28,"MAPLE AVE",233,39.08218056,-77.13701389,0,8,0,0,2,2,0,1,3,2,0,2,0,0000000,99,99,99,99,99,99,0,0,0,1,0,4370
240198_2014,24,240198,1,1,0,1,1,1,1,33,0,5,8,2014,3,21,48,1,12,3,SR-4,NULL,20,38.812575,-76.75050833,0,8,0,0,1,1,0,1,2,1,0,1,0,0000000,99,99,99,99,99,99,0,0,0,1,0,4371
240199_2014,24,240199,1,1,0,2,2,3,3,31,0,1,7,2014,3,20,32,0,13,3,SR-193,NULL,0,39.01186667,-77.00005833,0,33,0,0,1,1,0,4,5,98,0,98,0,0000000,99,99,99,99,99,99,0,0,0,1,0,4372
240200_2014,24,240200,1,1,0,1,1,1,1,5,543,18,7,2014,6,20,56,0,6,5,CR-4967,CR-4849,69,39.306975,-76.44336389,0,8,0,0,2,3,0,1,3,1,0,1,0,0000000,99,99,99,99,99,99,0,0,0,1,0,4373
240201_2014,24,240201,1,1,0,0,0,3,3,25,0,10,8,2014,1,1,25,0,15,4,CR-1036,NULL,21,39.54539722,-76.32516111,0,40,0,0,1,1,0,4,3,1,0,1,0,0000000,99,99,99,99,99,99,0,0,0,1,1,4374
240202_2014,24,240202,2,2,0,0,0,2,2,21,0,11,8,2014,2,5,12,1,2,2,US-15,CR-1253,300,39.64773333,-77.39407222,0,12,6,0,2,2,0,1,2,1,0,1,0,0000000,99,99,99,99,88,88,0,0,0,1,0,4375
240203_2014,24,240203,2,2,0,0,0,2,2,21,0,14,8,2014,5,17,31,1,11,1,I-70,NULL,154,39.4002,-77.4084,0,12,1,0,1,1,0,1,1,1,0,1,0,0000000,99,99,99,99,99,99,26,0,0,1,0,4376
240204_2014,24,240204,2,2,0,0,0,2,2,15,0,18,8,2014,2,17,53,0,3,3,SR-273,CR-90,87,39.70014167,-75.93152222,0,12,6,0,2,2,0,1,1,1,0,1,0,0000000,99,99,99,99,88,88,0,0,0,1,0,4377
240205_2014,24,240205,1,1,0,1,1,1,1,31,0,6,8,2014,4,23,15,0,13,3,SR-355,NULL,58,39.04389444,-77.11144444,0,8,0,0,1,1,0,1,3,1,0,1,0,0000000,99,99,99,99,99,99,0,0,0,1,0,4378
240206_2014,24,240206,2,2,0,0,0,2,2,31,0,27,8,2014,4,15,53,0,4,3,SR-190,CR-4815,30,39.06061944,-77.28200556,0,1,0,0,2,2,0,1,1,1,0,1,0,0000000,99,99,99,99,99,99,0,0,0,1,0,4379
240207_2014,24,240207,3,3,0,0,0,3,3,25,0,14,8,2014,5,14,34,1,13,2,US-1,SR-24,46,39.54339722,-76.36911389,0,12,1,0,3,3,0,1,1,1,0,1,0,0000000,99,99,99,99,99,99,0,0,0,1,0,4380