st_case_year,STATE,ST_CASE,VE_TOTAL,VE_FORMS,PVH_INVL,PEDS,PERNOTMVIT,PERMVIT,PERSONS,COUNTY,CITY,DAY,MONTH,YEAR,DAY_WEEK,HOUR,MINUTE,NHS,ROAD_FNC,ROUTE,TWAY_ID,TWAY_ID2,MILEPT,LATITUDE,LONGITUD,SP_JUR,HARM_EV,MAN_COLL,RELJCT1,RELJCT2,TYP_INT,WRK_ZONE,REL_ROAD,LGT_COND,WEATHER1,WEATHER2,WEATHER,SCH_BUS,RAIL,NOT_HOUR,NOT_MIN,ARR_HOUR,ARR_MIN,HOSP_HR,HOSP_MN,CF1,CF2,CF3,FATALS,DRUNK_DR,idno
240208_2014,24,240208,3,3,0,0,0,5,5,5,0,16,8,2014,7,14,2,0,4,3,SR-439,CR-117,8,39.70211389,-76.63215833,0,12,1,0,2,3,0,1,1,1,0,1,0,0000000,99,99,99,99,88,88,0,0,0,1,1,4381
240209_2014,24,240209,1,1,0,1,1,2,2,5,0,9,8,2014,7,0,19,0,15,3,SR-8007,NULL,3,39.27728889,-76.48114167,0,8,0,0,1,1,0,1,3,1,0,1,0,0000000,99,99,99,99,99,99,0,0,0,1,0,4382
240210_2014,24,240210,1,1,0,0,0,1,1,5,0,13,8,2014,4,5,22,0,13,3,SR-542,NULL,13,39.38851389,-76.57193611,0,33,0,0,1,1,0,3,2,10,0,10,0,0000000,99,99,99,99,88,88,0,0,0,1,1,4383
240211_2014,24,240211,2,2,0,0,0,2,2,21,0,22,8,2014,6,22,50,1,2,2,US-340,NULL,83,39.359875,-77.53104444,0,12,1,0,1,1,0,2,3,1,0,1,0,0000000,99,99,99,99,88,88,0,0,0,1,0,4384
240212_2014,24,240212,2,2,0,0,0,2,2,31,0,24,8,2014,1,18,25,0,4,4,CR-27,NULL,13,39.20752222,-77.22786389,0,12,2,0,1,1,0,1,1,1,0,1,0,0000000,99,99,99,99,99,99,0,0,0,1,1,4385
240213_2014,24,240213,1,1,0,1,1,1,1,5,0,27,8,2014,4,22,24,0,13,3,SR-150,CR-4582,56,39.32882222,-76.44055833,0,8,0,0,2,2,0,1,3,1,0,1,0,0000000,99,99,99,99,99,99,0,0,0,1,0,4386
240214_2014,24,240214,1,1,0,0,0,1,1,47,0,24,8,2014,1,17,36,1,2,2,US-113,NULL,328,38.38725278,-75.20341111,0,24,0,0,1,1,0,4,1,1,0,1,0,0000000,99,99,99,99,88,88,0,0,0,1,1,4387
240215_2014,24,240215,1,1,0,1,1,1,1,5,0,19,8,2014,3,20,57,0,13,2,US-1,NULL,160,39.35966111,-76.52495833,0,8,0,0,1,1,0,1,3,1,0,1,0,0000000,99,99,99,99,99,99,0,0,0,1,0,4388
240216_2014,24,240216,1,1,0,0,0,3,3,31,0,30,8,2014,7,1,23,0,15,4,CR-5152,NULL,3,39.14147222,-77.08804167,0,33,0,0,1,1,0,4,3,1,0,1,0,0000000,99,99,99,99,99,99,0,0,0,1,1,4389
240217_2014,24,240217,1,1,0,1,1,1,1,41,0,21,8,2014,5,13,40,0,3,3,SR-33,"DEEP WATER POINT RD",122,38.79961667,-76.22819444,0,8,0,0,2,3,1,1,1,1,0,1,0,0000000,99,99,99,99,99,99,0,0,0,1,0,4390
240218_2014,24,240218,1,1,0,0,0,4,4,3,0,27,7,2014,1,8,26,1,11,1,I-97,NULL,71,39.07105278,-76.63766389,0,42,0,0,1,1,0,4,1,10,0,10,0,0000000,99,99,99,99,99,99,0,0,0,1,0,4391
240219_2014,24,240219,1,1,0,0,0,1,1,33,0,30,7,2014,4,11,29,1,11,1,I-95,NULL,73,38.81986667,-76.92705833,0,24,0,0,5,1,0,4,1,1,0,1,0,0000000,99,99,99,99,88,88,0,0,0,1,0,4392
240220_2014,24,240220,3,3,0,0,0,6,6,33,0,1,8,2014,6,8,35,1,11,1,I-95,NULL,185,38.95081944,-76.86120556,0,12,2,0,1,1,0,1,1,10,0,10,0,0000000,99,99,99,99,99,99,0,0,0,1,0,4393
240221_2014,24,240221,3,1,2,0,1,1,2,17,0,2,8,2014,7,17,1,0,3,3,SR-225,NULL,3,38.59963333,-77.12975833,0,33,0,0,1,1,0,4,1,1,0,1,0,0000000,99,99,99,99,88,88,14,0,0,1,1,4394
240222_2014,24,240222,2,2,0,0,0,3,3,15,0,14,8,2014,5,20,37,0,3,3,SR-273,CR-90,87,39.70016667,-75.93058611,0,12,1,0,2,3,0,1,1,1,0,1,0,0000000,99,99,99,99,88,88,0,0,0,1,0,4395
240223_2014,24,240223,1,1,0,0,0,2,2,3,0,23,8,2014,7,1,52,0,16,4,CR-3649,NULL,0,39.1255,-76.70559167,0,5,0,0,1,1,0,1,3,1,0,1,0,0000000,99,99,99,99,88,88,0,0,0,1,0,4396
240224_2014,24,240224,1,1,0,0,0,1,1,45,0,3,9,2014,4,1,14,0,6,4,CR-396,NULL,1,38.42799444,-75.54745833,0,1,0,0,1,1,0,4,2,10,0,10,0,0000000,99,99,99,99,88,88,0,0,0,1,1,4397
240225_2014,24,240225,4,4,0,0,0,6,6,21,0,27,8,2014,4,10,24,1,2,3,SR-140,NULL,31,39.70076667,-77.30465833,0,12,1,0,1,1,0,1,1,1,0,1,0,0000000,99,99,99,99,88,88,0,0,0,1,0,4398
240226_2014,24,240226,2,2,0,0,0,3,3,33,0,15,8,2014,6,20,37,0,14,4,CR-974,"NORTH RIDING RD",23,38.83773333,-76.80784167,0,12,6,0,2,3,0,1,3,1,0,1,0,0000000,99,99,99,99,99,99,0,0,0,2,0,4399
240227_2014,24,240227,1,1,0,0,0,1,1,5,0,19,9,2014,6,1,47,0,5,4,CR-10,NULL,15,39.64516389,-76.81232778,0,53,0,0,1,1,0,4,2,1,0,1,0,0000000,99,99,99,99,88,88,0,0,0,1,1,4400
240228_2014,24,240228,2,2,0,0,0,2,2,33,0,1,9,2014,2,3,5,1,11,1,I-95,NULL,165,38.91363333,-76.8508,0,12,1,0,1,1,0,1,3,1,0,1,0,0000000,99,99,99,99,88,88,0,0,0,1,1,4401
240229_2014,24,240229,2,2,0,0,0,2,2,25,0,12,9,2014,6,19,59,0,3,3,SR-152,NULL,52,39.46616667,-76.36995833,0,12,2,0,8,1,0,1,1,1,0,1,0,0000000,99,99,99,99,99,99,0,0,0,1,0,4402
240230_2014,24,240230,1,1,0,0,0,1,1,25,0,14,9,2014,1,1,26,0,4,3,SR-7,NULL,5,39.42961111,-76.37058611,0,30,0,0,1,1,0,4,3,1,0,1,0,0000000,99,99,99,99,0,0,0,0,0,1,1,4403
240231_2014,24,240231,1,1,0,0,0,1,1,21,0,14,9,2014,1,12,40,0,3,2,US-40AL,NULL,25,39.48383333,-77.61617222,0,1,0,0,1,1,0,4,1,1,0,1,0,0000000,99,99,99,99,99,99,0,0,0,1,0,4404
240232_2014,24,240232,2,2,0,0,0,3,3,510,50,14,6,2014,7,13,10,1,13,2,US-40,"KRESSON STREET",81,39.29783333,-76.5603,0,12,6,0,2,2,0,1,1,1,0,1,0,0000000,99,99,99,99,99,99,0,0,0,1,0,4405
240233_2014,24,240233,1,1,0,0,0,3,3,510,50,5,7,2014,7,4,0,0,13,6,"HILLEN RD",NULL,88888,39.34048056,-76.58756111,0,33,0,0,1,1,0,4,3,1,0,1,0,0000000,99,99,99,99,99,99,0,0,0,1,0,4406
240234_2014,24,240234,2,2,0,0,0,4,4,5,0,2,8,2014,7,1,35,1,2,3,SR-140,NULL,122,39.48586667,-76.86081389,0,12,6,0,8,1,0,1,3,2,0,2,0,0000000,99,99,99,99,99,99,0,0,0,1,1,4407
240235_2014,24,240235,1,1,0,0,0,1,1,27,0,27,8,2014,4,21,17,0,13,2,US-144,NULL,153,39.28603333,-76.88195556,0,42,0,0,1,1,0,4,2,1,0,1,0,0000000,99,99,99,99,88,88,0,0,0,1,0,4408
240236_2014,24,240236,2,2,0,0,0,3,3,33,0,13,8,2014,4,18,28,0,14,3,SR-450,MD-704,73,38.9567,-76.8236,0,33,0,0,3,2,0,4,1,1,0,1,0,0000000,99,99,99,99,99,99,0,0,0,1,0,4409
240237_2014,24,240237,2,2,0,0,0,2,2,37,0,30,8,2014,7,18,16,1,2,3,SR-5,"THOMPSONS CORNER RD",425,38.47025,-76.77294167,0,12,6,0,2,3,0,1,1,1,0,1,0,0000000,99,99,99,99,88,88,0,0,0,1,1,4410
240238_2014,24,240238,2,2,0,0,0,2,2,33,0,30,8,2014,7,11,43,1,13,3,SR-3,"SYLVAN DRIVE",15,38.97750278,-76.71478611,0,12,6,0,2,2,0,1,1,1,0,1,0,0000000,99,99,99,99,99,99,0,0,0,1,0,4411
240239_2014,24,240239,1,1,0,0,0,3,3,31,0,31,8,2014,1,4,24,0,4,3,SR-124,NULL,115,39.22026389,-77.17481389,0,17,0,0,1,1,0,4,2,1,0,1,0,0000000,99,99,99,99,99,99,0,0,0,2,1,4412
240240_2014,24,240240,1,1,0,0,0,1,1,9,0,6,9,2014,7,0,45,0,9,4,CR-1185,NULL,3,38.71705278,-76.61145833,0,53,0,0,1,1,0,4,2,1,0,1,0,0000000,99,99,99,99,99,99,0,0,0,1,1,4413
240241_2014,24,240241,1,1,0,0,0,1,1,3,0,6,9,2014,7,19,16,0,5,3,SR-261,NULL,36,38.72468889,-76.55801944,0,58,0,0,1,1,0,4,1,1,0,1,0,0000000,99,99,99,99,99,99,0,0,0,1,1,4414
240242_2014,24,240242,3,3,0,0,0,4,4,25,0,12,9,2014,6,18,40,0,3,3,SR-152,CR-1331,49,39.46273333,-76.36525833,0,12,1,0,3,3,0,1,1,1,0,1,0,0000000,99,99,99,99,99,99,0,0,0,1,0,4415
240243_2014,24,240243,2,1,1,0,0,1,1,33,0,14,9,2014,1,20,24,1,11,1,I-95,NULL,327,39.1002,-76.88984167,0,14,0,0,1,1,0,2,2,1,0,1,0,0000000,99,99,99,99,99,99,24,0,0,1,1,4416
240244_2014,24,240244,2,2,0,0,0,2,2,43,730,14,9,2014,1,23,37,0,14,6,"W.WILSON BLVD","VIRGINA AVE",0,39.62845556,-77.73562778,0,12,6,0,2,2,0,1,3,1,0,1,0,0000000,99,99,99,99,88,88,0,0,0,1,0,4417
240245_2014,24,240245,1,1,0,0,0,1,1,5,1023,6,9,2014,7,18,39,0,3,4,CR-443,NULL,47,39.48036111,-76.79580556,0,42,0,0,1,1,0,4,5,10,0,10,0,0000000,99,99,99,99,88,88,0,0,0,1,0,4418
240246_2014,24,240246,1,1,0,0,0,3,3,33,0,19,9,2014,6,2,56,1,12,3,"SR-5 RAMP",NULL,106,38.80408611,-76.90495278,0,33,0,0,5,1,0,4,3,1,0,1,0,0000000,99,99,99,99,99,99,0,0,0,1,1,4419
240247_2014,24,240247,1,1,0,1,1,1,1,35,0,19,9,2014,6,22,15,0,3,3,SR-213,NULL,181,39.17228333,-75.99084167,0,8,0,0,1,1,0,1,2,1,0,1,0,0000000,99,99,99,99,88,88,0,0,0,1,0,4420
240248_2014,24,240248,1,1,0,0,0,1,1,43,0,20,9,2014,7,4,7,0,13,3,SR-64,NULL,17,39.6425,-77.68305556,0,21,0,0,1,1,0,4,3,10,0,10,0,0000000,99,99,99,99,88,88,0,0,0,1,0,4421
240249_2014,24,240249,1,1,0,0,0,1,1,27,0,20,9,2014,7,13,33,0,16,4,CR-122,NULL,14,39.16103333,-76.80837222,0,24,0,0,1,1,0,4,1,1,0,1,0,0000000,99,99,99,99,88,88,0,0,0,1,0,4422
240250_2014,24,240250,2,2,0,0,0,3,3,31,0,11,7,2014,6,11,43,0,4,3,SR-237,"PEACH TREE RD",34,39.2154,-77.35621389,0,12,6,0,2,2,0,1,1,1,0,1,0,0000000,99,99,99,99,99,99,0,0,0,1,0,4423
240251_2014,24,240251,2,2,0,0,0,2,2,33,0,22,7,2014,3,17,38,1,12,3,SR-210,CR-118,68,38.71251667,-76.98967222,0,12,1,0,2,2,0,1,1,1,0,1,0,0000000,99,99,99,99,99,99,0,0,0,1,1,4424
240252_2014,24,240252,1,1,0,1,1,1,1,25,0,13,9,2014,7,19,54,0,14,3,SR-507,NULL,10,39.41643333,-76.3129,0,8,0,0,1,1,0,1,3,1,0,1,0,0000000,99,99,99,99,99,99,0,0,0,1,0,4425
240253_2014,24,240253,1,1,0,0,0,1,1,29,0,17,9,2014,4,23,7,0,6,4,CR-62,NULL,0,39.282725,-76.16091389,0,31,0,0,1,1,0,6,2,1,0,1,0,0000000,99,99,99,99,88,88,0,0,0,1,1,4426
240254_2014,24,240254,1,1,0,1,1,1,1,3,0,22,9,2014,2,14,1,0,14,3,SR-175,NULL,26,39.08235556,-76.69066944,0,8,0,0,1,1,0,1,1,1,0,1,0,0000000,99,99,99,99,99,99,0,0,0,1,0,4427
240255_2014,24,240255,4,4,0,0,0,7,7,45,0,7,9,2014,1,15,43,1,2,2,US-50,CR-111,110,38.41255833,-75.65557778,0,12,6,0,2,3,0,1,1,1,0,1,0,0000000,99,99,99,99,99,99,0,0,0,1,0,4428
240256_2014,24,240256,1,1,0,1,1,1,1,45,0,19,9,2014,6,16,18,0,15,6,"S. DIVISION ST","CIRCLE AVE",1,38.36443056,-75.60066944,0,8,0,0,3,2,0,1,1,1,0,1,0,0000000,99,99,99,99,99,99,0,0,0,1,0,4429
240257_2014,24,240257,1,1,0,0,0,1,1,3,0,27,9,2014,7,7,33,0,12,3,SR-100,NULL,111,39.12433333,-76.57582778,0,32,0,0,1,1,0,4,4,1,0,1,0,0000000,99,99,99,99,88,88,0,0,0,1,1,4430
240258_2014,24,240258,1,1,0,0,0,4,4,11,0,26,9,2014,6,21,26,0,3,3,SR-318,NULL,95,38.70089167,-75.72903333,0,43,0,0,1,1,0,5,2,1,0,1,0,0000000,99,99,99,99,99,99,0,0,0,1,0,4431
240259_2014,24,240259,1,1,0,1,1,1,1,21,0,28,9,2014,1,6,23,0,3,3,SR-194,NULL,64,39.53296944,-77.31127222,0,8,0,0,1,1,0,1,3,5,0,5,0,0000000,99,99,99,99,88,88,0,0,0,1,0,4432
240260_2014,24,240260,2,2,0,0,0,3,3,3,765,26,9,2014,6,15,26,0,16,2,US-713,NULL,76,39.13325556,-76.73516667,0,12,2,0,1,1,0,1,1,1,0,1,0,0000000,99,99,99,99,99,99,0,0,0,1,0,4433
240261_2014,24,240261,1,1,0,1,1,1,1,510,50,8,9,2014,2,15,37,0,13,3,SR-26,"GRANADA AVE",13,39.32878889,-76.68731389,0,8,0,0,2,2,0,1,1,1,0,1,0,0000000,99,99,99,99,99,99,0,0,0,1,0,4434
240262_2014,24,240262,2,2,0,0,0,5,5,33,0,18,9,2014,5,18,39,0,13,3,SR-223,CR-4344,51,38.75486667,-76.92147222,0,12,6,0,2,2,0,1,1,1,0,1,0,0000000,99,99,99,99,99,99,0,0,0,1,1,4435
240263_2014,24,240263,2,2,0,0,0,2,2,33,879,7,6,2014,7,22,19,0,13,3,SR-202,"KENMOOR DRIVE",106,38.92351944,-76.86869444,0,12,1,0,2,2,0,1,3,1,0,1,0,0000000,99,99,99,99,99,99,0,0,0,1,0,4436
240264_2014,24,240264,1,1,0,1,1,1,1,33,370,30,9,2014,3,20,36,0,13,3,SR-193,CR-3248,95,38.99103333,-76.8323,0,8,0,0,3,2,0,1,2,2,0,2,0,0000000,99,99,99,99,99,99,0,0,0,1,0,4437
240265_2014,24,240265,3,3,0,0,0,4,4,11,0,28,9,2014,1,14,28,1,2,3,SR-404,SR-328,64,38.8963,-75.83751389,0,12,6,0,2,2,0,1,1,1,0,1,0,0000000,99,99,99,99,99,99,0,0,0,1,0,4438
240266_2014,24,240266,2,2,0,0,0,2,2,3,0,28,9,2014,1,17,18,1,11,1,I-97,NULL,78,39.0813,-76.6267,0,12,7,0,1,1,0,1,1,1,0,1,0,0000000,99,99,99,99,99,99,0,0,0,1,0,4439
240267_2014,24,240267,2,2,0,0,0,2,2,31,0,29,9,2014,2,5,29,0,13,3,SR-108,NULL,116,39.16936667,-77.08961389,0,43,0,0,1,1,0,4,2,1,0,1,0,0000000,99,99,99,99,99,99,0,0,0,1,0,4440
240268_2014,24,240268,1,1,0,1,1,1,1,13,0,3,10,2014,6,5,52,0,3,3,SR-27,NULL,2,39.46806667,-77.07578611,0,8,0,0,1,1,0,1,2,1,0,1,0,0000000,99,99,99,99,88,88,0,0,0,1,0,4441
240269_2014,24,240269,1,1,0,0,0,1,1,13,0,5,10,2014,1,14,59,0,6,4,CR-199,NULL,19,39.6901,-76.8016,0,43,0,0,1,1,0,4,1,1,0,1,0,0000000,99,99,99,99,88,88,0,0,0,1,1,4442
240270_2014,24,240270,2,2,0,0,0,3,3,41,0,4,10,2014,7,16,42,0,13,3,SR-322,NULL,46,38.7921,-76.06875833,0,12,2,0,1,1,0,1,1,1,0,1,0,0000000,99,99,99,99,99,99,0,0,0,1,0,4443
240271_2014,24,240271,1,1,0,1,1,1,1,33,150,4,10,2014,7,20,48,0,14,3,SR-450,NULL,22,38.94263333,-76.9028,0,8,0,0,1,1,0,1,3,1,0,1,0,0000000,99,99,99,99,88,88,0,0,0,1,0,4444
240272_2014,24,240272,1,1,0,0,0,1,1,31,0,8,10,2014,4,6,20,1,11,1,I-370,NULL,16,39.13081389,-77.17116944,0,24,0,0,1,1,0,4,4,1,0,1,0,0000000,99,99,99,99,99,99,0,0,0,1,0,4445
240274_2014,24,240274,1,1,0,1,1,1,1,33,0,12,10,2014,1,22,42,0,14,3,SR-564,NULL,26,38.986,-76.82157222,0,8,0,0,1,1,0,1,2,1,0,1,0,0000000,99,99,99,99,99,99,0,0,0,1,0,4446
240275_2014,24,240275,2,2,0,0,0,7,7,5,0,22,9,2014,2,17,39,0,13,3,SR-542,CR-3385,4,39.37763611,-76.579675,0,12,1,0,3,2,0,1,1,1,0,1,0,0000000,99,99,99,99,99,99,0,0,0,1,0,4447
240276_2014,24,240276,1,1,0,0,0,2,2,33,885,4,7,2014,6,22,13,0,14,3,SR-564,NULL,29,38.98966111,-76.81524444,0,42,0,0,1,1,0,4,2,1,0,1,0,0000000,99,99,99,99,99,99,0,0,0,1,1,4448
240277_2014,24,240277,1,1,0,1,1,2,2,33,1620,31,7,2014,5,10,33,0,13,3,SR-725,SR-717,7,38.816275,-76.75184722,0,8,0,0,2,2,0,1,1,1,0,1,0,0000000,99,99,99,99,99,99,0,0,0,1,0,4449
240278_2014,24,240278,1,1,0,0,0,1,1,3,0,18,8,2014,2,2,27,0,15,3,SR-35,SR-9,3,39.188925,-76.6765,0,33,0,0,3,3,0,4,3,1,0,1,0,0000000,99,99,99,99,88,88,0,0,0,1,1,4450
240279_2014,24,240279,2,2,0,0,0,3,3,3,0,30,8,2014,7,23,15,0,15,3,SR-3,CR-510BU,44,39.17880278,-76.61670278,0,12,6,0,2,3,0,1,3,1,0,1,0,0000000,99,99,99,99,99,99,0,0,0,1,0,4451
240280_2014,24,240280,3,3,0,0,0,4,4,31,0,14,8,2014,5,17,53,1,12,2,US-29,CR-112,51,39.04693056,-76.98607778,0,12,1,0,3,3,0,1,1,1,0,1,0,0000000,99,99,99,99,99,99,0,0,0,1,0,4452
240281_2014,24,240281,1,1,0,0,0,1,1,5,0,27,8,2014,4,12,31,0,14,4,CR-4458,NULL,1,39.37583333,-76.51394167,0,1,0,0,1,1,0,1,1,1,0,1,0,0000000,99,99,99,99,88,88,0,0,0,1,0,4453
240282_2014,24,240282,2,2,0,0,0,3,3,5,0,6,10,2014,2,21,40,0,15,4,CR-429,NULL,4,39.48576944,-76.6562,0,12,6,0,1,1,0,1,3,1,0,1,0,0000000,99,99,99,99,88,88,0,0,0,2,0,4454
240283_2014,24,240283,1,1,0,0,0,1,1,5,0,5,10,2014,1,19,50,0,15,4,CR-3022,NULL,40,39.255,-76.6879,0,33,0,0,1,1,0,4,3,1,0,1,0,0000000,99,99,99,99,99,99,0,0,0,1,1,4455
240284_2014,24,240284,2,2,0,0,0,2,2,3,0,10,10,2014,6,0,57,0,14,3,SR-3,NULL,2,38.9921,-76.7033,0,12,1,0,1,1,0,1,3,1,0,1,0,0000000,99,99,99,99,88,88,0,0,0,1,0,4456
240285_2014,24,240285,1,1,0,1,1,1,1,3,0,16,10,2014,5,4,59,1,13,3,SR-2,NULL,280,39.06476944,-76.534,0,8,0,0,1,1,0,1,2,1,0,1,0,0000000,99,99,99,99,88,88,0,0,0,1,0,4457
240286_2014,24,240286,2,2,0,0,0,2,2,21,0,17,10,2014,6,4,31,1,2,2,US-15,NULL,34,39.3061,-77.5169,0,12,2,0,1,1,0,1,2,1,0,1,0,0000000,99,99,99,99,99,99,0,0,0,1,0,4458
240287_2014,24,240287,1,1,0,0,0,1,1,43,0,17,10,2014,6,14,23,1,11,1,I-81,NULL,68,39.6527,-77.75012222,0,24,0,0,1,1,0,4,1,1,0,1,0,0000000,99,99,99,99,88,88,0,0,0,1,0,4459
240288_2014,24,240288,2,2,0,0,0,2,2,13,0,8,10,2014,4,17,50,0,5,4,CR-555,NULL,15,39.48416944,-77.02606389,0,12,6,0,8,1,0,1,1,1,0,1,0,0000000,99,99,99,99,88,88,0,0,0,1,0,4460
240289_2014,24,240289,1,1,0,1,1,1,1,5,0,14,10,2014,3,23,8,0,13,2,US-40,NULL,29,39.28906667,-76.72711389,0,8,0,0,1,1,0,1,3,1,0,1,0,0000000,99,99,99,99,99,99,0,0,0,1,0,4461
240290_2014,24,240290,1,1,0,1,1,1,1,33,0,9,8,2014,7,18,9,0,13,3,SR-193,NULL,9,38.98425,-76.97963611,0,8,0,0,1,1,0,1,1,1,0,1,0,0000000,99,99,99,99,99,99,0,0,0,1,0,4462
240291_2014,24,240291,2,2,0,0,0,2,2,11,440,22,7,2014,3,16,13,1,2,3,SR-404,"DEEP SHORE RD",98,38.86671389,-75.82407778,0,12,1,0,2,2,0,1,1,1,0,1,0,0000000,99,99,99,99,99,99,0,0,0,1,0,4463
240292_2014,24,240292,1,1,0,2,2,1,1,33,1330,1,9,2014,2,16,19,0,16,4,CR-3048,NULL,1,38.959975,-76.91746111,0,8,0,0,1,1,0,1,1,1,0,1,0,0000000,99,99,99,99,99,99,0,0,0,1,0,4464
240294_2014,24,240294,3,3,0,0,0,3,3,37,0,11,9,2014,5,19,39,0,15,4,CR-222,NULL,8,38.30550833,-76.49010278,0,12,1,0,1,1,0,1,2,1,0,1,0,0000000,99,99,99,99,99,99,14,0,0,1,0,4465
240295_2014,24,240295,1,1,0,0,0,1,1,27,0,13,9,2014,7,15,27,0,14,3,SR-108,NULL,0,39.22800833,-76.82608611,0,35,0,0,1,1,0,4,1,2,0,2,0,0000000,99,99,99,99,99,99,0,0,0,1,0,4466
240296_2014,24,240296,1,1,0,0,0,2,2,3,0,4,9,2014,5,3,40,0,14,3,SR-270,NULL,0,39.15678889,-76.59985833,0,1,0,0,1,1,0,4,3,1,0,1,0,0000000,99,99,99,99,99,99,0,0,0,1,0,4467
240297_2014,24,240297,2,2,0,0,0,2,2,5,0,9,9,2014,3,13,0,0,13,3,SR-45,NULL,64,39.458225,-76.63377778,0,12,8,0,1,1,0,1,1,1,0,1,0,0000000,99,99,99,99,99,99,0,0,0,1,1,4468
240298_2014,24,240298,2,2,0,0,0,8,8,33,0,10,10,2014,6,21,42,0,14,4,CR-1203,CR-2481,29,38.81496667,-76.99606111,0,12,1,0,3,3,0,1,3,2,0,2,0,0000000,99,99,99,99,99,99,0,0,0,5,0,4469
240299_2014,24,240299,2,2,0,0,0,2,2,33,0,2,2,2014,1,0,1,1,12,3,SR-295,NULL,86,39.02065278,-76.85776389,1,12,98,0,1,1,0,1,2,1,0,1,0,0000000,99,99,99,99,99,99,0,0,0,1,0,4470
240300_2014,24,240300,1,1,0,1,1,1,1,33,0,17,5,2014,7,23,0,0,13,8,GV-119,NULL,8,38.85169167,-76.95874444,0,8,0,0,1,1,0,98,2,1,0,1,0,0000000,99,99,99,99,99,99,0,0,0,1,0,4471
240301_2014,24,240301,1,1,0,0,0,1,1,33,0,24,9,2014,4,7,24,1,12,3,SR-295,NULL,37,38.96735278,-76.90246111,1,99,98,0,98,98,0,98,4,1,0,1,0,0000000,99,99,99,99,99,99,0,0,0,1,0,4472
240302_2014,24,240302,1,1,0,1,1,3,3,47,0,22,3,2014,7,21,51,0,6,8,"BAYSIDE DRIVE",NULL,0,38.20606667,-75.15550833,0,15,0,0,1,1,0,1,2,1,0,1,0,0000000,99,99,99,99,99,99,0,0,0,1,1,4473
240303_2014,24,240303,1,1,0,0,0,1,1,33,0,14,9,2014,1,4,20,1,12,3,SR-295,NULL,7,38.92471667,-76.93003611,0,99,99,0,1,1,0,99,2,1,0,1,0,0000000,99,99,99,99,99,99,0,0,0,1,1,4474
240304_2014,24,240304,1,1,0,0,0,3,3,27,0,19,10,2014,1,4,36,0,15,4,CR-1910,NULL,32,39.16170833,-76.82477778,0,42,0,0,1,1,0,4,2,1,0,1,0,0000000,99,99,99,99,99,99,0,0,0,1,0,4475
240305_2014,24,240305,1,1,0,0,0,1,1,33,0,12,10,2014,1,3,11,0,15,3,SR-302,NULL,12,38.964075,-76.89095,0,30,0,0,1,1,0,4,3,1,0,1,0,0000000,99,99,99,99,88,88,0,0,0,1,1,4476
240306_2014,24,240306,1,1,0,0,0,1,1,33,175,19,8,2014,3,2,4,0,14,4,CR-225,NULL,21,38.70749444,-76.92247778,0,42,0,0,1,1,0,4,2,1,0,1,0,0000000,99,99,99,99,88,88,0,0,0,1,1,4477
240307_2014,24,240307,2,2,0,2,2,3,3,510,50,18,8,2014,2,9,30,0,15,6,"LEXINGTON STREET","N.CALHOUN ST",10,39.29075833,-76.63967778,0,12,6,0,2,2,0,1,1,1,0,1,0,0000000,99,99,99,99,99,99,0,0,0,1,0,4478
240308_2014,24,240308,2,2,0,1,1,2,2,510,50,19,9,2014,6,15,0,0,13,6,MU-500,"N CALVERT ST",15,39.32824167,-76.61488611,0,12,6,0,2,2,0,1,1,1,0,1,0,0000000,99,99,99,99,99,99,0,0,0,1,0,4479
240309_2014,24,240309,1,1,0,1,1,1,1,510,50,8,9,2014,2,2,3,0,13,6,"W. PATAPSCO RD","WASHINGTON BLVD",31,39.257675,-76.66357222,0,8,0,0,2,2,0,1,3,1,0,1,0,0000000,99,99,99,99,99,99,0,0,0,1,0,4480
240310_2014,24,240310,1,1,0,1,1,1,1,510,50,24,9,2014,4,4,52,1,13,3,SR-295,"HAINES ST",19,39.27301944,-76.62910833,0,8,0,0,3,2,0,1,3,1,0,1,0,0000000,99,99,99,99,99,99,0,0,0,1,0,4481
240311_2014,24,240311,1,1,0,0,0,3,3,33,0,6,10,2014,2,19,16,1,11,1,I-95,NULL,337,39.10984167,-76.88008611,0,42,0,0,1,1,1,4,3,1,0,1,0,0000000,99,99,99,99,99,99,0,0,0,1,0,4482
240312_2014,24,240312,2,2,0,0,0,3,3,11,0,9,10,2014,5,7,32,1,2,3,SR-404,SR-480,7,38.92030833,-75.93554444,0,12,1,0,3,2,0,1,1,1,0,1,0,0000000,99,99,99,99,99,99,0,0,0,1,0,4483
240313_2014,24,240313,1,1,0,0,0,2,2,5,0,3,10,2014,6,23,25,0,5,4,CR-3900,NULL,20,39.44074167,-76.43718611,0,33,0,0,1,1,0,4,3,1,0,1,0,0000000,99,99,99,99,99,99,0,0,0,2,0,4484
240314_2014,24,240314,6,6,0,0,0,6,6,33,0,16,10,2014,5,8,14,1,12,3,SR-5,CR-130,65,38.75087778,-76.87903056,0,12,7,0,3,2,0,1,1,10,0,10,0,0000000,99,99,99,99,99,99,0,0,0,1,1,4485
240315_2014,24,240315,1,1,0,0,0,1,1,43,0,19,10,2014,1,21,9,0,3,3,SR-34,NULL,47,39.46506667,-77.72581944,0,35,0,0,1,1,0,4,2,1,0,1,0,0000000,99,99,99,99,88,88,0,0,0,1,1,4486