st_case_year,STATE,ST_CASE,VE_TOTAL,VE_FORMS,PVH_INVL,PEDS,PERNOTMVIT,PERMVIT,PERSONS,COUNTY,CITY,DAY,MONTH,YEAR,DAY_WEEK,HOUR,MINUTE,NHS,ROAD_FNC,ROUTE,TWAY_ID,TWAY_ID2,MILEPT,LATITUDE,LONGITUD,SP_JUR,HARM_EV,MAN_COLL,RELJCT1,RELJCT2,TYP_INT,WRK_ZONE,REL_ROAD,LGT_COND,WEATHER1,WEATHER2,WEATHER,SCH_BUS,RAIL,NOT_HOUR,NOT_MIN,ARR_HOUR,ARR_MIN,HOSP_HR,HOSP_MN,CF1,CF2,CF3,FATALS,DRUNK_DR,idno
240316_2014,24,240316,1,1,0,1,1,1,1,5,0,11,10,2014,7,0,9,0,13,3,SR-26,NULL,48,39.37226111,-76.8063,0,8,0,0,1,1,0,1,2,1,0,1,0,0000000,99,99,99,99,99,99,0,0,0,1,0,4487
240317_2014,24,240317,2,2,0,1,1,2,2,5,0,13,10,2014,2,6,54,0,16,4,CR-5237,CR-5337,19,39.257375,-76.52368611,0,8,0,0,2,2,0,1,3,10,0,10,0,0000000,99,99,99,99,88,88,0,0,0,1,0,4488
240318_2014,24,240318,1,1,0,0,0,1,1,5,0,22,10,2014,4,9,21,0,14,3,SR-25,NULL,22,39.395875,-76.66285556,0,16,0,0,1,1,0,1,1,2,0,2,0,0000000,99,99,99,99,88,88,0,0,0,1,0,4489
240319_2014,24,240319,2,2,0,0,0,3,3,37,0,28,10,2014,3,1,36,0,3,3,SR-234,NULL,7,38.40354167,-76.83485556,0,12,6,0,1,1,0,1,2,10,0,10,0,0000000,99,99,99,99,99,99,0,0,0,1,0,4490
240320_2014,24,240320,2,1,1,1,2,1,2,3,30,28,10,2014,3,15,18,0,14,6,MU-960,NULL,1,38.97648889,-76.48935556,0,14,0,0,1,1,0,7,1,1,0,1,0,0000000,99,99,99,99,99,99,0,0,0,1,0,4491
240321_2014,24,240321,1,1,0,0,0,3,3,9,0,29,10,2014,4,6,13,1,2,3,SR-2AD,CR-2AD,256,38.63011944,-76.60484444,0,46,0,0,3,3,0,3,3,10,0,10,0,0000000,99,99,99,99,99,99,0,0,0,1,0,4492
240322_2014,24,240322,2,2,0,0,0,3,3,17,0,25,10,2014,7,12,55,0,4,4,CR-1120,CR-65,6,38.61899167,-76.86355556,0,12,6,0,2,3,0,1,1,1,0,1,0,0000000,99,99,99,99,99,99,0,0,0,1,0,4493
240323_2014,24,240323,2,2,0,0,0,3,3,9,0,18,10,2014,7,11,51,0,5,3,SR-508,NULL,10,38.5098,-76.62223611,0,12,2,0,8,1,0,1,1,1,0,1,0,0000000,99,99,99,99,99,99,0,0,0,1,0,4494
240324_2014,24,240324,1,1,0,1,1,1,1,5,0,29,10,2014,4,18,37,0,14,4,CR-3200,NULL,9,39.24340833,-76.66514444,0,8,0,0,1,1,0,1,3,1,0,1,0,0000000,99,99,99,99,99,99,0,0,0,1,0,4495
240325_2014,24,240325,2,2,0,0,0,2,2,21,0,29,10,2014,4,0,45,0,13,2,US-40,NULL,130,39.41611667,-77.43775278,0,25,0,0,1,1,0,4,3,1,0,1,0,0000000,99,99,99,99,99,99,0,0,0,1,1,4496
240326_2014,24,240326,1,1,0,1,1,1,1,33,0,28,10,2014,3,5,21,1,2,3,SR-210,NULL,29,38.6658,-77.01678889,0,8,0,0,20,1,0,1,3,1,0,1,0,0000000,99,99,99,99,88,88,0,0,0,1,0,4497
240327_2014,24,240327,1,1,0,1,1,1,1,31,0,4,11,2014,3,4,57,0,13,3,SR-650,CR-1659,75,39.075875,-77.00199167,0,8,0,0,2,2,0,1,3,1,0,1,0,0000000,99,99,99,99,99,99,0,0,0,1,0,4498
240328_2014,24,240328,1,1,0,1,1,1,1,33,0,13,12,2014,7,6,57,0,13,2,US-1,NULL,1028,39.06235833,-76.88505278,0,8,0,0,1,1,0,1,2,1,0,1,0,0000000,99,99,99,99,99,99,0,0,0,1,0,4499
240329_2014,24,240329,1,1,0,0,0,1,1,31,0,28,12,2014,1,15,45,0,15,8,"BETHESDA RD",NULL,0,38.98074167,-77.0964,0,26,0,1,8,1,0,6,1,1,0,1,0,0000000,99,99,99,99,99,99,0,0,0,1,0,4500
240330_2014,24,240330,2,2,0,0,0,2,2,27,0,8,11,2014,7,16,33,0,4,4,CR-49,CR-633,43,39.26804167,-76.97282222,0,12,6,0,2,3,0,1,1,1,0,1,0,0000000,99,99,99,99,99,99,0,0,0,1,0,4501
240331_2014,24,240331,3,3,0,0,0,3,3,33,0,4,11,2014,3,18,50,0,14,3,SR-564,NULL,37,38.99111389,-76.81245,0,12,2,0,1,1,0,1,2,1,0,1,0,0000000,99,99,99,99,99,99,0,0,0,1,0,4502
240332_2014,24,240332,2,1,1,0,0,1,1,5,0,10,10,2014,6,16,34,1,13,2,US-1,NULL,0,39.39058889,-76.48898611,0,14,0,0,1,1,0,5,1,1,0,1,0,0000000,99,99,99,99,99,99,24,0,0,1,0,4503
240333_2014,24,240333,1,1,0,1,1,1,1,27,0,1,11,2014,7,6,55,1,11,1,I-95,NULL,40,39.144175,-76.84503611,0,8,0,0,1,1,0,1,3,1,0,1,0,0000000,99,99,99,99,99,99,0,0,0,1,0,4504
240334_2014,24,240334,2,1,1,0,5,1,6,31,0,1,11,2014,7,2,2,1,11,1,I-495,NULL,11,38.98089722,-77.17359167,0,14,0,0,1,1,0,4,3,1,0,1,0,0000000,99,99,99,99,99,99,0,0,0,1,1,4505
240335_2014,24,240335,2,2,0,0,0,2,2,47,0,6,11,2014,5,8,7,1,2,2,US-50,"SR-346 SPUR",57,38.34994444,-75.23579167,0,12,6,0,2,2,0,1,1,2,0,2,0,0000000,99,99,99,99,99,99,0,0,0,1,0,4506
240336_2014,24,240336,2,2,0,0,0,3,3,37,0,2,11,2014,1,8,8,0,3,3,SR-5,SR-6,427,38.47319722,-76.77500556,0,12,6,0,2,3,0,1,1,1,0,1,0,0000000,99,99,99,99,99,99,0,0,0,1,1,4507
240337_2014,24,240337,1,1,0,1,1,1,1,5,0,7,11,2014,6,23,50,1,11,1,I-695,NULL,42,39.29603056,-76.50352222,0,8,0,1,5,1,0,1,3,1,0,1,0,0000000,99,99,99,99,99,99,0,0,0,1,0,4508
240338_2014,24,240338,2,2,0,0,0,2,2,3,0,8,11,2014,7,1,22,1,12,3,SR-295,NULL,137,39.21691944,-76.66545,0,12,1,0,1,1,0,1,2,1,0,1,0,0000000,99,99,99,99,99,99,19,0,0,1,0,4509
240339_2014,24,240339,1,1,0,1,1,1,1,5,0,7,11,2014,6,17,40,0,14,4,CR-2501,CR-2841,16,39.32151111,-76.73405,0,8,0,0,3,3,0,1,3,1,0,1,0,0000000,99,99,99,99,88,88,0,0,0,1,0,4510
240340_2014,24,240340,2,2,0,0,0,3,3,3,0,9,11,2014,1,16,25,0,4,3,SR-2AD,NULL,75,38.82355,-76.6119,0,12,2,0,8,1,0,1,5,1,0,1,0,0000000,99,99,99,99,99,99,0,0,0,1,0,4511
240341_2014,24,240341,2,1,1,1,1,1,1,43,0,13,11,2014,5,6,9,1,11,1,I-70,NULL,325,39.598675,-77.66249167,0,14,0,0,1,1,0,4,1,1,0,1,0,0000000,99,99,99,99,99,99,23,0,0,1,0,4512
240342_2014,24,240342,1,1,0,1,1,1,1,37,0,15,11,2014,7,17,24,0,3,3,SR-5,CR-84,280,38.30427778,-76.65653611,0,8,0,0,3,2,0,1,5,1,0,1,0,0000000,99,99,99,99,99,99,0,0,0,1,0,4513
240343_2014,24,240343,1,1,0,1,1,1,1,31,0,8,11,2014,7,18,43,1,13,3,SR-355,"HALPINE RD",73,39.06187222,-77.12399167,0,8,0,0,2,2,0,1,3,1,0,1,0,0000000,99,99,99,99,99,99,0,0,0,1,0,4514
240344_2014,24,240344,2,2,0,0,0,2,2,15,0,11,11,2014,3,11,11,0,5,4,CR-291,NULL,28,39.49464167,-75.88393611,0,1,0,0,1,1,0,1,1,1,0,1,0,0000000,99,99,99,99,88,88,0,0,0,1,0,4515
240345_2014,24,240345,2,2,0,0,0,2,2,15,1200,17,11,2014,2,7,20,1,11,1,I-95,NULL,24,39.59571111,-76.06214444,0,12,6,0,5,1,0,1,1,2,0,2,0,0000000,99,99,99,99,99,99,0,0,0,1,0,4516
240346_2014,24,240346,1,1,0,0,0,2,2,3,0,2,12,2014,3,2,29,0,14,4,CR-1546,NULL,31,39.17117222,-76.55479167,0,53,0,0,1,1,0,4,3,2,0,2,0,0000000,99,99,99,99,88,88,0,0,0,1,1,4517
240347_2014,24,240347,2,2,0,0,0,3,3,21,0,18,11,2014,3,18,52,0,3,3,SR-31,NULL,6,39.49158889,-77.20760556,0,12,6,0,1,1,0,1,2,1,0,1,0,0000000,99,99,99,99,99,99,0,0,0,1,0,4518
240348_2014,24,240348,2,1,1,0,0,1,1,31,0,15,11,2014,7,21,11,0,14,4,CR-142,NULL,10,39.07900833,-77.09007778,0,33,0,0,1,1,0,4,3,1,0,1,0,0000000,99,99,99,99,99,99,0,0,0,1,0,4519
240349_2014,24,240349,1,1,0,0,0,1,1,5,0,1,12,2014,2,22,8,0,13,3,SR-41,NULL,1,39.37288611,-76.56886111,0,33,0,0,1,1,0,3,3,10,0,10,0,0000000,99,99,99,99,99,99,0,0,0,1,0,4520
240350_2014,24,240350,1,1,0,0,0,4,4,33,0,23,11,2014,1,1,46,1,13,2,"US-301 RAMP",NULL,201,38.90043611,-76.72060556,0,35,0,0,5,1,0,4,2,10,0,10,0,0000000,99,99,99,99,99,99,0,0,0,1,1,4521
240351_2014,24,240351,1,1,0,1,1,1,1,31,0,24,11,2014,2,9,44,0,14,3,SR-28,"POTOMAC VALLEY SHOPPING CTR",157,39.11720833,-77.25105,0,9,0,0,2,2,0,1,1,10,0,10,0,0000000,99,99,99,99,88,88,0,0,0,1,0,4522
240352_2014,24,240352,3,3,0,0,0,3,3,3,0,3,12,2014,4,15,59,0,14,3,SR-174,NULL,54,39.14950833,-76.63747778,0,12,2,0,1,1,0,1,1,2,0,2,0,0000000,99,99,99,99,99,99,0,0,0,1,0,4523
240353_2014,24,240353,1,1,0,1,1,1,1,33,0,23,11,2014,1,1,53,0,13,3,SR-704,NULL,58,38.951775,-76.83601111,0,9,0,0,1,1,0,1,3,1,0,1,0,0000000,99,99,99,99,99,99,0,0,0,1,0,4524
240354_2014,24,240354,2,2,0,0,0,2,2,45,0,25,11,2014,3,15,22,0,4,3,SR-353,SR-54,46,38.45194722,-75.39379722,0,12,6,0,3,2,0,1,1,1,0,1,0,0000000,99,99,99,99,99,99,0,0,0,1,0,4525
240355_2014,24,240355,1,1,0,1,1,1,1,3,0,11,12,2014,5,17,36,0,16,3,SR-648E,NULL,7,39.14399722,-76.59039722,0,8,0,0,1,1,0,1,2,10,0,10,0,0000000,99,99,99,99,88,88,0,0,0,1,0,4526
240356_2014,24,240356,1,1,0,0,0,2,2,5,0,22,11,2014,7,4,43,9,13,3,SR-140,CR-6865,1,39.36486111,-76.71386944,0,33,0,0,3,2,0,4,3,1,0,1,0,0000000,99,99,99,99,99,99,0,0,0,1,1,4527
240357_2014,24,240357,1,1,0,0,0,4,4,47,0,27,11,2014,5,3,0,1,2,2,US-113,NULL,61,38.10344444,-75.48319722,0,1,0,0,1,1,0,3,2,1,0,1,0,0000000,99,99,99,99,99,99,0,0,0,1,1,4528
240358_2014,24,240358,2,2,0,0,0,3,3,15,0,27,11,2014,5,9,33,0,3,3,SR-275,NULL,6,39.60806944,-76.06849167,0,12,6,0,1,1,0,1,1,1,0,1,0,0000000,99,99,99,99,99,99,0,0,0,1,0,4529
240359_2014,24,240359,1,1,0,0,0,5,5,3,0,29,11,2014,7,1,39,1,11,1,I-97,NULL,96,39.10249722,-76.62879722,0,1,0,0,1,1,0,1,2,10,0,10,0,0000000,99,99,99,99,99,99,0,0,0,1,0,4530
240360_2014,24,240360,2,2,0,0,0,3,3,9,0,4,12,2014,5,17,34,1,2,3,SR-2,NULL,273,38.65754167,-76.60631111,0,12,6,0,7,1,0,1,3,1,0,1,0,0000000,99,99,99,99,99,99,0,0,0,1,0,4531
240361_2014,24,240361,1,1,0,1,1,1,1,11,0,30,11,2014,1,19,52,1,2,3,SR-404,"HILLSBORO RD",19,38.918225,-75.91409722,0,9,0,0,2,3,0,1,3,98,0,98,0,0000000,99,99,99,99,88,88,0,0,0,1,0,4532
240362_2014,24,240362,1,1,0,0,0,2,2,31,0,30,11,2014,1,4,15,0,15,4,CR-5152,NULL,9,39.142075,-77.07424167,0,33,0,0,1,1,0,4,3,1,0,1,0,0000000,99,99,99,99,99,99,0,0,0,1,1,4533
240363_2014,24,240363,2,1,1,0,0,1,1,13,0,10,12,2014,4,12,56,0,4,3,SR-32,NULL,122,39.50544167,-76.97429722,0,14,0,0,1,1,0,1,1,1,0,1,0,0000000,99,99,99,99,88,88,0,0,0,1,0,4534
240364_2014,24,240364,1,1,0,0,0,3,3,5,0,8,12,2014,2,15,55,0,16,4,CR-5401,NULL,3,39.26598333,-76.49923889,0,33,0,0,1,1,0,4,1,1,0,1,0,0000000,99,99,99,99,99,99,0,0,0,2,0,4535
240365_2014,24,240365,1,1,0,0,0,8,8,31,0,23,11,2014,1,3,20,0,13,3,SR-410,NULL,31,38.994975,-77.04319167,0,42,0,0,1,1,0,4,3,1,0,1,0,0000000,99,99,99,99,99,99,0,0,0,3,1,4536
240366_2014,24,240366,1,1,0,2,2,1,1,33,0,19,11,2014,4,21,40,9,13,2,US-1,NULL,121,39.08315,-76.86300833,0,8,0,0,1,1,0,1,6,1,0,1,0,0000000,99,99,99,99,99,99,0,0,0,1,0,4537
240367_2014,24,240367,1,1,0,0,0,1,1,13,0,10,12,2014,4,17,53,0,6,3,SR-852,NULL,12,39.59056944,-76.95702778,0,53,0,0,1,1,0,4,2,1,0,1,0,0000000,99,99,99,99,99,99,0,0,0,1,0,4538
240368_2014,24,240368,3,3,0,0,0,5,5,31,0,29,11,2014,7,11,34,0,14,4,CR-166,"I-270 RAMP",10,39.0219,-77.14449167,0,12,6,0,2,2,0,1,1,1,0,1,0,0000000,99,99,99,99,99,99,0,0,0,1,0,4539
240369_2014,24,240369,3,3,0,0,0,3,3,33,0,6,11,2014,5,6,38,0,4,3,SR-381,NULL,13,38.572,-76.72378056,0,12,2,0,1,1,0,1,2,2,0,2,0,0000000,99,99,99,99,99,99,14,0,0,1,0,4540
240370_2014,24,240370,2,2,0,0,0,2,2,25,0,12,12,2014,6,16,58,0,3,3,SR-23,NULL,123,39.62220833,-76.54885,0,12,6,0,1,1,0,1,2,1,0,1,0,0000000,99,99,99,99,99,99,0,0,0,1,0,4541
240371_2014,24,240371,1,1,0,0,0,1,1,5,0,30,11,2014,1,3,36,0,16,4,CR-2513,NULL,1,39.29613611,-76.73089167,0,42,0,0,1,1,0,4,2,1,0,1,0,0000000,99,99,99,99,99,99,0,0,0,1,0,4542
240372_2014,24,240372,3,3,0,0,0,3,3,21,0,25,11,2014,3,12,44,1,11,1,I-70,NULL,0,39.50590833,-77.58170556,0,12,1,0,1,1,0,1,1,1,0,1,0,0000000,99,99,99,99,99,99,0,0,0,1,0,4543
240373_2014,24,240373,3,3,0,0,0,3,3,5,0,17,11,2014,2,6,20,0,13,2,US-1,NULL,245,39.45480833,-76.41535,0,33,0,0,1,1,0,1,1,2,0,2,0,0000000,99,99,99,99,99,99,0,0,0,1,0,4544
240374_2014,24,240374,1,1,0,1,1,1,1,33,0,6,12,2014,7,0,18,0,13,3,SR-458,"SUITLAND PKWY RAMP",7,38.84353056,-76.93010556,0,8,0,0,3,2,0,1,3,10,0,10,0,0000000,99,99,99,99,99,99,0,0,0,1,0,4545
240375_2014,24,240375,2,2,0,0,0,2,2,33,0,13,12,2014,7,13,11,1,13,2,US-301,NULL,160,38.842575,-76.72680556,0,12,1,0,1,1,0,2,1,1,0,1,0,0000000,99,99,99,99,99,99,24,0,0,1,0,4546
240376_2014,24,240376,2,2,0,0,0,3,3,5,0,2,12,2014,3,8,21,0,13,3,SR-45,CR-810,51,39.44058611,-76.62613611,0,12,1,0,3,2,0,1,1,2,4,4,0,0000000,99,99,99,99,99,99,0,0,0,1,0,4547
240377_2014,24,240377,2,2,0,0,0,2,2,5,0,9,12,2014,3,11,6,0,13,3,SR-150,CR-6105,56,39.329175,-76.44069167,0,12,6,0,2,2,0,1,1,2,0,2,0,0000000,99,99,99,99,99,99,0,0,0,1,0,4548
240378_2014,24,240378,2,2,0,0,0,2,2,3,0,15,12,2014,2,20,42,0,3,3,SR-214,NULL,38,38.92694167,-76.60549167,0,12,2,0,1,1,0,1,3,1,0,1,0,0000000,99,99,99,99,99,99,0,0,0,2,2,4549
240379_2014,24,240379,1,1,0,0,0,1,1,11,0,20,12,2014,7,2,47,0,6,4,CR-86,NULL,19,38.91541667,-75.86173611,0,34,0,0,1,1,0,4,2,1,0,1,0,0000000,99,99,99,99,88,88,0,0,0,1,1,4550
240380_2014,24,240380,1,1,0,0,0,1,1,23,0,20,12,2014,7,18,44,1,11,1,I-68,NULL,21,39.65416944,-79.43732778,0,24,0,0,1,1,0,4,3,1,0,1,0,0000000,99,99,99,99,99,99,0,0,0,1,0,4551
240381_2014,24,240381,5,5,0,0,0,11,11,23,0,20,12,2014,7,19,26,1,11,1,I-68,NULL,6,39.66027222,-79.461925,0,12,1,0,1,1,0,1,2,10,0,10,0,0000000,99,99,99,99,99,99,0,0,0,1,0,4552
240382_2014,24,240382,2,2,0,0,0,2,2,43,0,22,12,2014,2,16,24,0,4,3,SR-66,NULL,51,39.58226944,-77.64261667,0,12,6,0,1,1,0,1,5,2,0,2,0,0000000,99,99,99,99,99,99,0,0,0,1,0,4553
240383_2014,24,240383,2,2,0,0,0,2,2,5,0,10,12,2014,4,12,44,0,13,3,SR-150,SR-587,60,39.33530278,-76.42853056,0,12,6,0,2,3,0,1,1,1,0,1,0,0000000,99,99,99,99,99,99,0,0,0,1,0,4554
240385_2014,24,240385,2,2,0,0,0,4,4,25,0,26,12,2014,6,23,19,0,13,2,US-40,NULL,147,39.524275,-76.13915,0,12,1,0,1,1,0,1,3,1,0,1,0,0000000,99,99,99,99,99,99,0,0,0,1,0,4555
240386_2014,24,240386,2,2,0,0,0,7,7,11,0,30,12,2014,3,8,39,0,4,3,SR-578,NULL,14,38.76245278,-75.92113333,0,12,8,0,1,1,0,1,1,1,0,1,0,0000000,99,99,99,99,99,99,0,0,0,1,0,4556
240387_2014,24,240387,1,1,0,1,1,1,1,43,0,15,12,2014,2,17,53,0,3,2,US-40,NULL,379,39.62329722,-77.69683611,0,8,0,0,1,1,0,1,2,1,0,1,0,0000000,99,99,99,99,99,99,0,0,0,1,0,4557
240388_2014,24,240388,1,1,0,0,0,1,1,19,0,23,12,2014,3,22,18,0,5,3,SR-16,NULL,89,38.49736944,-76.16275556,0,43,0,0,1,1,0,4,2,5,0,5,0,0000000,99,99,99,99,88,88,0,0,0,1,1,4558
240389_2014,24,240389,2,2,0,0,0,2,2,31,0,10,12,2014,4,10,23,0,13,3,SR-97,NULL,55,39.06873889,-77.06138611,0,12,1,0,1,1,0,1,1,1,0,1,0,0000000,99,99,99,99,99,99,0,0,0,1,0,4559
240390_2014,24,240390,2,2,0,0,0,2,2,31,0,25,12,2014,5,21,36,0,13,4,CR-1659,NULL,59,39.06979167,-77.01366944,0,33,0,0,1,1,0,1,3,1,0,1,0,0000000,99,99,99,99,99,99,0,0,0,1,0,4560
240391_2014,24,240391,1,1,0,1,1,1,1,37,0,28,11,2014,6,16,41,0,6,4,CR-2,NULL,0,38.50141667,-76.774275,0,8,0,0,1,1,0,1,1,1,0,1,0,0000000,99,99,99,99,99,99,0,0,0,1,0,4561
240392_2014,24,240392,1,1,0,1,1,1,1,510,50,12,8,2014,3,4,56,0,13,6,MU-20130,NULL,88888,39.28748333,-76.54580278,0,8,0,0,1,1,0,1,3,1,0,1,0,0000000,99,99,99,99,99,99,0,0,0,1,0,4562
240393_2014,24,240393,1,1,0,1,1,1,1,510,50,30,7,2014,4,20,20,0,13,6,"REISTERSTOWN RD","SPRINGHILL AVE",99998,39.33138056,-76.66210833,0,8,0,0,2,2,0,1,5,1,0,1,0,0000000,99,99,99,99,99,99,0,0,0,1,0,4563
240394_2014,24,240394,1,1,0,1,1,2,2,510,50,8,10,2014,4,7,42,9,14,6,"W PATAPSCO AVE",NULL,0,39.24105278,-76.62454167,0,8,0,0,1,1,0,1,1,1,0,1,0,0000000,99,99,99,99,99,99,0,0,0,1,0,4564
240395_2014,24,240395,1,1,0,1,1,1,1,510,50,25,7,2014,6,11,10,0,15,6,"S. BROADWAY",NULL,99998,39.2901,-76.59361944,0,8,0,0,1,1,0,1,1,1,0,1,0,0000000,99,99,99,99,99,99,0,0,0,1,0,4565
240396_2014,24,240396,1,1,0,0,0,1,1,35,0,22,10,2014,4,19,29,0,6,4,CR-200,NULL,30,38.935425,-76.29881944,0,34,0,0,1,1,0,4,2,2,0,2,0,0000000,99,99,99,99,88,88,0,0,0,1,1,4566
240397_2014,24,240397,1,1,0,0,0,4,4,21,0,25,10,2014,7,23,51,0,6,4,CR-136,NULL,19,39.50054167,-77.52879167,0,42,0,0,1,1,0,4,2,1,0,1,0,0000000,99,99,99,99,99,99,0,0,0,1,1,4567
240398_2014,24,240398,2,2,0,0,0,3,3,510,50,30,10,2014,5,19,24,0,13,6,"W. NORTHERN PARKWAY","BLAND AVE",22,39.35531667,-76.67860556,0,12,6,0,2,2,0,1,3,1,0,1,0,0000000,99,99,99,99,99,99,0,0,0,1,0,4568
240399_2014,24,240399,2,2,0,0,0,4,4,37,0,28,11,2014,6,12,35,0,6,3,SR-5,"BIRCH MANOR DRIVE",373,38.41370833,-76.71776944,0,12,1,0,2,3,0,1,1,1,0,1,0,0000000,99,99,99,99,99,99,0,0,0,1,0,4569
240400_2014,24,240400,1,1,0,0,0,6,6,27,0,12,12,2014,6,23,57,0,6,4,CR-10,NULL,0,39.33094167,-77.13336111,0,34,0,0,1,1,0,4,2,1,0,1,0,0000000,99,99,99,99,99,99,0,0,0,1,1,4570
240401_2014,24,240401,2,2,0,0,0,2,2,510,50,2,11,2014,1,6,35,0,14,6,"MONROE STREET","W. FAYETTE STREET",0,39.28956944,-76.64693611,0,12,1,0,3,2,0,1,1,1,0,1,0,0000000,99,99,99,99,99,99,0,0,0,1,0,4571
240402_2014,24,240402,4,2,2,0,1,3,4,510,50,17,10,2014,6,11,28,0,13,6,"HARFORD AVE","E. LAFAYETTE ST",4,39.31059167,-76.59976944,0,1,0,0,2,2,0,1,1,1,0,1,0,0000000,99,99,99,99,99,99,14,0,0,1,0,4572
240403_2014,24,240403,2,2,0,0,0,2,2,33,0,15,12,2014,2,17,52,9,13,3,SR-197,NULL,101,39.04710556,-76.80564722,0,12,2,0,1,1,0,1,3,1,0,1,0,0000000,99,99,99,99,99,99,0,0,0,1,0,4573
240404_2014,24,240404,2,2,0,0,0,6,6,33,0,25,12,2014,5,18,33,1,2,2,US-301,SR-3,235,38.94851944,-76.71771667,0,12,6,0,2,2,0,1,3,1,0,1,0,0000000,99,99,99,99,99,99,0,0,0,1,0,4574
240405_2014,24,240405,1,1,0,0,0,9,9,47,0,27,12,2014,7,7,10,1,2,2,US-113,NULL,176,38.22634722,-75.34151944,0,35,0,0,1,1,0,4,4,5,0,5,0,0000000,99,99,99,99,99,99,0,0,0,1,0,4575
240406_2014,24,240406,2,2,0,0,0,3,3,33,0,18,12,2014,5,21,47,0,14,4,CR-75,"61ST STREET",28,38.90561389,-76.91196944,0,12,1,0,2,3,0,1,3,1,0,1,0,0000000,99,99,99,99,99,99,0,0,0,1,1,4576
240407_2014,24,240407,1,1,0,0,0,1,1,510,50,8,12,2014,2,15,33,1,13,6,"RUSSELL STREET RAMP",NULL,0,39.26931944,-76.63438333,0,33,0,0,5,1,0,4,1,1,0,1,0,0000000,99,99,99,99,88,88,0,0,0,1,1,4577
240408_2014,24,240408,2,2,0,0,0,2,2,33,0,30,12,2014,3,6,20,0,6,4,CR-2062,"HORSEHEAD RD",0,38.64996667,-76.77086944,0,12,6,0,2,3,0,1,4,1,0,1,0,0000000,99,99,99,99,99,99,0,0,0,1,0,4578
240409_2014,24,240409,14,4,10,0,0,6,6,33,120,14,12,2014,1,17,50,0,13,3,SR-193,"BELTWAY PLAZA ENTRANCE",54,38.99720833,-76.90703333,0,12,1,0,3,2,0,1,3,1,0,1,0,0000000,99,99,99,99,99,99,14,0,0,1,1,4579
240410_2014,24,240410,5,5,0,0,0,14,14,510,50,23,2,2014,1,11,34,0,14,6,"FULTON AVE","PRESSTMAN STREET",0,39.305275,-76.64613611,0,12,6,0,2,2,0,1,1,1,0,1,0,0000000,99,99,99,99,99,99,0,0,0,1,1,4580
240411_2014,24,240411,2,2,0,0,0,4,4,510,50,27,5,2014,3,20,57,0,14,6,"PRESTON STREET","HARFORD RD",0,39.30507778,-76.60176944,2,12,6,0,2,7,0,1,3,2,0,2,0,0000000,99,99,99,99,99,99,0,0,0,1,0,4581
240412_2014,24,240412,1,1,0,0,0,4,4,510,50,21,9,2014,1,15,5,0,13,6,"ERDMAN AVE",NULL,0,39.30048889,-76.55001111,0,43,0,0,1,1,0,8,1,1,0,1,0,0000000,99,99,99,99,99,99,0,0,0,2,0,4582
240413_2014,24,240413,1,1,0,1,1,1,1,510,50,17,11,2014,2,6,30,0,14,6,"E. 25TH STREET","GREEMOUNT AVE",0,39.31815556,-76.60925556,0,8,0,0,3,2,0,1,4,1,0,1,0,0000000,99,99,99,99,99,99,0,0,0,1,0,4583
240414_2014,24,240414,1,1,0,0,0,1,1,510,50,9,12,2014,3,13,3,1,12,3,SR-295,NULL,5,39.25484167,-76.6365,0,33,0,0,1,1,0,4,1,2,0,2,0,0000000,99,99,99,99,88,88,0,0,0,1,0,4584
240415_2014,24,240415,1,1,0,1,1,2,2,510,50,16,12,2014,3,14,10,0,15,6,"ROGERS AVE","PARK HEIGHTS AVE",6,39.35175556,-76.68330833,0,8,0,0,2,2,0,1,1,2,0,2,0,0000000,99,99,99,99,99,99,0,0,0,1,0,4585
240416_2014,24,240416,1,1,0,1,1,1,1,510,50,27,12,2014,7,14,36,0,14,6,"ROLAND AVE",NULL,29,39.36745556,-76.63409444,0,9,0,0,1,1,0,1,1,1,0,1,0,0000000,99,99,99,99,99,99,0,0,0,1,1,4586
240417_2014,24,240417,3,2,1,1,1,2,2,33,0,24,12,2014,4,19,5,0,15,4,CR-65,NULL,22,38.94184167,-76.86731111,0,12,11,0,1,1,0,1,1,2,0,2,0,0000000,99,99,99,99,99,99,0,0,0,1,1,4587
240418_2014,24,240418,2,2,0,0,0,3,3,33,0,4,11,2014,3,13,37,0,13,3,SR-223,CR-391,72,38.76668889,-76.88868889,0,12,2,0,2,3,0,1,1,1,0,1,0,0000000,99,99,99,99,99,99,0,0,0,1,0,4588
240419_2014,24,240419,1,1,0,1,1,3,3,510,50,7,11,2014,6,21,50,0,14,6,"MT. ROYAL AVE","ST. PAUL STREET",0,39.30541944,-76.61463333,0,8,0,0,3,2,0,1,3,1,0,1,0,0000000,99,99,99,99,99,99,0,0,0,1,0,4589
240420_2014,24,240420,3,3,0,0,0,4,4,510,50,24,12,2014,4,19,25,0,13,6,"COLDSPRING LANE",NULL,19,39.342275,-76.65407778,0,12,6,0,1,1,0,1,3,2,0,2,0,0000000,99,99,99,99,99,99,0,0,0,1,0,4590